/* Generated by PowerUI/fuentes/generar_assets_lvgl.py - do not edit by hand. */
#ifdef LV_LVGL_H_INCLUDE_SIMPLE
#include "lvgl.h"
#else
#include "lvgl/lvgl.h"
#endif

#ifndef LV_ATTRIBUTE_MEM_ALIGN
#define LV_ATTRIBUTE_MEM_ALIGN
#endif

#ifndef LV_ATTRIBUTE_IMG_UI_CFS_IMG
#define LV_ATTRIBUTE_IMG_UI_CFS_IMG
#endif

#if LV_COLOR_DEPTH != 32
#error "PowerUI image assets are generated for LV_COLOR_DEPTH 32"
#endif

const LV_ATTRIBUTE_MEM_ALIGN LV_ATTRIBUTE_LARGE_CONST LV_ATTRIBUTE_IMG_UI_CFS_IMG uint8_t ui_cfs_img_map[] = {
  0x00, 0x00, 0x00, 0x00, 0x00, 0x00, 0x00, 0x00, 0x00, 0x00, 0x00, 0x00, 0x00, 0x00, 0x00, 0x00, 0x00, 0x00, 0x00, 0x00, 0x00, 0x00, 0x00, 0x00,
  0x00, 0x00, 0x00, 0x00, 0x00, 0x00, 0x00, 0x00, 0x00, 0x00, 0x00, 0x00, 0x00, 0x00, 0x00, 0x00, 0x00, 0x00, 0x00, 0x00, 0x00, 0x00, 0x00, 0x00,
  0x00, 0x00, 0x00, 0x00, 0xff, 0xff, 0xff, 0x01, 0xff, 0xff, 0xff, 0x03, 0xff, 0xff, 0xff, 0x03, 0xff, 0xff, 0xff, 0x03, 0xff, 0xff, 0xff, 0x03,
  0xff, 0xff, 0xff, 0x01, 0x00, 0x00, 0x00, 0x00, 0x00, 0x00, 0x00, 0x00, 0x00, 0x00, 0x00, 0x00, 0x00, 0x00, 0x00, 0x00, 0x00, 0x00, 0x00, 0x00,
  0x00, 0x00, 0x00, 0x00, 0x00, 0x00, 0x00, 0x00, 0x00, 0x00, 0x00, 0x00, 0x00, 0x00, 0x00, 0x00, 0x00, 0x00, 0x00, 0x00, 0x00, 0x00, 0x00, 0x00,
  0x00, 0x00, 0x00, 0x00, 0x00, 0x00, 0x00, 0x00, 0x00, 0x00, 0x00, 0x00, 0x00, 0x00, 0x00, 0x00, 0x00, 0x00, 0x00, 0x00, 0x00, 0x00, 0x00, 0x00,
  0x00, 0x00, 0x00, 0x00, 0x00, 0x00, 0x00, 0x00, 0x00, 0x00, 0x00, 0x00, 0x00, 0x00, 0x00, 0x00, 0x00, 0x00, 0x00, 0x00, 0x00, 0x00, 0x00, 0x00,
  0x00, 0x00, 0x00, 0x00, 0x00, 0x00, 0x00, 0x00, 0x00, 0x00, 0x00, 0x00, 0xff, 0xff, 0xff, 0x01, 0xff, 0xff, 0xff, 0x03, 0xff, 0xff, 0xff, 0x03,
  0xff, 0xff, 0xff, 0x03, 0xff, 0xff, 0xff, 0x03, 0xff, 0xff, 0xff, 0x01, 0x00, 0x00, 0x00, 0x00, 0x00, 0x00, 0x00, 0x00, 0x00, 0x00, 0x00, 0x00,
  0x00, 0x00, 0x00, 0x00, 0x00, 0x00, 0x00, 0x00, 0x00, 0x00, 0x00, 0x00, 0x00, 0x00, 0x00, 0x00, 0x00, 0x00, 0x00, 0x00, 0x00, 0x00, 0x00, 0x00,
  0x00, 0x00, 0x00, 0x00, 0x00, 0x00, 0x00, 0x00, 0x00, 0x00, 0x00, 0x00, 0x00, 0x00, 0x00, 0x00, 0x00, 0x00, 0x00, 0x00, 0x00, 0x00, 0x00, 0x00,
  0x00, 0x00, 0x00, 0x00, 0x00, 0x00, 0x00, 0x00, 0x00, 0x00, 0x00, 0x00, 0x00, 0x00, 0x00, 0x00, 0x00, 0x00, 0x00, 0x00, 0x00, 0x00, 0x00, 0x00,
  0x00, 0x00, 0x00, 0x00, 0x00, 0x00, 0x00, 0x00, 0xff, 0xff, 0xff, 0x02, 0xff, 0xff, 0xff, 0x04, 0xff, 0xff, 0xff, 0x01, 0x00, 0x00, 0x00, 0x00,
  0x00, 0x00, 0x00, 0x00, 0x00, 0x00, 0x00, 0x00, 0x00, 0x00, 0x00, 0x00, 0x00, 0x00, 0x00, 0x00, 0x00, 0x00, 0x00, 0x00, 0xff, 0xff, 0xff, 0x01,
  0xff, 0xff, 0xff, 0x04, 0xff, 0xff, 0xff, 0x02, 0x00, 0x00, 0x00, 0x00, 0x00, 0x00, 0x00, 0x00, 0x00, 0x00, 0x00, 0x00, 0x00, 0x00, 0x00, 0x00,
  0x00, 0x00, 0x00, 0x00, 0x00, 0x00, 0x00, 0x00, 0x00, 0x00, 0x00, 0x00, 0x00, 0x00, 0x00, 0x00, 0x00, 0x00, 0x00, 0x00, 0x00, 0x00, 0x00, 0x00,
  0x00, 0x00, 0x00, 0x00, 0x00, 0x00, 0x00, 0x00, 0x00, 0x00, 0x00, 0x00, 0x00, 0x00, 0x00, 0x00, 0x00, 0x00, 0x00, 0x00, 0x00, 0x00, 0x00, 0x00,
  0x00, 0x00, 0x00, 0x00, 0x00, 0x00, 0x00, 0x00, 0x00, 0x00, 0x00, 0x00, 0x00, 0x00, 0x00, 0x00, 0xff, 0xff, 0xff, 0x02, 0xff, 0xff, 0xff, 0x04,
  0xff, 0xff, 0xff, 0x01, 0x00, 0x00, 0x00, 0x00, 0x00, 0x00, 0x00, 0x00, 0x00, 0x00, 0x00, 0x00, 0x00, 0x00, 0x00, 0x00, 0x00, 0x00, 0x00, 0x00,
  0x00, 0x00, 0x00, 0x00, 0xff, 0xff, 0xff, 0x01, 0xff, 0xff, 0xff, 0x04, 0xff, 0xff, 0xff, 0x02, 0x00, 0x00, 0x00, 0x00, 0x00, 0x00, 0x00, 0x00,
  0x00, 0x00, 0x00, 0x00, 0x00, 0x00, 0x00, 0x00, 0x00, 0x00, 0x00, 0x00, 0x00, 0x00, 0x00, 0x00, 0x00, 0x00, 0x00, 0x00, 0x00, 0x00, 0x00, 0x00,
  0x00, 0x00, 0x00, 0x00, 0x00, 0x00, 0x00, 0x00, 0x00, 0x00, 0x00, 0x00, 0x00, 0x00, 0x00, 0x00, 0x00, 0x00, 0x00, 0x00, 0x00, 0x00, 0x00, 0x00,
  0x00, 0x00, 0x00, 0x00, 0x00, 0x00, 0x00, 0x00, 0x00, 0x00, 0x00, 0x00, 0x00, 0x00, 0x00, 0x00, 0xff, 0xff, 0xff, 0x01, 0xff, 0xff, 0xff, 0x03,
  0x00, 0x00, 0x00, 0x00, 0x00, 0x00, 0x00, 0x00, 0x00, 0x00, 0x00, 0x00, 0xff, 0xff, 0xff, 0x14, 0xff, 0xff, 0xff, 0x30, 0xff, 0xff, 0xff, 0x3e,
  0xff, 0xff, 0xff, 0x3e, 0xff, 0xff, 0xff, 0x30, 0xff, 0xff, 0xff, 0x14, 0x00, 0x00, 0x00, 0x00, 0x00, 0x00, 0x00, 0x00, 0x00, 0x00, 0x00, 0x00,
  0xff, 0xff, 0xff, 0x03, 0xff, 0xff, 0xff, 0x01, 0x00, 0x00, 0x00, 0x00, 0x00, 0x00, 0x00, 0x00, 0x00, 0x00, 0x00, 0x00, 0x00, 0x00, 0x00, 0x00,
  0x00, 0x00, 0x00, 0x00, 0x00, 0x00, 0x00, 0x00, 0x00, 0x00, 0x00, 0x00, 0x00, 0x00, 0x00, 0x00, 0x00, 0x00, 0x00, 0x00, 0x00, 0x00, 0x00, 0x00,
  0x00, 0x00, 0x00, 0x00, 0x00, 0x00, 0x00, 0x00, 0x00, 0x00, 0x00, 0x00, 0x00, 0x00, 0x00, 0x00, 0x00, 0x00, 0x00, 0x00, 0x00, 0x00, 0x00, 0x00,
  0xff, 0xff, 0xff, 0x01, 0xff, 0xff, 0xff, 0x03, 0x00, 0x00, 0x00, 0x00, 0x00, 0x00, 0x00, 0x00, 0x00, 0x00, 0x00, 0x00, 0xff, 0xff, 0xff, 0x14,
  0xff, 0xff, 0xff, 0x30, 0xff, 0xff, 0xff, 0x3e, 0xff, 0xff, 0xff, 0x3e, 0xff, 0xff, 0xff, 0x30, 0xff, 0xff, 0xff, 0x14, 0x00, 0x00, 0x00, 0x00,
  0x00, 0x00, 0x00, 0x00, 0x00, 0x00, 0x00, 0x00, 0xff, 0xff, 0xff, 0x03, 0xff, 0xff, 0xff, 0x01, 0x00, 0x00, 0x00, 0x00, 0x00, 0x00, 0x00, 0x00,
  0x00, 0x00, 0x00, 0x00, 0x00, 0x00, 0x00, 0x00, 0x00, 0x00, 0x00, 0x00, 0x00, 0x00, 0x00, 0x00, 0x00, 0x00, 0x00, 0x00, 0x00, 0x00, 0x00, 0x00,
  0x00, 0x00, 0x00, 0x00, 0x00, 0x00, 0x00, 0x00, 0x00, 0x00, 0x00, 0x00, 0x00, 0x00, 0x00, 0x00, 0x00, 0x00, 0x00, 0x00, 0x00, 0x00, 0x00, 0x00,
  0x00, 0x00, 0x00, 0x00, 0xff, 0xff, 0xff, 0x02, 0x00, 0x00, 0x00, 0x00, 0x00, 0x00, 0x00, 0x00, 0xff, 0xff, 0xff, 0x20, 0xff, 0xff, 0xff, 0x77,
  0xff, 0xff, 0xff, 0xc3, 0xff, 0xff, 0xff, 0xee, 0xff, 0xff, 0xff, 0xff, 0xff, 0xff, 0xff, 0xff, 0xff, 0xff, 0xff, 0xff, 0xff, 0xff, 0xff, 0xff,
  0xff, 0xff, 0xff, 0xee, 0xff, 0xff, 0xff, 0xc3, 0xff, 0xff, 0xff, 0x76, 0xff, 0xff, 0xff, 0x1f, 0x00, 0x00, 0x00, 0x00, 0x00, 0x00, 0x00, 0x00,
  0xff, 0xff, 0xff, 0x02, 0x00, 0x00, 0x00, 0x00, 0x00, 0x00, 0x00, 0x00, 0x00, 0x00, 0x00, 0x00, 0x00, 0x00, 0x00, 0x00, 0x00, 0x00, 0x00, 0x00,
  0x00, 0x00, 0x00, 0x00, 0x00, 0x00, 0x00, 0x00, 0x00, 0x00, 0x00, 0x00, 0x00, 0x00, 0x00, 0x00, 0x00, 0x00, 0x00, 0x00, 0x00, 0x00, 0x00, 0x00,
  0x00, 0x00, 0x00, 0x00, 0x00, 0x00, 0x00, 0x00, 0x00, 0x00, 0x00, 0x00, 0xff, 0xff, 0xff, 0x02, 0x00, 0x00, 0x00, 0x00, 0x00, 0x00, 0x00, 0x00,
  0xff, 0xff, 0xff, 0x20, 0xff, 0xff, 0xff, 0x77, 0xff, 0xff, 0xff, 0xc3, 0xff, 0xff, 0xff, 0xee, 0xff, 0xff, 0xff, 0xff, 0xff, 0xff, 0xff, 0xff,
  0xff, 0xff, 0xff, 0xff, 0xff, 0xff, 0xff, 0xff, 0xff, 0xff, 0xff, 0xee, 0xff, 0xff, 0xff, 0xc3, 0xff, 0xff, 0xff, 0x76, 0xff, 0xff, 0xff, 0x1f,
  0x00, 0x00, 0x00, 0x00, 0x00, 0x00, 0x00, 0x00, 0xff, 0xff, 0xff, 0x02, 0x00, 0x00, 0x00, 0x00, 0x00, 0x00, 0x00, 0x00, 0x00, 0x00, 0x00, 0x00,
  0x00, 0x00, 0x00, 0x00, 0x00, 0x00, 0x00, 0x00, 0x00, 0x00, 0x00, 0x00, 0x00, 0x00, 0x00, 0x00, 0x00, 0x00, 0x00, 0x00, 0x00, 0x00, 0x00, 0x00,
  0x00, 0x00, 0x00, 0x00, 0x00, 0x00, 0x00, 0x00, 0x00, 0x00, 0x00, 0x00, 0x00, 0x00, 0x00, 0x00, 0xff, 0xff, 0xff, 0x03, 0x00, 0x00, 0x00, 0x00,
  0xff, 0xff, 0xff, 0x11, 0xff, 0xff, 0xff, 0x8f, 0xff, 0xff, 0xff, 0xf2, 0xff, 0xff, 0xff, 0xff, 0xff, 0xff, 0xff, 0xff, 0xff, 0xff, 0xff, 0xff,
  0xff, 0xff, 0xff, 0xff, 0xff, 0xff, 0xff, 0xfd, 0xff, 0xff, 0xff, 0xfd, 0xff, 0xff, 0xff, 0xff, 0xff, 0xff, 0xff, 0xff, 0xff, 0xff, 0xff, 0xff,
  0xff, 0xff, 0xff, 0xff, 0xff, 0xff, 0xff, 0xf1, 0xff, 0xff, 0xff, 0x8f, 0xff, 0xff, 0xff, 0x11, 0x00, 0x00, 0x00, 0x00, 0xff, 0xff, 0xff, 0x03,
  0x00, 0x00, 0x00, 0x00, 0x00, 0x00, 0x00, 0x00, 0x00, 0x00, 0x00, 0x00, 0x00, 0x00, 0x00, 0x00, 0x00, 0x00, 0x00, 0x00, 0x00, 0x00, 0x00, 0x00,
  0x00, 0x00, 0x00, 0x00, 0x00, 0x00, 0x00, 0x00, 0x00, 0x00, 0x00, 0x00, 0x00, 0x00, 0x00, 0x00, 0x00, 0x00, 0x00, 0x00, 0x00, 0x00, 0x00, 0x00,
  0xff, 0xff, 0xff, 0x03, 0x00, 0x00, 0x00, 0x00, 0xff, 0xff, 0xff, 0x11, 0xff, 0xff, 0xff, 0x8f, 0xff, 0xff, 0xff, 0xf2, 0xff, 0xff, 0xff, 0xff,
  0xff, 0xff, 0xff, 0xff, 0xff, 0xff, 0xff, 0xff, 0xff, 0xff, 0xff, 0xff, 0xff, 0xff, 0xff, 0xfd, 0xff, 0xff, 0xff, 0xfd, 0xff, 0xff, 0xff, 0xff,
  0xff, 0xff, 0xff, 0xff, 0xff, 0xff, 0xff, 0xff, 0xff, 0xff, 0xff, 0xff, 0xff, 0xff, 0xff, 0xf1, 0xff, 0xff, 0xff, 0x8f, 0xff, 0xff, 0xff, 0x11,
  0x00, 0x00, 0x00, 0x00, 0xff, 0xff, 0xff, 0x03, 0x00, 0x00, 0x00, 0x00, 0x00, 0x00, 0x00, 0x00, 0x00, 0x00, 0x00, 0x00, 0x00, 0x00, 0x00, 0x00,
  0x00, 0x00, 0x00, 0x00, 0x00, 0x00, 0x00, 0x00, 0x00, 0x00, 0x00, 0x00, 0x00, 0x00, 0x00, 0x00, 0x00, 0x00, 0x00, 0x00, 0x00, 0x00, 0x00, 0x00,
  0x00, 0x00, 0x00, 0x00, 0xff, 0xff, 0xff, 0x04, 0x00, 0x00, 0x00, 0x00, 0xff, 0xff, 0xff, 0x38, 0xff, 0xff, 0xff, 0xdb, 0xff, 0xff, 0xff, 0xff,
  0xff, 0xff, 0xff, 0xff, 0xff, 0xff, 0xff, 0xfb, 0xff, 0xff, 0xff, 0xfb, 0xff, 0xff, 0xff, 0xfa, 0xff, 0xff, 0xff, 0xfb, 0xff, 0xff, 0xff, 0xfc,
  0xff, 0xff, 0xff, 0xfc, 0xff, 0xff, 0xff, 0xfb, 0xff, 0xff, 0xff, 0xfa, 0xff, 0xff, 0xff, 0xfb, 0xff, 0xff, 0xff, 0xfb, 0xff, 0xff, 0xff, 0xff,
  0xff, 0xff, 0xff, 0xff, 0xff, 0xff, 0xff, 0xda, 0xff, 0xff, 0xff, 0x37, 0x00, 0x00, 0x00, 0x00, 0xff, 0xff, 0xff, 0x04, 0x00, 0x00, 0x00, 0x00,
  0x00, 0x00, 0x00, 0x00, 0x00, 0x00, 0x00, 0x00, 0x00, 0x00, 0x00, 0x00, 0x00, 0x00, 0x00, 0x00, 0x00, 0x00, 0x00, 0x00, 0x00, 0x00, 0x00, 0x00,
  0x00, 0x00, 0x00, 0x00, 0x00, 0x00, 0x00, 0x00, 0x00, 0x00, 0x00, 0x00, 0xff, 0xff, 0xff, 0x04, 0x00, 0x00, 0x00, 0x00, 0xff, 0xff, 0xff, 0x38,
  0xff, 0xff, 0xff, 0xdb, 0xff, 0xff, 0xff, 0xff, 0xff, 0xff, 0xff, 0xff, 0xff, 0xff, 0xff, 0xfb, 0xff, 0xff, 0xff, 0xfb, 0xff, 0xff, 0xff, 0xfa,
  0xff, 0xff, 0xff, 0xfb, 0xff, 0xff, 0xff, 0xfc, 0xff, 0xff, 0xff, 0xfc, 0xff, 0xff, 0xff, 0xfb, 0xff, 0xff, 0xff, 0xfa, 0xff, 0xff, 0xff, 0xfb,
  0xff, 0xff, 0xff, 0xfb, 0xff, 0xff, 0xff, 0xff, 0xff, 0xff, 0xff, 0xff, 0xff, 0xff, 0xff, 0xda, 0xff, 0xff, 0xff, 0x37, 0x00, 0x00, 0x00, 0x00,
  0xff, 0xff, 0xff, 0x04, 0x00, 0x00, 0x00, 0x00, 0x00, 0x00, 0x00, 0x00, 0x00, 0x00, 0x00, 0x00, 0x00, 0x00, 0x00, 0x00, 0x00, 0x00, 0x00, 0x00,
  0x00, 0x00, 0x00, 0x00, 0x00, 0x00, 0x00, 0x00, 0x00, 0x00, 0x00, 0x00, 0x00, 0x00, 0x00, 0x00, 0xff, 0xff, 0xff, 0x03, 0x00, 0x00, 0x00, 0x00,
  0xff, 0xff, 0xff, 0x47, 0xff, 0xff, 0xff, 0xf5, 0xff, 0xff, 0xff, 0xff, 0xff, 0xff, 0xff, 0xfb, 0xff, 0xff, 0xff, 0xfe, 0xff, 0xff, 0xff, 0xfc,
  0xff, 0xff, 0xff, 0xff, 0xff, 0xff, 0xff, 0xff, 0xff, 0xff, 0xff, 0xff, 0xff, 0xff, 0xff, 0xff, 0xff, 0xff, 0xff, 0xff, 0xff, 0xff, 0xff, 0xff,
  0xff, 0xff, 0xff, 0xff, 0xff, 0xff, 0xff, 0xff, 0xff, 0xff, 0xff, 0xfc, 0xff, 0xff, 0xff, 0xfe, 0xff, 0xff, 0xff, 0xfa, 0xff, 0xff, 0xff, 0xff,
  0xff, 0xff, 0xff, 0xf4, 0xff, 0xff, 0xff, 0x46, 0x00, 0x00, 0x00, 0x00, 0xff, 0xff, 0xff, 0x03, 0x00, 0x00, 0x00, 0x00, 0x00, 0x00, 0x00, 0x00,
  0x00, 0x00, 0x00, 0x00, 0x00, 0x00, 0x00, 0x00, 0x00, 0x00, 0x00, 0x00, 0x00, 0x00, 0x00, 0x00, 0x00, 0x00, 0x00, 0x00, 0x00, 0x00, 0x00, 0x00,
  0xff, 0xff, 0xff, 0x03, 0x00, 0x00, 0x00, 0x00, 0xff, 0xff, 0xff, 0x47, 0xff, 0xff, 0xff, 0xf5, 0xff, 0xff, 0xff, 0xff, 0xff, 0xff, 0xff, 0xfb,
  0xff, 0xff, 0xff, 0xfe, 0xff, 0xff, 0xff, 0xfc, 0xff, 0xff, 0xff, 0xff, 0xff, 0xff, 0xff, 0xff, 0xff, 0xff, 0xff, 0xff, 0xff, 0xff, 0xff, 0xff,
  0xff, 0xff, 0xff, 0xff, 0xff, 0xff, 0xff, 0xff, 0xff, 0xff, 0xff, 0xff, 0xff, 0xff, 0xff, 0xff, 0xff, 0xff, 0xff, 0xfc, 0xff, 0xff, 0xff, 0xfe,
  0xff, 0xff, 0xff, 0xfa, 0xff, 0xff, 0xff, 0xff, 0xff, 0xff, 0xff, 0xf4, 0xff, 0xff, 0xff, 0x46, 0x00, 0x00, 0x00, 0x00, 0xff, 0xff, 0xff, 0x03,
  0x00, 0x00, 0x00, 0x00, 0x00, 0x00, 0x00, 0x00, 0x00, 0x00, 0x00, 0x00, 0x00, 0x00, 0x00, 0x00, 0x00, 0x00, 0x00, 0x00, 0x00, 0x00, 0x00, 0x00,
  0x00, 0x00, 0x00, 0x00, 0xff, 0xff, 0xff, 0x02, 0x00, 0x00, 0x00, 0x00, 0xff, 0xff, 0xff, 0x34, 0xff, 0xff, 0xff, 0xf5, 0xff, 0xff, 0xff, 0xff,
  0xff, 0xff, 0xff, 0xfc, 0xff, 0xff, 0xff, 0xfe, 0xff, 0xff, 0xff, 0xff, 0xff, 0xff, 0xff, 0xff, 0xff, 0xff, 0xff, 0xe5, 0xff, 0xff, 0xff, 0xa2,
  0xff, 0xff, 0xff, 0x6d, 0xff, 0xff, 0xff, 0x4d, 0xff, 0xff, 0xff, 0x4d, 0xff, 0xff, 0xff, 0x6d, 0xff, 0xff, 0xff, 0xa2, 0xff, 0xff, 0xff, 0xe5,
  0xff, 0xff, 0xff, 0xff, 0xff, 0xff, 0xff, 0xff, 0xff, 0xff, 0xff, 0xfe, 0xff, 0xff, 0xff, 0xfc, 0xff, 0xff, 0xff, 0xff, 0xff, 0xff, 0xff, 0xf5,
  0xff, 0xff, 0xff, 0x33, 0x00, 0x00, 0x00, 0x00, 0xff, 0xff, 0xff, 0x02, 0x00, 0x00, 0x00, 0x00, 0x00, 0x00, 0x00, 0x00, 0x00, 0x00, 0x00, 0x00,
  0x00, 0x00, 0x00, 0x00, 0x00, 0x00, 0x00, 0x00, 0x00, 0x00, 0x00, 0x00, 0xff, 0xff, 0xff, 0x02, 0x00, 0x00, 0x00, 0x00, 0xff, 0xff, 0xff, 0x34,
  0xff, 0xff, 0xff, 0xf5, 0xff, 0xff, 0xff, 0xff, 0xff, 0xff, 0xff, 0xfc, 0xff, 0xff, 0xff, 0xfe, 0xff, 0xff, 0xff, 0xff, 0xff, 0xff, 0xff, 0xff,
  0xff, 0xff, 0xff, 0xe5, 0xff, 0xff, 0xff, 0xa2, 0xff, 0xff, 0xff, 0x6d, 0xff, 0xff, 0xff, 0x4d, 0xff, 0xff, 0xff, 0x4d, 0xff, 0xff, 0xff, 0x6d,
  0xff, 0xff, 0xff, 0xa2, 0xff, 0xff, 0xff, 0xe5, 0xff, 0xff, 0xff, 0xff, 0xff, 0xff, 0xff, 0xff, 0xff, 0xff, 0xff, 0xfe, 0xff, 0xff, 0xff, 0xfc,
  0xff, 0xff, 0xff, 0xff, 0xff, 0xff, 0xff, 0xf5, 0xff, 0xff, 0xff, 0x33, 0x00, 0x00, 0x00, 0x00, 0xff, 0xff, 0xff, 0x02, 0x00, 0x00, 0x00, 0x00,
  0x00, 0x00, 0x00, 0x00, 0x00, 0x00, 0x00, 0x00, 0x00, 0x00, 0x00, 0x00, 0x00, 0x00, 0x00, 0x00, 0xff, 0xff, 0xff, 0x02, 0xff, 0xff, 0xff, 0x02,
  0xff, 0xff, 0xff, 0x11, 0xff, 0xff, 0xff, 0xde, 0xff, 0xff, 0xff, 0xff, 0xff, 0xff, 0xff, 0xfc, 0xff, 0xff, 0xff, 0xfe, 0xff, 0xff, 0xff, 0xff,
  0xff, 0xff, 0xff, 0xfb, 0xff, 0xff, 0xff, 0x81, 0xff, 0xff, 0xff, 0x12, 0x00, 0x00, 0x00, 0x00, 0x00, 0x00, 0x00, 0x00, 0x00, 0x00, 0x00, 0x00,
  0x00, 0x00, 0x00, 0x00, 0x00, 0x00, 0x00, 0x00, 0x00, 0x00, 0x00, 0x00, 0xff, 0xff, 0xff, 0x13, 0xff, 0xff, 0xff, 0x82, 0xff, 0xff, 0xff, 0xfb,
  0xff, 0xff, 0xff, 0xff, 0xff, 0xff, 0xff, 0xfe, 0xff, 0xff, 0xff, 0xfc, 0xff, 0xff, 0xff, 0xff, 0xff, 0xff, 0xff, 0xdd, 0xff, 0xff, 0xff, 0x10,
  0xff, 0xff, 0xff, 0x02, 0xff, 0xff, 0xff, 0x01, 0x00, 0x00, 0x00, 0x00, 0x00, 0x00, 0x00, 0x00, 0x00, 0x00, 0x00, 0x00, 0x00, 0x00, 0x00, 0x00,
  0xff, 0xff, 0xff, 0x02, 0xff, 0xff, 0xff, 0x02, 0xff, 0xff, 0xff, 0x11, 0xff, 0xff, 0xff, 0xde, 0xff, 0xff, 0xff, 0xff, 0xff, 0xff, 0xff, 0xfc,
  0xff, 0xff, 0xff, 0xfe, 0xff, 0xff, 0xff, 0xff, 0xff, 0xff, 0xff, 0xfb, 0xff, 0xff, 0xff, 0x81, 0xff, 0xff, 0xff, 0x12, 0x00, 0x00, 0x00, 0x00,
  0x00, 0x00, 0x00, 0x00, 0x00, 0x00, 0x00, 0x00, 0x00, 0x00, 0x00, 0x00, 0x00, 0x00, 0x00, 0x00, 0x00, 0x00, 0x00, 0x00, 0xff, 0xff, 0xff, 0x13,
  0xff, 0xff, 0xff, 0x82, 0xff, 0xff, 0xff, 0xfb, 0xff, 0xff, 0xff, 0xff, 0xff, 0xff, 0xff, 0xfe, 0xff, 0xff, 0xff, 0xfc, 0xff, 0xff, 0xff, 0xff,
  0xff, 0xff, 0xff, 0xdd, 0xff, 0xff, 0xff, 0x10, 0xff, 0xff, 0xff, 0x02, 0xff, 0xff, 0xff, 0x01, 0x00, 0x00, 0x00, 0x00, 0x00, 0x00, 0x00, 0x00,
  0x00, 0x00, 0x00, 0x00, 0x00, 0x00, 0x00, 0x00, 0xff, 0xff, 0xff, 0x03, 0x00, 0x00, 0x00, 0x00, 0xff, 0xff, 0xff, 0x93, 0xff, 0xff, 0xff, 0xff,
  0xff, 0xff, 0xff, 0xfb, 0xff, 0xff, 0xff, 0xfe, 0xff, 0xff, 0xff, 0xfe, 0xff, 0xff, 0xff, 0xf0, 0xff, 0xff, 0xff, 0x45, 0x00, 0x00, 0x00, 0x00,
  0x00, 0x00, 0x00, 0x00, 0xff, 0xff, 0xff, 0x03, 0xff, 0xff, 0xff, 0x04, 0xff, 0xff, 0xff, 0x03, 0xff, 0xff, 0xff, 0x03, 0xff, 0xff, 0xff, 0x04,
  0xff, 0xff, 0xff, 0x03, 0x00, 0x00, 0x00, 0x00, 0x00, 0x00, 0x00, 0x00, 0xff, 0xff, 0xff, 0x45, 0xff, 0xff, 0xff, 0xf0, 0xff, 0xff, 0xff, 0xfe,
  0xff, 0xff, 0xff, 0xfe, 0xff, 0xff, 0xff, 0xfb, 0xff, 0xff, 0xff, 0xff, 0xff, 0xff, 0xff, 0x92, 0x00, 0x00, 0x00, 0x00, 0xff, 0xff, 0xff, 0x03,
  0x00, 0x00, 0x00, 0x00, 0x00, 0x00, 0x00, 0x00, 0x00, 0x00, 0x00, 0x00, 0x00, 0x00, 0x00, 0x00, 0xff, 0xff, 0xff, 0x03, 0x00, 0x00, 0x00, 0x00,
  0xff, 0xff, 0xff, 0x93, 0xff, 0xff, 0xff, 0xff, 0xff, 0xff, 0xff, 0xfb, 0xff, 0xff, 0xff, 0xfe, 0xff, 0xff, 0xff, 0xfe, 0xff, 0xff, 0xff, 0xf0,
  0xff, 0xff, 0xff, 0x45, 0x00, 0x00, 0x00, 0x00, 0x00, 0x00, 0x00, 0x00, 0xff, 0xff, 0xff, 0x03, 0xff, 0xff, 0xff, 0x04, 0xff, 0xff, 0xff, 0x03,
  0xff, 0xff, 0xff, 0x03, 0xff, 0xff, 0xff, 0x04, 0xff, 0xff, 0xff, 0x03, 0x00, 0x00, 0x00, 0x00, 0x00, 0x00, 0x00, 0x00, 0xff, 0xff, 0xff, 0x45,
  0xff, 0xff, 0xff, 0xf0, 0xff, 0xff, 0xff, 0xfe, 0xff, 0xff, 0xff, 0xfe, 0xff, 0xff, 0xff, 0xfb, 0xff, 0xff, 0xff, 0xff, 0xff, 0xff, 0xff, 0x92,
  0x00, 0x00, 0x00, 0x00, 0xff, 0xff, 0xff, 0x03, 0x00, 0x00, 0x00, 0x00, 0x00, 0x00, 0x00, 0x00, 0x00, 0x00, 0x00, 0x00, 0xff, 0xff, 0xff, 0x02,
  0x00, 0x00, 0x00, 0x00, 0xff, 0xff, 0xff, 0x21, 0xff, 0xff, 0xff, 0xf7, 0xff, 0xff, 0xff, 0xfd, 0xff, 0xff, 0xff, 0xfd, 0xff, 0xff, 0xff, 0xfc,
  0xff, 0xff, 0xff, 0xfa, 0xff, 0xff, 0xff, 0x45, 0x00, 0x00, 0x00, 0x00, 0xff, 0xff, 0xff, 0x06, 0xff, 0xff, 0xff, 0x01, 0x00, 0x00, 0x00, 0x00,
  0x00, 0x00, 0x00, 0x00, 0xff, 0xff, 0xff, 0x02, 0xff, 0xff, 0xff, 0x02, 0x00, 0x00, 0x00, 0x00, 0x00, 0x00, 0x00, 0x00, 0xff, 0xff, 0xff, 0x01,
  0xff, 0xff, 0xff, 0x06, 0x00, 0x00, 0x00, 0x00, 0xff, 0xff, 0xff, 0x46, 0xff, 0xff, 0xff, 0xfb, 0xff, 0xff, 0xff, 0xfc, 0xff, 0xff, 0xff, 0xfd,
  0xff, 0xff, 0xff, 0xfd, 0xff, 0xff, 0xff, 0xf7, 0xff, 0xff, 0xff, 0x21, 0x00, 0x00, 0x00, 0x00, 0xff, 0xff, 0xff, 0x02, 0x00, 0x00, 0x00, 0x00,
  0x00, 0x00, 0x00, 0x00, 0xff, 0xff, 0xff, 0x02, 0x00, 0x00, 0x00, 0x00, 0xff, 0xff, 0xff, 0x21, 0xff, 0xff, 0xff, 0xf7, 0xff, 0xff, 0xff, 0xfd,
  0xff, 0xff, 0xff, 0xfd, 0xff, 0xff, 0xff, 0xfc, 0xff, 0xff, 0xff, 0xfa, 0xff, 0xff, 0xff, 0x45, 0x00, 0x00, 0x00, 0x00, 0xff, 0xff, 0xff, 0x06,
  0xff, 0xff, 0xff, 0x01, 0x00, 0x00, 0x00, 0x00, 0x00, 0x00, 0x00, 0x00, 0xff, 0xff, 0xff, 0x02, 0xff, 0xff, 0xff, 0x02, 0x00, 0x00, 0x00, 0x00,
  0x00, 0x00, 0x00, 0x00, 0xff, 0xff, 0xff, 0x01, 0xff, 0xff, 0xff, 0x06, 0x00, 0x00, 0x00, 0x00, 0xff, 0xff, 0xff, 0x46, 0xff, 0xff, 0xff, 0xfb,
  0xff, 0xff, 0xff, 0xfc, 0xff, 0xff, 0xff, 0xfd, 0xff, 0xff, 0xff, 0xfd, 0xff, 0xff, 0xff, 0xf7, 0xff, 0xff, 0xff, 0x21, 0x00, 0x00, 0x00, 0x00,
  0xff, 0xff, 0xff, 0x02, 0x00, 0x00, 0x00, 0x00, 0x00, 0x00, 0x00, 0x00, 0xff, 0xff, 0xff, 0x04, 0x00, 0x00, 0x00, 0x00, 0xff, 0xff, 0xff, 0x80,
  0xff, 0xff, 0xff, 0xff, 0xff, 0xff, 0xff, 0xfb, 0xff, 0xff, 0xff, 0xfc, 0xff, 0xff, 0xff, 0xff, 0xff, 0xff, 0xff, 0x80, 0x00, 0x00, 0x00, 0x00,
  0xff, 0xff, 0xff, 0x06, 0x00, 0x00, 0x00, 0x00, 0x00, 0x00, 0x00, 0x00, 0xff, 0xff, 0xff, 0x01, 0x00, 0x00, 0x00, 0x00, 0x00, 0x00, 0x00, 0x00,
  0x00, 0x00, 0x00, 0x00, 0x00, 0x00, 0x00, 0x00, 0xff, 0xff, 0xff, 0x01, 0x00, 0x00, 0x00, 0x00, 0x00, 0x00, 0x00, 0x00, 0xff, 0xff, 0xff, 0x06,
  0x00, 0x00, 0x00, 0x00, 0xff, 0xff, 0xff, 0x80, 0xff, 0xff, 0xff, 0xff, 0xff, 0xff, 0xff, 0xfc, 0xff, 0xff, 0xff, 0xfb, 0xff, 0xff, 0xff, 0xff,
  0xff, 0xff, 0xff, 0x7f, 0x00, 0x00, 0x00, 0x00, 0xff, 0xff, 0xff, 0x04, 0x00, 0x00, 0x00, 0x00, 0x00, 0x00, 0x00, 0x00, 0xff, 0xff, 0xff, 0x04,
  0x00, 0x00, 0x00, 0x00, 0xff, 0xff, 0xff, 0x80, 0xff, 0xff, 0xff, 0xff, 0xff, 0xff, 0xff, 0xfb, 0xff, 0xff, 0xff, 0xfc, 0xff, 0xff, 0xff, 0xff,
  0xff, 0xff, 0xff, 0x80, 0x00, 0x00, 0x00, 0x00, 0xff, 0xff, 0xff, 0x06, 0x00, 0x00, 0x00, 0x00, 0x00, 0x00, 0x00, 0x00, 0xff, 0xff, 0xff, 0x01,
  0x00, 0x00, 0x00, 0x00, 0x00, 0x00, 0x00, 0x00, 0x00, 0x00, 0x00, 0x00, 0x00, 0x00, 0x00, 0x00, 0xff, 0xff, 0xff, 0x01, 0x00, 0x00, 0x00, 0x00,
  0x00, 0x00, 0x00, 0x00, 0xff, 0xff, 0xff, 0x06, 0x00, 0x00, 0x00, 0x00, 0xff, 0xff, 0xff, 0x80, 0xff, 0xff, 0xff, 0xff, 0xff, 0xff, 0xff, 0xfc,
  0xff, 0xff, 0xff, 0xfb, 0xff, 0xff, 0xff, 0xff, 0xff, 0xff, 0xff, 0x7f, 0x00, 0x00, 0x00, 0x00, 0xff, 0xff, 0xff, 0x04, 0x00, 0x00, 0x00, 0x00,
  0x00, 0x00, 0x00, 0x00, 0xff, 0xff, 0xff, 0x01, 0x00, 0x00, 0x00, 0x00, 0xff, 0xff, 0xff, 0xc8, 0xff, 0xff, 0xff, 0xfe, 0xff, 0xff, 0xff, 0xfb,
  0xff, 0xff, 0xff, 0xff, 0xff, 0xff, 0xff, 0xe7, 0xff, 0xff, 0xff, 0x0e, 0xff, 0xff, 0xff, 0x02, 0xff, 0xff, 0xff, 0x01, 0x00, 0x00, 0x00, 0x00,
  0xff, 0xff, 0xff, 0x01, 0x00, 0x00, 0x00, 0x00, 0x00, 0x00, 0x00, 0x00, 0xff, 0xff, 0xff, 0x2a, 0xff, 0xff, 0xff, 0x2a, 0x00, 0x00, 0x00, 0x00,
  0x00, 0x00, 0x00, 0x00, 0xff, 0xff, 0xff, 0x01, 0x00, 0x00, 0x00, 0x00, 0xff, 0xff, 0xff, 0x01, 0xff, 0xff, 0xff, 0x02, 0xff, 0xff, 0xff, 0x0e,
  0xff, 0xff, 0xff, 0xe7, 0xff, 0xff, 0xff, 0xff, 0xff, 0xff, 0xff, 0xfb, 0xff, 0xff, 0xff, 0xfe, 0xff, 0xff, 0xff, 0xc7, 0x00, 0x00, 0x00, 0x00,
  0xff, 0xff, 0xff, 0x01, 0x00, 0x00, 0x00, 0x00, 0x00, 0x00, 0x00, 0x00, 0xff, 0xff, 0xff, 0x01, 0x00, 0x00, 0x00, 0x00, 0xff, 0xff, 0xff, 0xc8,
  0xff, 0xff, 0xff, 0xfe, 0xff, 0xff, 0xff, 0xfb, 0xff, 0xff, 0xff, 0xff, 0xff, 0xff, 0xff, 0xe7, 0xff, 0xff, 0xff, 0x0e, 0xff, 0xff, 0xff, 0x02,
  0xff, 0xff, 0xff, 0x01, 0x00, 0x00, 0x00, 0x00, 0xff, 0xff, 0xff, 0x01, 0x00, 0x00, 0x00, 0x00, 0x00, 0x00, 0x00, 0x00, 0xff, 0xff, 0xff, 0x2a,
  0xff, 0xff, 0xff, 0x2a, 0x00, 0x00, 0x00, 0x00, 0x00, 0x00, 0x00, 0x00, 0xff, 0xff, 0xff, 0x01, 0x00, 0x00, 0x00, 0x00, 0xff, 0xff, 0xff, 0x01,
  0xff, 0xff, 0xff, 0x02, 0xff, 0xff, 0xff, 0x0e, 0xff, 0xff, 0xff, 0xe7, 0xff, 0xff, 0xff, 0xff, 0xff, 0xff, 0xff, 0xfb, 0xff, 0xff, 0xff, 0xfe,
  0xff, 0xff, 0xff, 0xc7, 0x00, 0x00, 0x00, 0x00, 0xff, 0xff, 0xff, 0x01, 0x00, 0x00, 0x00, 0x00, 0xff, 0xff, 0xff, 0x01, 0x00, 0x00, 0x00, 0x00,
  0xff, 0xff, 0xff, 0x14, 0xff, 0xff, 0xff, 0xf0, 0xff, 0xff, 0xff, 0xff, 0xff, 0xff, 0xff, 0xfa, 0xff, 0xff, 0xff, 0xff, 0xff, 0xff, 0xff, 0x9b,
  0x00, 0x00, 0x00, 0x00, 0xff, 0xff, 0xff, 0x03, 0x00, 0x00, 0x00, 0x00, 0xff, 0xff, 0xff, 0x02, 0x00, 0x00, 0x00, 0x00, 0xff, 0xff, 0xff, 0x23,
  0xff, 0xff, 0xff, 0xc6, 0xff, 0xff, 0xff, 0xfc, 0xff, 0xff, 0xff, 0xfc, 0xff, 0xff, 0xff, 0xc5, 0xff, 0xff, 0xff, 0x22, 0x00, 0x00, 0x00, 0x00,
  0xff, 0xff, 0xff, 0x02, 0x00, 0x00, 0x00, 0x00, 0xff, 0xff, 0xff, 0x03, 0x00, 0x00, 0x00, 0x00, 0xff, 0xff, 0xff, 0x9b, 0xff, 0xff, 0xff, 0xff,
  0xff, 0xff, 0xff, 0xfa, 0xff, 0xff, 0xff, 0xff, 0xff, 0xff, 0xff, 0xf0, 0xff, 0xff, 0xff, 0x14, 0x00, 0x00, 0x00, 0x00, 0xff, 0xff, 0xff, 0x01,
  0xff, 0xff, 0xff, 0x01, 0x00, 0x00, 0x00, 0x00, 0xff, 0xff, 0xff, 0x14, 0xff, 0xff, 0xff, 0xf0, 0xff, 0xff, 0xff, 0xff, 0xff, 0xff, 0xff, 0xfa,
  0xff, 0xff, 0xff, 0xff, 0xff, 0xff, 0xff, 0x9b, 0x00, 0x00, 0x00, 0x00, 0xff, 0xff, 0xff, 0x03, 0x00, 0x00, 0x00, 0x00, 0xff, 0xff, 0xff, 0x02,
  0x00, 0x00, 0x00, 0x00, 0xff, 0xff, 0xff, 0x23, 0xff, 0xff, 0xff, 0xc6, 0xff, 0xff, 0xff, 0xfc, 0xff, 0xff, 0xff, 0xfc, 0xff, 0xff, 0xff, 0xc5,
  0xff, 0xff, 0xff, 0x22, 0x00, 0x00, 0x00, 0x00, 0xff, 0xff, 0xff, 0x02, 0x00, 0x00, 0x00, 0x00, 0xff, 0xff, 0xff, 0x03, 0x00, 0x00, 0x00, 0x00,
  0xff, 0xff, 0xff, 0x9b, 0xff, 0xff, 0xff, 0xff, 0xff, 0xff, 0xff, 0xfa, 0xff, 0xff, 0xff, 0xff, 0xff, 0xff, 0xff, 0xf0, 0xff, 0xff, 0xff, 0x14,
  0x00, 0x00, 0x00, 0x00, 0xff, 0xff, 0xff, 0x01, 0xff, 0xff, 0xff, 0x03, 0x00, 0x00, 0x00, 0x00, 0xff, 0xff, 0xff, 0x32, 0xff, 0xff, 0xff, 0xfe,
  0xff, 0xff, 0xff, 0xfe, 0xff, 0xff, 0xff, 0xfb, 0xff, 0xff, 0xff, 0xff, 0xff, 0xff, 0xff, 0x64, 0xff, 0xff, 0xff, 0x01, 0xff, 0xff, 0xff, 0x04,
  0xff, 0xff, 0xff, 0x01, 0xff, 0xff, 0xff, 0x02, 0xff, 0xff, 0xff, 0x04, 0xff, 0xff, 0xff, 0xc6, 0xff, 0xff, 0xff, 0xff, 0xff, 0xff, 0xff, 0xfd,
  0xff, 0xff, 0xff, 0xfd, 0xff, 0xff, 0xff, 0xff, 0xff, 0xff, 0xff, 0xc5, 0xff, 0xff, 0xff, 0x04, 0xff, 0xff, 0xff, 0x02, 0xff, 0xff, 0xff, 0x01,
  0xff, 0xff, 0xff, 0x04, 0xff, 0xff, 0xff, 0x01, 0xff, 0xff, 0xff, 0x65, 0xff, 0xff, 0xff, 0xff, 0xff, 0xff, 0xff, 0xfb, 0xff, 0xff, 0xff, 0xfe,
  0xff, 0xff, 0xff, 0xfe, 0xff, 0xff, 0xff, 0x31, 0x00, 0x00, 0x00, 0x00, 0xff, 0xff, 0xff, 0x03, 0xff, 0xff, 0xff, 0x03, 0x00, 0x00, 0x00, 0x00,
  0xff, 0xff, 0xff, 0x32, 0xff, 0xff, 0xff, 0xfe, 0xff, 0xff, 0xff, 0xfe, 0xff, 0xff, 0xff, 0xfb, 0xff, 0xff, 0xff, 0xff, 0xff, 0xff, 0xff, 0x64,
  0xff, 0xff, 0xff, 0x01, 0xff, 0xff, 0xff, 0x04, 0xff, 0xff, 0xff, 0x01, 0xff, 0xff, 0xff, 0x02, 0xff, 0xff, 0xff, 0x04, 0xff, 0xff, 0xff, 0xc6,
  0xff, 0xff, 0xff, 0xff, 0xff, 0xff, 0xff, 0xfd, 0xff, 0xff, 0xff, 0xfd, 0xff, 0xff, 0xff, 0xff, 0xff, 0xff, 0xff, 0xc5, 0xff, 0xff, 0xff, 0x04,
  0xff, 0xff, 0xff, 0x02, 0xff, 0xff, 0xff, 0x01, 0xff, 0xff, 0xff, 0x04, 0xff, 0xff, 0xff, 0x01, 0xff, 0xff, 0xff, 0x65, 0xff, 0xff, 0xff, 0xff,
  0xff, 0xff, 0xff, 0xfb, 0xff, 0xff, 0xff, 0xfe, 0xff, 0xff, 0xff, 0xfe, 0xff, 0xff, 0xff, 0x31, 0x00, 0x00, 0x00, 0x00, 0xff, 0xff, 0xff, 0x03,
  0xff, 0xff, 0xff, 0x03, 0x00, 0x00, 0x00, 0x00, 0xff, 0xff, 0xff, 0x40, 0xff, 0xff, 0xff, 0xff, 0xff, 0xff, 0xff, 0xfd, 0xff, 0xff, 0xff, 0xfc,
  0xff, 0xff, 0xff, 0xff, 0xff, 0xff, 0xff, 0x4b, 0x00, 0x00, 0x00, 0x00, 0xff, 0xff, 0xff, 0x03, 0xff, 0xff, 0xff, 0x02, 0x00, 0x00, 0x00, 0x00,
  0xff, 0xff, 0xff, 0x2c, 0xff, 0xff, 0xff, 0xff, 0xff, 0xff, 0xff, 0xfc, 0xff, 0xff, 0xff, 0xfe, 0xff, 0xff, 0xff, 0xfe, 0xff, 0xff, 0xff, 0xfc,
  0xff, 0xff, 0xff, 0xff, 0xff, 0xff, 0xff, 0x2b, 0x00, 0x00, 0x00, 0x00, 0xff, 0xff, 0xff, 0x02, 0xff, 0xff, 0xff, 0x03, 0x00, 0x00, 0x00, 0x00,
  0xff, 0xff, 0xff, 0x4c, 0xff, 0xff, 0xff, 0xff, 0xff, 0xff, 0xff, 0xfc, 0xff, 0xff, 0xff, 0xfd, 0xff, 0xff, 0xff, 0xff, 0xff, 0xff, 0xff, 0x3e,
  0x00, 0x00, 0x00, 0x00, 0xff, 0xff, 0xff, 0x03, 0xff, 0xff, 0xff, 0x03, 0x00, 0x00, 0x00, 0x00, 0xff, 0xff, 0xff, 0x3f, 0xff, 0xff, 0xff, 0xff,
  0xff, 0xff, 0xff, 0xfd, 0xff, 0xff, 0xff, 0xfc, 0xff, 0xff, 0xff, 0xff, 0xff, 0xff, 0xff, 0x4b, 0x00, 0x00, 0x00, 0x00, 0xff, 0xff, 0xff, 0x03,
  0xff, 0xff, 0xff, 0x02, 0x00, 0x00, 0x00, 0x00, 0xff, 0xff, 0xff, 0x2c, 0xff, 0xff, 0xff, 0xff, 0xff, 0xff, 0xff, 0xfc, 0xff, 0xff, 0xff, 0xfe,
  0xff, 0xff, 0xff, 0xfe, 0xff, 0xff, 0xff, 0xfc, 0xff, 0xff, 0xff, 0xff, 0xff, 0xff, 0xff, 0x2b, 0x00, 0x00, 0x00, 0x00, 0xff, 0xff, 0xff, 0x02,
  0xff, 0xff, 0xff, 0x03, 0x00, 0x00, 0x00, 0x00, 0xff, 0xff, 0xff, 0x4c, 0xff, 0xff, 0xff, 0xff, 0xff, 0xff, 0xff, 0xfc, 0xff, 0xff, 0xff, 0xfd,
  0xff, 0xff, 0xff, 0xff, 0xff, 0xff, 0xff, 0x3f, 0x00, 0x00, 0x00, 0x00, 0xff, 0xff, 0xff, 0x03, 0xff, 0xff, 0xff, 0x03, 0x00, 0x00, 0x00, 0x00,
  0xff, 0xff, 0xff, 0x3e, 0xff, 0xff, 0xff, 0xff, 0xff, 0xff, 0xff, 0xfd, 0xff, 0xff, 0xff, 0xfc, 0xff, 0xff, 0xff, 0xff, 0xff, 0xff, 0xff, 0x4b,
  0x00, 0x00, 0x00, 0x00, 0xff, 0xff, 0xff, 0x03, 0xff, 0xff, 0xff, 0x02, 0x00, 0x00, 0x00, 0x00, 0xff, 0xff, 0xff, 0x2f, 0xff, 0xff, 0xff, 0xff,
  0xff, 0xff, 0xff, 0xfc, 0xff, 0xff, 0xff, 0xfe, 0xff, 0xff, 0xff, 0xfe, 0xff, 0xff, 0xff, 0xfc, 0xff, 0xff, 0xff, 0xff, 0xff, 0xff, 0xff, 0x2e,
  0x00, 0x00, 0x00, 0x00, 0xff, 0xff, 0xff, 0x02, 0xff, 0xff, 0xff, 0x03, 0x00, 0x00, 0x00, 0x00, 0xff, 0xff, 0xff, 0x4c, 0xff, 0xff, 0xff, 0xff,
  0xff, 0xff, 0xff, 0xfc, 0xff, 0xff, 0xff, 0xfd, 0xff, 0xff, 0xff, 0xff, 0xff, 0xff, 0xff, 0x3e, 0x00, 0x00, 0x00, 0x00, 0xff, 0xff, 0xff, 0x03,
  0xff, 0xff, 0xff, 0x03, 0x00, 0x00, 0x00, 0x00, 0xff, 0xff, 0xff, 0x3e, 0xff, 0xff, 0xff, 0xff, 0xff, 0xff, 0xff, 0xfd, 0xff, 0xff, 0xff, 0xfc,
  0xff, 0xff, 0xff, 0xff, 0xff, 0xff, 0xff, 0x4b, 0x00, 0x00, 0x00, 0x00, 0xff, 0xff, 0xff, 0x03, 0xff, 0xff, 0xff, 0x02, 0x00, 0x00, 0x00, 0x00,
  0xff, 0xff, 0xff, 0x2f, 0xff, 0xff, 0xff, 0xff, 0xff, 0xff, 0xff, 0xfc, 0xff, 0xff, 0xff, 0xfe, 0xff, 0xff, 0xff, 0xfe, 0xff, 0xff, 0xff, 0xfc,
  0xff, 0xff, 0xff, 0xff, 0xff, 0xff, 0xff, 0x2e, 0x00, 0x00, 0x00, 0x00, 0xff, 0xff, 0xff, 0x02, 0xff, 0xff, 0xff, 0x03, 0x00, 0x00, 0x00, 0x00,
  0xff, 0xff, 0xff, 0x4c, 0xff, 0xff, 0xff, 0xff, 0xff, 0xff, 0xff, 0xfc, 0xff, 0xff, 0xff, 0xfd, 0xff, 0xff, 0xff, 0xff, 0xff, 0xff, 0xff, 0x3e,
  0x00, 0x00, 0x00, 0x00, 0xff, 0xff, 0xff, 0x03, 0xff, 0xff, 0xff, 0x03, 0x00, 0x00, 0x00, 0x00, 0xff, 0xff, 0xff, 0x30, 0xff, 0xff, 0xff, 0xfe,
  0xff, 0xff, 0xff, 0xff, 0xff, 0xff, 0xff, 0xfb, 0xff, 0xff, 0xff, 0xff, 0xff, 0xff, 0xff, 0x64, 0xff, 0xff, 0xff, 0x01, 0xff, 0xff, 0xff, 0x04,
  0xff, 0xff, 0xff, 0x01, 0xff, 0xff, 0xff, 0x02, 0xff, 0xff, 0xff, 0x05, 0xff, 0xff, 0xff, 0xc8, 0xff, 0xff, 0xff, 0xff, 0xff, 0xff, 0xff, 0xfd,
  0xff, 0xff, 0xff, 0xfd, 0xff, 0xff, 0xff, 0xff, 0xff, 0xff, 0xff, 0xc8, 0xff, 0xff, 0xff, 0x05, 0xff, 0xff, 0xff, 0x02, 0xff, 0xff, 0xff, 0x01,
  0xff, 0xff, 0xff, 0x04, 0xff, 0xff, 0xff, 0x01, 0xff, 0xff, 0xff, 0x66, 0xff, 0xff, 0xff, 0xff, 0xff, 0xff, 0xff, 0xfb, 0xff, 0xff, 0xff, 0xff,
  0xff, 0xff, 0xff, 0xfe, 0xff, 0xff, 0xff, 0x2f, 0x00, 0x00, 0x00, 0x00, 0xff, 0xff, 0xff, 0x02, 0xff, 0xff, 0xff, 0x02, 0x00, 0x00, 0x00, 0x00,
  0xff, 0xff, 0xff, 0x30, 0xff, 0xff, 0xff, 0xfe, 0xff, 0xff, 0xff, 0xff, 0xff, 0xff, 0xff, 0xfb, 0xff, 0xff, 0xff, 0xff, 0xff, 0xff, 0xff, 0x64,
  0xff, 0xff, 0xff, 0x01, 0xff, 0xff, 0xff, 0x04, 0xff, 0xff, 0xff, 0x01, 0xff, 0xff, 0xff, 0x02, 0xff, 0xff, 0xff, 0x05, 0xff, 0xff, 0xff, 0xc8,
  0xff, 0xff, 0xff, 0xff, 0xff, 0xff, 0xff, 0xfd, 0xff, 0xff, 0xff, 0xfd, 0xff, 0xff, 0xff, 0xff, 0xff, 0xff, 0xff, 0xc8, 0xff, 0xff, 0xff, 0x05,
  0xff, 0xff, 0xff, 0x02, 0xff, 0xff, 0xff, 0x01, 0xff, 0xff, 0xff, 0x04, 0xff, 0xff, 0xff, 0x01, 0xff, 0xff, 0xff, 0x66, 0xff, 0xff, 0xff, 0xff,
  0xff, 0xff, 0xff, 0xfb, 0xff, 0xff, 0xff, 0xff, 0xff, 0xff, 0xff, 0xfe, 0xff, 0xff, 0xff, 0x2f, 0x00, 0x00, 0x00, 0x00, 0xff, 0xff, 0xff, 0x03,
  0xff, 0xff, 0xff, 0x01, 0x00, 0x00, 0x00, 0x00, 0xff, 0xff, 0xff, 0x15, 0xff, 0xff, 0xff, 0xf1, 0xff, 0xff, 0xff, 0xff, 0xff, 0xff, 0xff, 0xfa,
  0xff, 0xff, 0xff, 0xff, 0xff, 0xff, 0xff, 0x9e, 0x00, 0x00, 0x00, 0x00, 0xff, 0xff, 0xff, 0x03, 0x00, 0x00, 0x00, 0x00, 0xff, 0xff, 0xff, 0x02,
  0x00, 0x00, 0x00, 0x00, 0xff, 0xff, 0xff, 0x21, 0xff, 0xff, 0xff, 0xc3, 0xff, 0xff, 0xff, 0xfc, 0xff, 0xff, 0xff, 0xfc, 0xff, 0xff, 0xff, 0xc3,
  0xff, 0xff, 0xff, 0x21, 0x00, 0x00, 0x00, 0x00, 0xff, 0xff, 0xff, 0x02, 0x00, 0x00, 0x00, 0x00, 0xff, 0xff, 0xff, 0x03, 0x00, 0x00, 0x00, 0x00,
  0xff, 0xff, 0xff, 0x9f, 0xff, 0xff, 0xff, 0xff, 0xff, 0xff, 0xff, 0xfa, 0xff, 0xff, 0xff, 0xff, 0xff, 0xff, 0xff, 0xf1, 0xff, 0xff, 0xff, 0x14,
  0x00, 0x00, 0x00, 0x00, 0xff, 0xff, 0xff, 0x01, 0xff, 0xff, 0xff, 0x01, 0x00, 0x00, 0x00, 0x00, 0xff, 0xff, 0xff, 0x15, 0xff, 0xff, 0xff, 0xf1,
  0xff, 0xff, 0xff, 0xff, 0xff, 0xff, 0xff, 0xfa, 0xff, 0xff, 0xff, 0xff, 0xff, 0xff, 0xff, 0x9e, 0x00, 0x00, 0x00, 0x00, 0xff, 0xff, 0xff, 0x03,
  0x00, 0x00, 0x00, 0x00, 0xff, 0xff, 0xff, 0x02, 0x00, 0x00, 0x00, 0x00, 0xff, 0xff, 0xff, 0x21, 0xff, 0xff, 0xff, 0xc3, 0xff, 0xff, 0xff, 0xfc,
  0xff, 0xff, 0xff, 0xfc, 0xff, 0xff, 0xff, 0xc3, 0xff, 0xff, 0xff, 0x21, 0x00, 0x00, 0x00, 0x00, 0xff, 0xff, 0xff, 0x02, 0x00, 0x00, 0x00, 0x00,
  0xff, 0xff, 0xff, 0x03, 0x00, 0x00, 0x00, 0x00, 0xff, 0xff, 0xff, 0x9f, 0xff, 0xff, 0xff, 0xff, 0xff, 0xff, 0xff, 0xfa, 0xff, 0xff, 0xff, 0xff,
  0xff, 0xff, 0xff, 0xf1, 0xff, 0xff, 0xff, 0x14, 0x00, 0x00, 0x00, 0x00, 0xff, 0xff, 0xff, 0x01, 0x00, 0x00, 0x00, 0x00, 0xff, 0xff, 0xff, 0x01,
  0xff, 0xff, 0xff, 0x01, 0xff, 0xff, 0xff, 0xca, 0xff, 0xff, 0xff, 0xfe, 0xff, 0xff, 0xff, 0xfb, 0xff, 0xff, 0xff, 0xff, 0xff, 0xff, 0xff, 0xe9,
  0xff, 0xff, 0xff, 0x11, 0xff, 0xff, 0xff, 0x02, 0xff, 0xff, 0xff, 0x02, 0x00, 0x00, 0x00, 0x00, 0xff, 0xff, 0xff, 0x01, 0x00, 0x00, 0x00, 0x00,
  0x00, 0x00, 0x00, 0x00, 0xff, 0xff, 0xff, 0x2a, 0xff, 0xff, 0xff, 0x2a, 0x00, 0x00, 0x00, 0x00, 0x00, 0x00, 0x00, 0x00, 0xff, 0xff, 0xff, 0x01,
  0x00, 0x00, 0x00, 0x00, 0xff, 0xff, 0xff, 0x02, 0xff, 0xff, 0xff, 0x02, 0xff, 0xff, 0xff, 0x11, 0xff, 0xff, 0xff, 0xea, 0xff, 0xff, 0xff, 0xff,
  0xff, 0xff, 0xff, 0xfb, 0xff, 0xff, 0xff, 0xfe, 0xff, 0xff, 0xff, 0xc9, 0xff, 0xff, 0xff, 0x01, 0xff, 0xff, 0xff, 0x01, 0x00, 0x00, 0x00, 0x00,
  0x00, 0x00, 0x00, 0x00, 0xff, 0xff, 0xff, 0x01, 0xff, 0xff, 0xff, 0x01, 0xff, 0xff, 0xff, 0xca, 0xff, 0xff, 0xff, 0xfe, 0xff, 0xff, 0xff, 0xfb,
  0xff, 0xff, 0xff, 0xff, 0xff, 0xff, 0xff, 0xe9, 0xff, 0xff, 0xff, 0x11, 0xff, 0xff, 0xff, 0x02, 0xff, 0xff, 0xff, 0x02, 0x00, 0x00, 0x00, 0x00,
  0xff, 0xff, 0xff, 0x01, 0x00, 0x00, 0x00, 0x00, 0x00, 0x00, 0x00, 0x00, 0xff, 0xff, 0xff, 0x2a, 0xff, 0xff, 0xff, 0x2a, 0x00, 0x00, 0x00, 0x00,
  0x00, 0x00, 0x00, 0x00, 0xff, 0xff, 0xff, 0x01, 0x00, 0x00, 0x00, 0x00, 0xff, 0xff, 0xff, 0x02, 0xff, 0xff, 0xff, 0x02, 0xff, 0xff, 0xff, 0x11,
  0xff, 0xff, 0xff, 0xea, 0xff, 0xff, 0xff, 0xff, 0xff, 0xff, 0xff, 0xfb, 0xff, 0xff, 0xff, 0xfe, 0xff, 0xff, 0xff, 0xc9, 0xff, 0xff, 0xff, 0x01,
  0xff, 0xff, 0xff, 0x01, 0x00, 0x00, 0x00, 0x00, 0x00, 0x00, 0x00, 0x00, 0xff, 0xff, 0xff, 0x04, 0x00, 0x00, 0x00, 0x00, 0xff, 0xff, 0xff, 0x7f,
  0xff, 0xff, 0xff, 0xff, 0xff, 0xff, 0xff, 0xfb, 0xff, 0xff, 0xff, 0xfc, 0xff, 0xff, 0xff, 0xff, 0xff, 0xff, 0xff, 0x87, 0x00, 0x00, 0x00, 0x00,
  0xff, 0xff, 0xff, 0x06, 0x00, 0x00, 0x00, 0x00, 0x00, 0x00, 0x00, 0x00, 0xff, 0xff, 0xff, 0x02, 0x00, 0x00, 0x00, 0x00, 0x00, 0x00, 0x00, 0x00,
  0x00, 0x00, 0x00, 0x00, 0x00, 0x00, 0x00, 0x00, 0xff, 0xff, 0xff, 0x02, 0x00, 0x00, 0x00, 0x00, 0x00, 0x00, 0x00, 0x00, 0xff, 0xff, 0xff, 0x06,
  0x00, 0x00, 0x00, 0x00, 0xff, 0xff, 0xff, 0x88, 0xff, 0xff, 0xff, 0xff, 0xff, 0xff, 0xff, 0xfc, 0xff, 0xff, 0xff, 0xfb, 0xff, 0xff, 0xff, 0xff,
  0xff, 0xff, 0xff, 0x7e, 0x00, 0x00, 0x00, 0x00, 0xff, 0xff, 0xff, 0x04, 0x00, 0x00, 0x00, 0x00, 0x00, 0x00, 0x00, 0x00, 0xff, 0xff, 0xff, 0x04,
  0x00, 0x00, 0x00, 0x00, 0xff, 0xff, 0xff, 0x7f, 0xff, 0xff, 0xff, 0xff, 0xff, 0xff, 0xff, 0xfb, 0xff, 0xff, 0xff, 0xfc, 0xff, 0xff, 0xff, 0xff,
  0xff, 0xff, 0xff, 0x87, 0x00, 0x00, 0x00, 0x00, 0xff, 0xff, 0xff, 0x06, 0x00, 0x00, 0x00, 0x00, 0x00, 0x00, 0x00, 0x00, 0xff, 0xff, 0xff, 0x02,
  0x00, 0x00, 0x00, 0x00, 0x00, 0x00, 0x00, 0x00, 0x00, 0x00, 0x00, 0x00, 0x00, 0x00, 0x00, 0x00, 0xff, 0xff, 0xff, 0x02, 0x00, 0x00, 0x00, 0x00,
  0x00, 0x00, 0x00, 0x00, 0xff, 0xff, 0xff, 0x06, 0x00, 0x00, 0x00, 0x00, 0xff, 0xff, 0xff, 0x88, 0xff, 0xff, 0xff, 0xff, 0xff, 0xff, 0xff, 0xfc,
  0xff, 0xff, 0xff, 0xfb, 0xff, 0xff, 0xff, 0xff, 0xff, 0xff, 0xff, 0x7e, 0x00, 0x00, 0x00, 0x00, 0xff, 0xff, 0xff, 0x04, 0x00, 0x00, 0x00, 0x00,
  0x00, 0x00, 0x00, 0x00, 0xff, 0xff, 0xff, 0x02, 0x00, 0x00, 0x00, 0x00, 0xff, 0xff, 0xff, 0x20, 0xff, 0xff, 0xff, 0xf7, 0xff, 0xff, 0xff, 0xfd,
  0xff, 0xff, 0xff, 0xfd, 0xff, 0xff, 0xff, 0xfc, 0xff, 0xff, 0xff, 0xfc, 0xff, 0xff, 0xff, 0x48, 0x00, 0x00, 0x00, 0x00, 0xff, 0xff, 0xff, 0x06,
  0xff, 0xff, 0xff, 0x01, 0x00, 0x00, 0x00, 0x00, 0x00, 0x00, 0x00, 0x00, 0xff, 0xff, 0xff, 0x02, 0xff, 0xff, 0xff, 0x02, 0x00, 0x00, 0x00, 0x00,
  0x00, 0x00, 0x00, 0x00, 0xff, 0xff, 0xff, 0x01, 0xff, 0xff, 0xff, 0x06, 0x00, 0x00, 0x00, 0x00, 0xff, 0xff, 0xff, 0x48, 0xff, 0xff, 0xff, 0xfc,
  0xff, 0xff, 0xff, 0xfc, 0xff, 0xff, 0xff, 0xfd, 0xff, 0xff, 0xff, 0xfd, 0xff, 0xff, 0xff, 0xf6, 0xff, 0xff, 0xff, 0x1f, 0x00, 0x00, 0x00, 0x00,
  0xff, 0xff, 0xff, 0x02, 0x00, 0x00, 0x00, 0x00, 0x00, 0x00, 0x00, 0x00, 0xff, 0xff, 0xff, 0x02, 0x00, 0x00, 0x00, 0x00, 0xff, 0xff, 0xff, 0x20,
  0xff, 0xff, 0xff, 0xf7, 0xff, 0xff, 0xff, 0xfd, 0xff, 0xff, 0xff, 0xfd, 0xff, 0xff, 0xff, 0xfc, 0xff, 0xff, 0xff, 0xfc, 0xff, 0xff, 0xff, 0x48,
  0x00, 0x00, 0x00, 0x00, 0xff, 0xff, 0xff, 0x06, 0xff, 0xff, 0xff, 0x01, 0x00, 0x00, 0x00, 0x00, 0x00, 0x00, 0x00, 0x00, 0xff, 0xff, 0xff, 0x02,
  0xff, 0xff, 0xff, 0x02, 0x00, 0x00, 0x00, 0x00, 0x00, 0x00, 0x00, 0x00, 0xff, 0xff, 0xff, 0x01, 0xff, 0xff, 0xff, 0x06, 0x00, 0x00, 0x00, 0x00,
  0xff, 0xff, 0xff, 0x48, 0xff, 0xff, 0xff, 0xfc, 0xff, 0xff, 0xff, 0xfc, 0xff, 0xff, 0xff, 0xfd, 0xff, 0xff, 0xff, 0xfd, 0xff, 0xff, 0xff, 0xf6,
  0xff, 0xff, 0xff, 0x1f, 0x00, 0x00, 0x00, 0x00, 0xff, 0xff, 0xff, 0x02, 0x00, 0x00, 0x00, 0x00, 0x00, 0x00, 0x00, 0x00, 0x00, 0x00, 0x00, 0x00,
  0xff, 0xff, 0xff, 0x03, 0x00, 0x00, 0x00, 0x00, 0xff, 0xff, 0xff, 0x90, 0xff, 0xff, 0xff, 0xff, 0xff, 0xff, 0xff, 0xfb, 0xff, 0xff, 0xff, 0xfe,
  0xff, 0xff, 0xff, 0xfe, 0xff, 0xff, 0xff, 0xf0, 0xff, 0xff, 0xff, 0x48, 0x00, 0x00, 0x00, 0x00, 0x00, 0x00, 0x00, 0x00, 0xff, 0xff, 0xff, 0x03,
  0xff, 0xff, 0xff, 0x04, 0xff, 0xff, 0xff, 0x03, 0xff, 0xff, 0xff, 0x03, 0xff, 0xff, 0xff, 0x04, 0xff, 0xff, 0xff, 0x03, 0x00, 0x00, 0x00, 0x00,
  0x00, 0x00, 0x00, 0x00, 0xff, 0xff, 0xff, 0x48, 0xff, 0xff, 0xff, 0xf0, 0xff, 0xff, 0xff, 0xfe, 0xff, 0xff, 0xff, 0xfe, 0xff, 0xff, 0xff, 0xfb,
  0xff, 0xff, 0xff, 0xff, 0xff, 0xff, 0xff, 0x90, 0x00, 0x00, 0x00, 0x00, 0xff, 0xff, 0xff, 0x03, 0x00, 0x00, 0x00, 0x00, 0x00, 0x00, 0x00, 0x00,
  0x00, 0x00, 0x00, 0x00, 0x00, 0x00, 0x00, 0x00, 0xff, 0xff, 0xff, 0x03, 0x00, 0x00, 0x00, 0x00, 0xff, 0xff, 0xff, 0x90, 0xff, 0xff, 0xff, 0xff,
  0xff, 0xff, 0xff, 0xfb, 0xff, 0xff, 0xff, 0xfe, 0xff, 0xff, 0xff, 0xfe, 0xff, 0xff, 0xff, 0xf0, 0xff, 0xff, 0xff, 0x48, 0x00, 0x00, 0x00, 0x00,
  0x00, 0x00, 0x00, 0x00, 0xff, 0xff, 0xff, 0x03, 0xff, 0xff, 0xff, 0x04, 0xff, 0xff, 0xff, 0x03, 0xff, 0xff, 0xff, 0x03, 0xff, 0xff, 0xff, 0x04,
  0xff, 0xff, 0xff, 0x03, 0x00, 0x00, 0x00, 0x00, 0x00, 0x00, 0x00, 0x00, 0xff, 0xff, 0xff, 0x48, 0xff, 0xff, 0xff, 0xf0, 0xff, 0xff, 0xff, 0xfe,
  0xff, 0xff, 0xff, 0xfe, 0xff, 0xff, 0xff, 0xfb, 0xff, 0xff, 0xff, 0xff, 0xff, 0xff, 0xff, 0x90, 0x00, 0x00, 0x00, 0x00, 0xff, 0xff, 0xff, 0x03,
  0x00, 0x00, 0x00, 0x00, 0x00, 0x00, 0x00, 0x00, 0x00, 0x00, 0x00, 0x00, 0x00, 0x00, 0x00, 0x00, 0xff, 0xff, 0xff, 0x01, 0xff, 0xff, 0xff, 0x02,
  0xff, 0xff, 0xff, 0x0f, 0xff, 0xff, 0xff, 0xdc, 0xff, 0xff, 0xff, 0xff, 0xff, 0xff, 0xff, 0xfc, 0xff, 0xff, 0xff, 0xfe, 0xff, 0xff, 0xff, 0xff,
  0xff, 0xff, 0xff, 0xfd, 0xff, 0xff, 0xff, 0x86, 0xff, 0xff, 0xff, 0x16, 0x00, 0x00, 0x00, 0x00, 0x00, 0x00, 0x00, 0x00, 0x00, 0x00, 0x00, 0x00,
  0x00, 0x00, 0x00, 0x00, 0x00, 0x00, 0x00, 0x00, 0x00, 0x00, 0x00, 0x00, 0xff, 0xff, 0xff, 0x17, 0xff, 0xff, 0xff, 0x86, 0xff, 0xff, 0xff, 0xfd,
  0xff, 0xff, 0xff, 0xff, 0xff, 0xff, 0xff, 0xfe, 0xff, 0xff, 0xff, 0xfc, 0xff, 0xff, 0xff, 0xff, 0xff, 0xff, 0xff, 0xdb, 0xff, 0xff, 0xff, 0x0f,
  0xff, 0xff, 0xff, 0x02, 0xff, 0xff, 0xff, 0x01, 0x00, 0x00, 0x00, 0x00, 0x00, 0x00, 0x00, 0x00, 0x00, 0x00, 0x00, 0x00, 0x00, 0x00, 0x00, 0x00,
  0xff, 0xff, 0xff, 0x01, 0xff, 0xff, 0xff, 0x02, 0xff, 0xff, 0xff, 0x0f, 0xff, 0xff, 0xff, 0xdc, 0xff, 0xff, 0xff, 0xff, 0xff, 0xff, 0xff, 0xfc,
  0xff, 0xff, 0xff, 0xfe, 0xff, 0xff, 0xff, 0xff, 0xff, 0xff, 0xff, 0xfd, 0xff, 0xff, 0xff, 0x86, 0xff, 0xff, 0xff, 0x16, 0x00, 0x00, 0x00, 0x00,
  0x00, 0x00, 0x00, 0x00, 0x00, 0x00, 0x00, 0x00, 0x00, 0x00, 0x00, 0x00, 0x00, 0x00, 0x00, 0x00, 0x00, 0x00, 0x00, 0x00, 0xff, 0xff, 0xff, 0x17,
  0xff, 0xff, 0xff, 0x86, 0xff, 0xff, 0xff, 0xfd, 0xff, 0xff, 0xff, 0xff, 0xff, 0xff, 0xff, 0xfe, 0xff, 0xff, 0xff, 0xfc, 0xff, 0xff, 0xff, 0xff,
  0xff, 0xff, 0xff, 0xdb, 0xff, 0xff, 0xff, 0x0f, 0xff, 0xff, 0xff, 0x02, 0xff, 0xff, 0xff, 0x01, 0x00, 0x00, 0x00, 0x00, 0x00, 0x00, 0x00, 0x00,
  0x00, 0x00, 0x00, 0x00, 0x00, 0x00, 0x00, 0x00, 0x00, 0x00, 0x00, 0x00, 0xff, 0xff, 0xff, 0x02, 0x00, 0x00, 0x00, 0x00, 0xff, 0xff, 0xff, 0x33,
  0xff, 0xff, 0xff, 0xf4, 0xff, 0xff, 0xff, 0xff, 0xff, 0xff, 0xff, 0xfc, 0xff, 0xff, 0xff, 0xfe, 0xff, 0xff, 0xff, 0xff, 0xff, 0xff, 0xff, 0xff,
  0xff, 0xff, 0xff, 0xea, 0xff, 0xff, 0xff, 0xa8, 0xff, 0xff, 0xff, 0x6d, 0xff, 0xff, 0xff, 0x4d, 0xff, 0xff, 0xff, 0x4d, 0xff, 0xff, 0xff, 0x6d,
  0xff, 0xff, 0xff, 0xa8, 0xff, 0xff, 0xff, 0xeb, 0xff, 0xff, 0xff, 0xff, 0xff, 0xff, 0xff, 0xff, 0xff, 0xff, 0xff, 0xfe, 0xff, 0xff, 0xff, 0xfc,
  0xff, 0xff, 0xff, 0xff, 0xff, 0xff, 0xff, 0xf3, 0xff, 0xff, 0xff, 0x32, 0x00, 0x00, 0x00, 0x00, 0xff, 0xff, 0xff, 0x02, 0x00, 0x00, 0x00, 0x00,
  0x00, 0x00, 0x00, 0x00, 0x00, 0x00, 0x00, 0x00, 0x00, 0x00, 0x00, 0x00, 0x00, 0x00, 0x00, 0x00, 0x00, 0x00, 0x00, 0x00, 0xff, 0xff, 0xff, 0x02,
  0x00, 0x00, 0x00, 0x00, 0xff, 0xff, 0xff, 0x33, 0xff, 0xff, 0xff, 0xf4, 0xff, 0xff, 0xff, 0xff, 0xff, 0xff, 0xff, 0xfc, 0xff, 0xff, 0xff, 0xfe,
  0xff, 0xff, 0xff, 0xff, 0xff, 0xff, 0xff, 0xff, 0xff, 0xff, 0xff, 0xea, 0xff, 0xff, 0xff, 0xa8, 0xff, 0xff, 0xff, 0x6d, 0xff, 0xff, 0xff, 0x4d,
  0xff, 0xff, 0xff, 0x4d, 0xff, 0xff, 0xff, 0x6d, 0xff, 0xff, 0xff, 0xa8, 0xff, 0xff, 0xff, 0xeb, 0xff, 0xff, 0xff, 0xff, 0xff, 0xff, 0xff, 0xff,
  0xff, 0xff, 0xff, 0xfe, 0xff, 0xff, 0xff, 0xfc, 0xff, 0xff, 0xff, 0xff, 0xff, 0xff, 0xff, 0xf3, 0xff, 0xff, 0xff, 0x32, 0x00, 0x00, 0x00, 0x00,
  0xff, 0xff, 0xff, 0x02, 0x00, 0x00, 0x00, 0x00, 0x00, 0x00, 0x00, 0x00, 0x00, 0x00, 0x00, 0x00, 0x00, 0x00, 0x00, 0x00, 0x00, 0x00, 0x00, 0x00,
  0x00, 0x00, 0x00, 0x00, 0x00, 0x00, 0x00, 0x00, 0xff, 0xff, 0xff, 0x03, 0x00, 0x00, 0x00, 0x00, 0xff, 0xff, 0xff, 0x46, 0xff, 0xff, 0xff, 0xf4,
  0xff, 0xff, 0xff, 0xff, 0xff, 0xff, 0xff, 0xfa, 0xff, 0xff, 0xff, 0xfe, 0xff, 0xff, 0xff, 0xfc, 0xff, 0xff, 0xff, 0xff, 0xff, 0xff, 0xff, 0xff,
  0xff, 0xff, 0xff, 0xff, 0xff, 0xff, 0xff, 0xff, 0xff, 0xff, 0xff, 0xff, 0xff, 0xff, 0xff, 0xff, 0xff, 0xff, 0xff, 0xff, 0xff, 0xff, 0xff, 0xff,
  0xff, 0xff, 0xff, 0xfc, 0xff, 0xff, 0xff, 0xfe, 0xff, 0xff, 0xff, 0xfa, 0xff, 0xff, 0xff, 0xff, 0xff, 0xff, 0xff, 0xf4, 0xff, 0xff, 0xff, 0x45,
  0x00, 0x00, 0x00, 0x00, 0xff, 0xff, 0xff, 0x03, 0x00, 0x00, 0x00, 0x00, 0x00, 0x00, 0x00, 0x00, 0x00, 0x00, 0x00, 0x00, 0x00, 0x00, 0x00, 0x00,
  0x00, 0x00, 0x00, 0x00, 0x00, 0x00, 0x00, 0x00, 0x00, 0x00, 0x00, 0x00, 0x00, 0x00, 0x00, 0x00, 0xff, 0xff, 0xff, 0x03, 0x00, 0x00, 0x00, 0x00,
  0xff, 0xff, 0xff, 0x46, 0xff, 0xff, 0xff, 0xf4, 0xff, 0xff, 0xff, 0xff, 0xff, 0xff, 0xff, 0xfa, 0xff, 0xff, 0xff, 0xfe, 0xff, 0xff, 0xff, 0xfc,
  0xff, 0xff, 0xff, 0xff, 0xff, 0xff, 0xff, 0xff, 0xff, 0xff, 0xff, 0xff, 0xff, 0xff, 0xff, 0xff, 0xff, 0xff, 0xff, 0xff, 0xff, 0xff, 0xff, 0xff,
  0xff, 0xff, 0xff, 0xff, 0xff, 0xff, 0xff, 0xff, 0xff, 0xff, 0xff, 0xfc, 0xff, 0xff, 0xff, 0xfe, 0xff, 0xff, 0xff, 0xfa, 0xff, 0xff, 0xff, 0xff,
  0xff, 0xff, 0xff, 0xf4, 0xff, 0xff, 0xff, 0x45, 0x00, 0x00, 0x00, 0x00, 0xff, 0xff, 0xff, 0x03, 0x00, 0x00, 0x00, 0x00, 0x00, 0x00, 0x00, 0x00,
  0x00, 0x00, 0x00, 0x00, 0x00, 0x00, 0x00, 0x00, 0x00, 0x00, 0x00, 0x00, 0x00, 0x00, 0x00, 0x00, 0x00, 0x00, 0x00, 0x00, 0x00, 0x00, 0x00, 0x00,
  0x00, 0x00, 0x00, 0x00, 0xff, 0xff, 0xff, 0x04, 0x00, 0x00, 0x00, 0x00, 0xff, 0xff, 0xff, 0x37, 0xff, 0xff, 0xff, 0xd9, 0xff, 0xff, 0xff, 0xff,
  0xff, 0xff, 0xff, 0xff, 0xff, 0xff, 0xff, 0xfb, 0xff, 0xff, 0xff, 0xfb, 0xff, 0xff, 0xff, 0xfa, 0xff, 0xff, 0xff, 0xfb, 0xff, 0xff, 0xff, 0xfc,
  0xff, 0xff, 0xff, 0xfc, 0xff, 0xff, 0xff, 0xfb, 0xff, 0xff, 0xff, 0xfa, 0xff, 0xff, 0xff, 0xfb, 0xff, 0xff, 0xff, 0xfb, 0xff, 0xff, 0xff, 0xff,
  0xff, 0xff, 0xff, 0xff, 0xff, 0xff, 0xff, 0xd8, 0xff, 0xff, 0xff, 0x37, 0x00, 0x00, 0x00, 0x00, 0xff, 0xff, 0xff, 0x04, 0x00, 0x00, 0x00, 0x00,
  0x00, 0x00, 0x00, 0x00, 0x00, 0x00, 0x00, 0x00, 0x00, 0x00, 0x00, 0x00, 0x00, 0x00, 0x00, 0x00, 0x00, 0x00, 0x00, 0x00, 0x00, 0x00, 0x00, 0x00,
  0x00, 0x00, 0x00, 0x00, 0x00, 0x00, 0x00, 0x00, 0x00, 0x00, 0x00, 0x00, 0xff, 0xff, 0xff, 0x04, 0x00, 0x00, 0x00, 0x00, 0xff, 0xff, 0xff, 0x37,
  0xff, 0xff, 0xff, 0xd9, 0xff, 0xff, 0xff, 0xff, 0xff, 0xff, 0xff, 0xff, 0xff, 0xff, 0xff, 0xfb, 0xff, 0xff, 0xff, 0xfb, 0xff, 0xff, 0xff, 0xfa,
  0xff, 0xff, 0xff, 0xfb, 0xff, 0xff, 0xff, 0xfc, 0xff, 0xff, 0xff, 0xfc, 0xff, 0xff, 0xff, 0xfb, 0xff, 0xff, 0xff, 0xfa, 0xff, 0xff, 0xff, 0xfb,
  0xff, 0xff, 0xff, 0xfb, 0xff, 0xff, 0xff, 0xff, 0xff, 0xff, 0xff, 0xff, 0xff, 0xff, 0xff, 0xd8, 0xff, 0xff, 0xff, 0x37, 0x00, 0x00, 0x00, 0x00,
  0xff, 0xff, 0xff, 0x04, 0x00, 0x00, 0x00, 0x00, 0x00, 0x00, 0x00, 0x00, 0x00, 0x00, 0x00, 0x00, 0x00, 0x00, 0x00, 0x00, 0x00, 0x00, 0x00, 0x00,
  0x00, 0x00, 0x00, 0x00, 0x00, 0x00, 0x00, 0x00, 0x00, 0x00, 0x00, 0x00, 0x00, 0x00, 0x00, 0x00, 0x00, 0x00, 0x00, 0x00, 0x00, 0x00, 0x00, 0x00,
  0xff, 0xff, 0xff, 0x03, 0x00, 0x00, 0x00, 0x00, 0xff, 0xff, 0xff, 0x10, 0xff, 0xff, 0xff, 0x90, 0xff, 0xff, 0xff, 0xf4, 0xff, 0xff, 0xff, 0xff,
  0xff, 0xff, 0xff, 0xff, 0xff, 0xff, 0xff, 0xff, 0xff, 0xff, 0xff, 0xff, 0xff, 0xff, 0xff, 0xfd, 0xff, 0xff, 0xff, 0xfd, 0xff, 0xff, 0xff, 0xff,
  0xff, 0xff, 0xff, 0xff, 0xff, 0xff, 0xff, 0xff, 0xff, 0xff, 0xff, 0xff, 0xff, 0xff, 0xff, 0xf4, 0xff, 0xff, 0xff, 0x8f, 0xff, 0xff, 0xff, 0x10,
  0x00, 0x00, 0x00, 0x00, 0xff, 0xff, 0xff, 0x03, 0x00, 0x00, 0x00, 0x00, 0x00, 0x00, 0x00, 0x00, 0x00, 0x00, 0x00, 0x00, 0x00, 0x00, 0x00, 0x00,
  0x00, 0x00, 0x00, 0x00, 0x00, 0x00, 0x00, 0x00, 0x00, 0x00, 0x00, 0x00, 0x00, 0x00, 0x00, 0x00, 0x00, 0x00, 0x00, 0x00, 0x00, 0x00, 0x00, 0x00,
  0x00, 0x00, 0x00, 0x00, 0x00, 0x00, 0x00, 0x00, 0xff, 0xff, 0xff, 0x03, 0x00, 0x00, 0x00, 0x00, 0xff, 0xff, 0xff, 0x10, 0xff, 0xff, 0xff, 0x90,
  0xff, 0xff, 0xff, 0xf4, 0xff, 0xff, 0xff, 0xff, 0xff, 0xff, 0xff, 0xff, 0xff, 0xff, 0xff, 0xff, 0xff, 0xff, 0xff, 0xff, 0xff, 0xff, 0xff, 0xfd,
  0xff, 0xff, 0xff, 0xfd, 0xff, 0xff, 0xff, 0xff, 0xff, 0xff, 0xff, 0xff, 0xff, 0xff, 0xff, 0xff, 0xff, 0xff, 0xff, 0xff, 0xff, 0xff, 0xff, 0xf4,
  0xff, 0xff, 0xff, 0x8f, 0xff, 0xff, 0xff, 0x10, 0x00, 0x00, 0x00, 0x00, 0xff, 0xff, 0xff, 0x03, 0x00, 0x00, 0x00, 0x00, 0x00, 0x00, 0x00, 0x00,
  0x00, 0x00, 0x00, 0x00, 0x00, 0x00, 0x00, 0x00, 0x00, 0x00, 0x00, 0x00, 0x00, 0x00, 0x00, 0x00, 0x00, 0x00, 0x00, 0x00, 0x00, 0x00, 0x00, 0x00,
  0x00, 0x00, 0x00, 0x00, 0x00, 0x00, 0x00, 0x00, 0x00, 0x00, 0x00, 0x00, 0x00, 0x00, 0x00, 0x00, 0x00, 0x00, 0x00, 0x00, 0xff, 0xff, 0xff, 0x02,
  0x00, 0x00, 0x00, 0x00, 0x00, 0x00, 0x00, 0x00, 0xff, 0xff, 0xff, 0x23, 0xff, 0xff, 0xff, 0x7a, 0xff, 0xff, 0xff, 0xc4, 0xff, 0xff, 0xff, 0xee,
  0xff, 0xff, 0xff, 0xff, 0xff, 0xff, 0xff, 0xff, 0xff, 0xff, 0xff, 0xff, 0xff, 0xff, 0xff, 0xff, 0xff, 0xff, 0xff, 0xee, 0xff, 0xff, 0xff, 0xc3,
  0xff, 0xff, 0xff, 0x79, 0xff, 0xff, 0xff, 0x23, 0x00, 0x00, 0x00, 0x00, 0x00, 0x00, 0x00, 0x00, 0xff, 0xff, 0xff, 0x02, 0x00, 0x00, 0x00, 0x00,
  0x00, 0x00, 0x00, 0x00, 0x00, 0x00, 0x00, 0x00, 0x00, 0x00, 0x00, 0x00, 0x00, 0x00, 0x00, 0x00, 0x00, 0x00, 0x00, 0x00, 0x00, 0x00, 0x00, 0x00,
  0x00, 0x00, 0x00, 0x00, 0x00, 0x00, 0x00, 0x00, 0x00, 0x00, 0x00, 0x00, 0x00, 0x00, 0x00, 0x00, 0x00, 0x00, 0x00, 0x00, 0x00, 0x00, 0x00, 0x00,
  0x00, 0x00, 0x00, 0x00, 0xff, 0xff, 0xff, 0x02, 0x00, 0x00, 0x00, 0x00, 0x00, 0x00, 0x00, 0x00, 0xff, 0xff, 0xff, 0x23, 0xff, 0xff, 0xff, 0x7a,
  0xff, 0xff, 0xff, 0xc4, 0xff, 0xff, 0xff, 0xee, 0xff, 0xff, 0xff, 0xff, 0xff, 0xff, 0xff, 0xff, 0xff, 0xff, 0xff, 0xff, 0xff, 0xff, 0xff, 0xff,
  0xff, 0xff, 0xff, 0xee, 0xff, 0xff, 0xff, 0xc3, 0xff, 0xff, 0xff, 0x79, 0xff, 0xff, 0xff, 0x23, 0x00, 0x00, 0x00, 0x00, 0x00, 0x00, 0x00, 0x00,
  0xff, 0xff, 0xff, 0x02, 0x00, 0x00, 0x00, 0x00, 0x00, 0x00, 0x00, 0x00, 0x00, 0x00, 0x00, 0x00, 0x00, 0x00, 0x00, 0x00, 0x00, 0x00, 0x00, 0x00,
  0x00, 0x00, 0x00, 0x00, 0x00, 0x00, 0x00, 0x00, 0x00, 0x00, 0x00, 0x00, 0x00, 0x00, 0x00, 0x00, 0x00, 0x00, 0x00, 0x00, 0x00, 0x00, 0x00, 0x00,
  0x00, 0x00, 0x00, 0x00, 0x00, 0x00, 0x00, 0x00, 0x00, 0x00, 0x00, 0x00, 0x00, 0x00, 0x00, 0x00, 0xff, 0xff, 0xff, 0x01, 0xff, 0xff, 0xff, 0x03,
  0x00, 0x00, 0x00, 0x00, 0x00, 0x00, 0x00, 0x00, 0x00, 0x00, 0x00, 0x00, 0xff, 0xff, 0xff, 0x14, 0xff, 0xff, 0xff, 0x30, 0xff, 0xff, 0xff, 0x3e,
  0xff, 0xff, 0xff, 0x3e, 0xff, 0xff, 0xff, 0x30, 0xff, 0xff, 0xff, 0x14, 0x00, 0x00, 0x00, 0x00, 0x00, 0x00, 0x00, 0x00, 0x00, 0x00, 0x00, 0x00,
  0xff, 0xff, 0xff, 0x03, 0xff, 0xff, 0xff, 0x01, 0x00, 0x00, 0x00, 0x00, 0x00, 0x00, 0x00, 0x00, 0x00, 0x00, 0x00, 0x00, 0x00, 0x00, 0x00, 0x00,
  0x00, 0x00, 0x00, 0x00, 0x00, 0x00, 0x00, 0x00, 0x00, 0x00, 0x00, 0x00, 0x00, 0x00, 0x00, 0x00, 0x00, 0x00, 0x00, 0x00, 0x00, 0x00, 0x00, 0x00,
  0x00, 0x00, 0x00, 0x00, 0x00, 0x00, 0x00, 0x00, 0x00, 0x00, 0x00, 0x00, 0x00, 0x00, 0x00, 0x00, 0x00, 0x00, 0x00, 0x00, 0x00, 0x00, 0x00, 0x00,
  0xff, 0xff, 0xff, 0x01, 0xff, 0xff, 0xff, 0x03, 0x00, 0x00, 0x00, 0x00, 0x00, 0x00, 0x00, 0x00, 0x00, 0x00, 0x00, 0x00, 0xff, 0xff, 0xff, 0x14,
  0xff, 0xff, 0xff, 0x30, 0xff, 0xff, 0xff, 0x3e, 0xff, 0xff, 0xff, 0x3e, 0xff, 0xff, 0xff, 0x30, 0xff, 0xff, 0xff, 0x14, 0x00, 0x00, 0x00, 0x00,
  0x00, 0x00, 0x00, 0x00, 0x00, 0x00, 0x00, 0x00, 0xff, 0xff, 0xff, 0x03, 0xff, 0xff, 0xff, 0x01, 0x00, 0x00, 0x00, 0x00, 0x00, 0x00, 0x00, 0x00,
  0x00, 0x00, 0x00, 0x00, 0x00, 0x00, 0x00, 0x00, 0x00, 0x00, 0x00, 0x00, 0x00, 0x00, 0x00, 0x00, 0x00, 0x00, 0x00, 0x00, 0x00, 0x00, 0x00, 0x00,
  0x00, 0x00, 0x00, 0x00, 0x00, 0x00, 0x00, 0x00, 0x00, 0x00, 0x00, 0x00, 0x00, 0x00, 0x00, 0x00, 0x00, 0x00, 0x00, 0x00, 0x00, 0x00, 0x00, 0x00,
  0x00, 0x00, 0x00, 0x00, 0x00, 0x00, 0x00, 0x00, 0x00, 0x00, 0x00, 0x00, 0x00, 0x00, 0x00, 0x00, 0xff, 0xff, 0xff, 0x02, 0xff, 0xff, 0xff, 0x04,
  0xff, 0xff, 0xff, 0x01, 0x00, 0x00, 0x00, 0x00, 0x00, 0x00, 0x00, 0x00, 0x00, 0x00, 0x00, 0x00, 0x00, 0x00, 0x00, 0x00, 0x00, 0x00, 0x00, 0x00,
  0x00, 0x00, 0x00, 0x00, 0xff, 0xff, 0xff, 0x01, 0xff, 0xff, 0xff, 0x04, 0xff, 0xff, 0xff, 0x02, 0x00, 0x00, 0x00, 0x00, 0x00, 0x00, 0x00, 0x00,
  0x00, 0x00, 0x00, 0x00, 0x00, 0x00, 0x00, 0x00, 0x00, 0x00, 0x00, 0x00, 0x00, 0x00, 0x00, 0x00, 0x00, 0x00, 0x00, 0x00, 0x00, 0x00, 0x00, 0x00,
  0x00, 0x00, 0x00, 0x00, 0x00, 0x00, 0x00, 0x00, 0x00, 0x00, 0x00, 0x00, 0x00, 0x00, 0x00, 0x00, 0x00, 0x00, 0x00, 0x00, 0x00, 0x00, 0x00, 0x00,
  0x00, 0x00, 0x00, 0x00, 0x00, 0x00, 0x00, 0x00, 0x00, 0x00, 0x00, 0x00, 0x00, 0x00, 0x00, 0x00, 0x00, 0x00, 0x00, 0x00, 0x00, 0x00, 0x00, 0x00,
  0xff, 0xff, 0xff, 0x02, 0xff, 0xff, 0xff, 0x04, 0xff, 0xff, 0xff, 0x01, 0x00, 0x00, 0x00, 0x00, 0x00, 0x00, 0x00, 0x00, 0x00, 0x00, 0x00, 0x00,
  0x00, 0x00, 0x00, 0x00, 0x00, 0x00, 0x00, 0x00, 0x00, 0x00, 0x00, 0x00, 0xff, 0xff, 0xff, 0x01, 0xff, 0xff, 0xff, 0x04, 0xff, 0xff, 0xff, 0x02,
  0x00, 0x00, 0x00, 0x00, 0x00, 0x00, 0x00, 0x00, 0x00, 0x00, 0x00, 0x00, 0x00, 0x00, 0x00, 0x00, 0x00, 0x00, 0x00, 0x00, 0x00, 0x00, 0x00, 0x00,
  0x00, 0x00, 0x00, 0x00, 0x00, 0x00, 0x00, 0x00, 0x00, 0x00, 0x00, 0x00, 0x00, 0x00, 0x00, 0x00, 0x00, 0x00, 0x00, 0x00, 0x00, 0x00, 0x00, 0x00,
  0x00, 0x00, 0x00, 0x00, 0x00, 0x00, 0x00, 0x00, 0x00, 0x00, 0x00, 0x00, 0x00, 0x00, 0x00, 0x00, 0x00, 0x00, 0x00, 0x00, 0x00, 0x00, 0x00, 0x00,
  0x00, 0x00, 0x00, 0x00, 0x00, 0x00, 0x00, 0x00, 0x00, 0x00, 0x00, 0x00, 0x00, 0x00, 0x00, 0x00, 0x00, 0x00, 0x00, 0x00, 0xff, 0xff, 0xff, 0x01,
  0xff, 0xff, 0xff, 0x02, 0xff, 0xff, 0xff, 0x03, 0xff, 0xff, 0xff, 0x03, 0xff, 0xff, 0xff, 0x02, 0xff, 0xff, 0xff, 0x01, 0x00, 0x00, 0x00, 0x00,
  0x00, 0x00, 0x00, 0x00, 0x00, 0x00, 0x00, 0x00, 0x00, 0x00, 0x00, 0x00, 0x00, 0x00, 0x00, 0x00, 0x00, 0x00, 0x00, 0x00, 0x00, 0x00, 0x00, 0x00,
  0x00, 0x00, 0x00, 0x00, 0x00, 0x00, 0x00, 0x00, 0x00, 0x00, 0x00, 0x00, 0x00, 0x00, 0x00, 0x00, 0x00, 0x00, 0x00, 0x00, 0x00, 0x00, 0x00, 0x00,
  0x00, 0x00, 0x00, 0x00, 0x00, 0x00, 0x00, 0x00, 0x00, 0x00, 0x00, 0x00, 0x00, 0x00, 0x00, 0x00, 0x00, 0x00, 0x00, 0x00, 0x00, 0x00, 0x00, 0x00,
  0x00, 0x00, 0x00, 0x00, 0x00, 0x00, 0x00, 0x00, 0x00, 0x00, 0x00, 0x00, 0x00, 0x00, 0x00, 0x00, 0x00, 0x00, 0x00, 0x00, 0x00, 0x00, 0x00, 0x00,
  0x00, 0x00, 0x00, 0x00, 0xff, 0xff, 0xff, 0x01, 0xff, 0xff, 0xff, 0x02, 0xff, 0xff, 0xff, 0x03, 0xff, 0xff, 0xff, 0x03, 0xff, 0xff, 0xff, 0x02,
  0xff, 0xff, 0xff, 0x01, 0x00, 0x00, 0x00, 0x00, 0x00, 0x00, 0x00, 0x00, 0x00, 0x00, 0x00, 0x00, 0x00, 0x00, 0x00, 0x00, 0x00, 0x00, 0x00, 0x00,
  0x00, 0x00, 0x00, 0x00, 0x00, 0x00, 0x00, 0x00, 0x00, 0x00, 0x00, 0x00, 0x00, 0x00, 0x00, 0x00, 0x00, 0x00, 0x00, 0x00, 0x00, 0x00, 0x00, 0x00,
  0x00, 0x00, 0x00, 0x00, 0x00, 0x00, 0x00, 0x00, 0x00, 0x00, 0x00, 0x00, 0x00, 0x00, 0x00, 0x00, 0x00, 0x00, 0x00, 0x00, 0x00, 0x00, 0x00, 0x00,
  0x00, 0x00, 0x00, 0x00, 0x00, 0x00, 0x00, 0x00, 0x00, 0x00, 0x00, 0x00, 0x00, 0x00, 0x00, 0x00, 0x00, 0x00, 0x00, 0x00, 0x00, 0x00, 0x00, 0x00,
  0x00, 0x00, 0x00, 0x00, 0x00, 0x00, 0x00, 0x00, 0x00, 0x00, 0x00, 0x00, 0xff, 0xff, 0xff, 0x01, 0xff, 0xff, 0xff, 0x02, 0xff, 0xff, 0xff, 0x03,
  0xff, 0xff, 0xff, 0x03, 0xff, 0xff, 0xff, 0x02, 0xff, 0xff, 0xff, 0x01, 0x00, 0x00, 0x00, 0x00, 0x00, 0x00, 0x00, 0x00, 0x00, 0x00, 0x00, 0x00,
  0x00, 0x00, 0x00, 0x00, 0x00, 0x00, 0x00, 0x00, 0x00, 0x00, 0x00, 0x00, 0x00, 0x00, 0x00, 0x00, 0x00, 0x00, 0x00, 0x00, 0x00, 0x00, 0x00, 0x00,
  0x00, 0x00, 0x00, 0x00, 0x00, 0x00, 0x00, 0x00, 0x00, 0x00, 0x00, 0x00, 0x00, 0x00, 0x00, 0x00, 0x00, 0x00, 0x00, 0x00, 0x00, 0x00, 0x00, 0x00,
  0x00, 0x00, 0x00, 0x00, 0x00, 0x00, 0x00, 0x00, 0x00, 0x00, 0x00, 0x00, 0x00, 0x00, 0x00, 0x00, 0x00, 0x00, 0x00, 0x00, 0x00, 0x00, 0x00, 0x00,
  0x00, 0x00, 0x00, 0x00, 0x00, 0x00, 0x00, 0x00, 0x00, 0x00, 0x00, 0x00, 0x00, 0x00, 0x00, 0x00, 0x00, 0x00, 0x00, 0x00, 0xff, 0xff, 0xff, 0x01,
  0xff, 0xff, 0xff, 0x02, 0xff, 0xff, 0xff, 0x03, 0xff, 0xff, 0xff, 0x03, 0xff, 0xff, 0xff, 0x02, 0xff, 0xff, 0xff, 0x01, 0x00, 0x00, 0x00, 0x00,
  0x00, 0x00, 0x00, 0x00, 0x00, 0x00, 0x00, 0x00, 0x00, 0x00, 0x00, 0x00, 0x00, 0x00, 0x00, 0x00, 0x00, 0x00, 0x00, 0x00, 0x00, 0x00, 0x00, 0x00,
  0x00, 0x00, 0x00, 0x00, 0x00, 0x00, 0x00, 0x00, 0x00, 0x00, 0x00, 0x00, 0x00, 0x00, 0x00, 0x00, 0x00, 0x00, 0x00, 0x00, 0x00, 0x00, 0x00, 0x00,
  0x00, 0x00, 0x00, 0x00, 0x00, 0x00, 0x00, 0x00, 0x00, 0x00, 0x00, 0x00, 0x00, 0x00, 0x00, 0x00, 0x00, 0x00, 0x00, 0x00, 0x00, 0x00, 0x00, 0x00,
  0x00, 0x00, 0x00, 0x00, 0x00, 0x00, 0x00, 0x00, 0x00, 0x00, 0x00, 0x00, 0x00, 0x00, 0x00, 0x00, 0xff, 0xff, 0xff, 0x02, 0xff, 0xff, 0xff, 0x04,
  0xff, 0xff, 0xff, 0x01, 0x00, 0x00, 0x00, 0x00, 0x00, 0x00, 0x00, 0x00, 0x00, 0x00, 0x00, 0x00, 0x00, 0x00, 0x00, 0x00, 0x00, 0x00, 0x00, 0x00,
  0x00, 0x00, 0x00, 0x00, 0xff, 0xff, 0xff, 0x01, 0xff, 0xff, 0xff, 0x04, 0xff, 0xff, 0xff, 0x02, 0x00, 0x00, 0x00, 0x00, 0x00, 0x00, 0x00, 0x00,
  0x00, 0x00, 0x00, 0x00, 0x00, 0x00, 0x00, 0x00, 0x00, 0x00, 0x00, 0x00, 0x00, 0x00, 0x00, 0x00, 0x00, 0x00, 0x00, 0x00, 0x00, 0x00, 0x00, 0x00,
  0x00, 0x00, 0x00, 0x00, 0x00, 0x00, 0x00, 0x00, 0x00, 0x00, 0x00, 0x00, 0x00, 0x00, 0x00, 0x00, 0x00, 0x00, 0x00, 0x00, 0x00, 0x00, 0x00, 0x00,
  0x00, 0x00, 0x00, 0x00, 0x00, 0x00, 0x00, 0x00, 0x00, 0x00, 0x00, 0x00, 0x00, 0x00, 0x00, 0x00, 0x00, 0x00, 0x00, 0x00, 0x00, 0x00, 0x00, 0x00,
  0xff, 0xff, 0xff, 0x02, 0xff, 0xff, 0xff, 0x04, 0xff, 0xff, 0xff, 0x01, 0x00, 0x00, 0x00, 0x00, 0x00, 0x00, 0x00, 0x00, 0x00, 0x00, 0x00, 0x00,
  0x00, 0x00, 0x00, 0x00, 0x00, 0x00, 0x00, 0x00, 0x00, 0x00, 0x00, 0x00, 0xff, 0xff, 0xff, 0x01, 0xff, 0xff, 0xff, 0x04, 0xff, 0xff, 0xff, 0x02,
  0x00, 0x00, 0x00, 0x00, 0x00, 0x00, 0x00, 0x00, 0x00, 0x00, 0x00, 0x00, 0x00, 0x00, 0x00, 0x00, 0x00, 0x00, 0x00, 0x00, 0x00, 0x00, 0x00, 0x00,
  0x00, 0x00, 0x00, 0x00, 0x00, 0x00, 0x00, 0x00, 0x00, 0x00, 0x00, 0x00, 0x00, 0x00, 0x00, 0x00, 0x00, 0x00, 0x00, 0x00, 0x00, 0x00, 0x00, 0x00,
  0x00, 0x00, 0x00, 0x00, 0x00, 0x00, 0x00, 0x00, 0x00, 0x00, 0x00, 0x00, 0x00, 0x00, 0x00, 0x00, 0x00, 0x00, 0x00, 0x00, 0x00, 0x00, 0x00, 0x00,
  0xff, 0xff, 0xff, 0x01, 0xff, 0xff, 0xff, 0x03, 0x00, 0x00, 0x00, 0x00, 0x00, 0x00, 0x00, 0x00, 0x00, 0x00, 0x00, 0x00, 0xff, 0xff, 0xff, 0x14,
  0xff, 0xff, 0xff, 0x30, 0xff, 0xff, 0xff, 0x3e, 0xff, 0xff, 0xff, 0x3e, 0xff, 0xff, 0xff, 0x30, 0xff, 0xff, 0xff, 0x14, 0x00, 0x00, 0x00, 0x00,
  0x00, 0x00, 0x00, 0x00, 0x00, 0x00, 0x00, 0x00, 0xff, 0xff, 0xff, 0x03, 0xff, 0xff, 0xff, 0x01, 0x00, 0x00, 0x00, 0x00, 0x00, 0x00, 0x00, 0x00,
  0x00, 0x00, 0x00, 0x00, 0x00, 0x00, 0x00, 0x00, 0x00, 0x00, 0x00, 0x00, 0x00, 0x00, 0x00, 0x00, 0x00, 0x00, 0x00, 0x00, 0x00, 0x00, 0x00, 0x00,
  0x00, 0x00, 0x00, 0x00, 0x00, 0x00, 0x00, 0x00, 0x00, 0x00, 0x00, 0x00, 0x00, 0x00, 0x00, 0x00, 0x00, 0x00, 0x00, 0x00, 0x00, 0x00, 0x00, 0x00,
  0x00, 0x00, 0x00, 0x00, 0x00, 0x00, 0x00, 0x00, 0xff, 0xff, 0xff, 0x01, 0xff, 0xff, 0xff, 0x03, 0x00, 0x00, 0x00, 0x00, 0x00, 0x00, 0x00, 0x00,
  0x00, 0x00, 0x00, 0x00, 0xff, 0xff, 0xff, 0x14, 0xff, 0xff, 0xff, 0x30, 0xff, 0xff, 0xff, 0x3e, 0xff, 0xff, 0xff, 0x3e, 0xff, 0xff, 0xff, 0x30,
  0xff, 0xff, 0xff, 0x14, 0x00, 0x00, 0x00, 0x00, 0x00, 0x00, 0x00, 0x00, 0x00, 0x00, 0x00, 0x00, 0xff, 0xff, 0xff, 0x03, 0xff, 0xff, 0xff, 0x01,
  0x00, 0x00, 0x00, 0x00, 0x00, 0x00, 0x00, 0x00, 0x00, 0x00, 0x00, 0x00, 0x00, 0x00, 0x00, 0x00, 0x00, 0x00, 0x00, 0x00, 0x00, 0x00, 0x00, 0x00,
  0x00, 0x00, 0x00, 0x00, 0x00, 0x00, 0x00, 0x00, 0x00, 0x00, 0x00, 0x00, 0x00, 0x00, 0x00, 0x00, 0x00, 0x00, 0x00, 0x00, 0x00, 0x00, 0x00, 0x00,
  0x00, 0x00, 0x00, 0x00, 0x00, 0x00, 0x00, 0x00, 0x00, 0x00, 0x00, 0x00, 0xff, 0xff, 0xff, 0x02, 0x00, 0x00, 0x00, 0x00, 0x00, 0x00, 0x00, 0x00,
  0xff, 0xff, 0xff, 0x20, 0xff, 0xff, 0xff, 0x77, 0xff, 0xff, 0xff, 0xc3, 0xff, 0xff, 0xff, 0xee, 0xff, 0xff, 0xff, 0xff, 0xff, 0xff, 0xff, 0xff,
  0xff, 0xff, 0xff, 0xff, 0xff, 0xff, 0xff, 0xff, 0xff, 0xff, 0xff, 0xee, 0xff, 0xff, 0xff, 0xc3, 0xff, 0xff, 0xff, 0x76, 0xff, 0xff, 0xff, 0x1f,
  0x00, 0x00, 0x00, 0x00, 0x00, 0x00, 0x00, 0x00, 0xff, 0xff, 0xff, 0x02, 0x00, 0x00, 0x00, 0x00, 0x00, 0x00, 0x00, 0x00, 0x00, 0x00, 0x00, 0x00,
  0x00, 0x00, 0x00, 0x00, 0x00, 0x00, 0x00, 0x00, 0x00, 0x00, 0x00, 0x00, 0x00, 0x00, 0x00, 0x00, 0x00, 0x00, 0x00, 0x00, 0x00, 0x00, 0x00, 0x00,
  0x00, 0x00, 0x00, 0x00, 0x00, 0x00, 0x00, 0x00, 0x00, 0x00, 0x00, 0x00, 0x00, 0x00, 0x00, 0x00, 0x00, 0x00, 0x00, 0x00, 0xff, 0xff, 0xff, 0x02,
  0x00, 0x00, 0x00, 0x00, 0x00, 0x00, 0x00, 0x00, 0xff, 0xff, 0xff, 0x20, 0xff, 0xff, 0xff, 0x77, 0xff, 0xff, 0xff, 0xc3, 0xff, 0xff, 0xff, 0xee,
  0xff, 0xff, 0xff, 0xff, 0xff, 0xff, 0xff, 0xff, 0xff, 0xff, 0xff, 0xff, 0xff, 0xff, 0xff, 0xff, 0xff, 0xff, 0xff, 0xee, 0xff, 0xff, 0xff, 0xc3,
  0xff, 0xff, 0xff, 0x76, 0xff, 0xff, 0xff, 0x1f, 0x00, 0x00, 0x00, 0x00, 0x00, 0x00, 0x00, 0x00, 0xff, 0xff, 0xff, 0x02, 0x00, 0x00, 0x00, 0x00,
  0x00, 0x00, 0x00, 0x00, 0x00, 0x00, 0x00, 0x00, 0x00, 0x00, 0x00, 0x00, 0x00, 0x00, 0x00, 0x00, 0x00, 0x00, 0x00, 0x00, 0x00, 0x00, 0x00, 0x00,
  0x00, 0x00, 0x00, 0x00, 0x00, 0x00, 0x00, 0x00, 0x00, 0x00, 0x00, 0x00, 0x00, 0x00, 0x00, 0x00, 0x00, 0x00, 0x00, 0x00, 0x00, 0x00, 0x00, 0x00,
  0xff, 0xff, 0xff, 0x03, 0x00, 0x00, 0x00, 0x00, 0xff, 0xff, 0xff, 0x11, 0xff, 0xff, 0xff, 0x8f, 0xff, 0xff, 0xff, 0xf2, 0xff, 0xff, 0xff, 0xff,
  0xff, 0xff, 0xff, 0xff, 0xff, 0xff, 0xff, 0xff, 0xff, 0xff, 0xff, 0xff, 0xff, 0xff, 0xff, 0xfd, 0xff, 0xff, 0xff, 0xfd, 0xff, 0xff, 0xff, 0xff,
  0xff, 0xff, 0xff, 0xff, 0xff, 0xff, 0xff, 0xff, 0xff, 0xff, 0xff, 0xff, 0xff, 0xff, 0xff, 0xf1, 0xff, 0xff, 0xff, 0x8f, 0xff, 0xff, 0xff, 0x11,
  0x00, 0x00, 0x00, 0x00, 0xff, 0xff, 0xff, 0x03, 0x00, 0x00, 0x00, 0x00, 0x00, 0x00, 0x00, 0x00, 0x00, 0x00, 0x00, 0x00, 0x00, 0x00, 0x00, 0x00,
  0x00, 0x00, 0x00, 0x00, 0x00, 0x00, 0x00, 0x00, 0x00, 0x00, 0x00, 0x00, 0x00, 0x00, 0x00, 0x00, 0x00, 0x00, 0x00, 0x00, 0x00, 0x00, 0x00, 0x00,
  0x00, 0x00, 0x00, 0x00, 0x00, 0x00, 0x00, 0x00, 0xff, 0xff, 0xff, 0x03, 0x00, 0x00, 0x00, 0x00, 0xff, 0xff, 0xff, 0x11, 0xff, 0xff, 0xff, 0x8f,
  0xff, 0xff, 0xff, 0xf2, 0xff, 0xff, 0xff, 0xff, 0xff, 0xff, 0xff, 0xff, 0xff, 0xff, 0xff, 0xff, 0xff, 0xff, 0xff, 0xff, 0xff, 0xff, 0xff, 0xfd,
  0xff, 0xff, 0xff, 0xfd, 0xff, 0xff, 0xff, 0xff, 0xff, 0xff, 0xff, 0xff, 0xff, 0xff, 0xff, 0xff, 0xff, 0xff, 0xff, 0xff, 0xff, 0xff, 0xff, 0xf1,
  0xff, 0xff, 0xff, 0x8f, 0xff, 0xff, 0xff, 0x11, 0x00, 0x00, 0x00, 0x00, 0xff, 0xff, 0xff, 0x03, 0x00, 0x00, 0x00, 0x00, 0x00, 0x00, 0x00, 0x00,
  0x00, 0x00, 0x00, 0x00, 0x00, 0x00, 0x00, 0x00, 0x00, 0x00, 0x00, 0x00, 0x00, 0x00, 0x00, 0x00, 0x00, 0x00, 0x00, 0x00, 0x00, 0x00, 0x00, 0x00,
  0x00, 0x00, 0x00, 0x00, 0x00, 0x00, 0x00, 0x00, 0x00, 0x00, 0x00, 0x00, 0xff, 0xff, 0xff, 0x04, 0x00, 0x00, 0x00, 0x00, 0xff, 0xff, 0xff, 0x38,
  0xff, 0xff, 0xff, 0xdb, 0xff, 0xff, 0xff, 0xff, 0xff, 0xff, 0xff, 0xff, 0xff, 0xff, 0xff, 0xfb, 0xff, 0xff, 0xff, 0xfb, 0xff, 0xff, 0xff, 0xfa,
  0xff, 0xff, 0xff, 0xfb, 0xff, 0xff, 0xff, 0xfc, 0xff, 0xff, 0xff, 0xfc, 0xff, 0xff, 0xff, 0xfb, 0xff, 0xff, 0xff, 0xfa, 0xff, 0xff, 0xff, 0xfb,
  0xff, 0xff, 0xff, 0xfb, 0xff, 0xff, 0xff, 0xff, 0xff, 0xff, 0xff, 0xff, 0xff, 0xff, 0xff, 0xda, 0xff, 0xff, 0xff, 0x37, 0x00, 0x00, 0x00, 0x00,
  0xff, 0xff, 0xff, 0x04, 0x00, 0x00, 0x00, 0x00, 0x00, 0x00, 0x00, 0x00, 0x00, 0x00, 0x00, 0x00, 0x00, 0x00, 0x00, 0x00, 0x00, 0x00, 0x00, 0x00,
  0x00, 0x00, 0x00, 0x00, 0x00, 0x00, 0x00, 0x00, 0x00, 0x00, 0x00, 0x00, 0x00, 0x00, 0x00, 0x00, 0x00, 0x00, 0x00, 0x00, 0xff, 0xff, 0xff, 0x04,
  0x00, 0x00, 0x00, 0x00, 0xff, 0xff, 0xff, 0x38, 0xff, 0xff, 0xff, 0xdb, 0xff, 0xff, 0xff, 0xff, 0xff, 0xff, 0xff, 0xff, 0xff, 0xff, 0xff, 0xfb,
  0xff, 0xff, 0xff, 0xfb, 0xff, 0xff, 0xff, 0xfa, 0xff, 0xff, 0xff, 0xfb, 0xff, 0xff, 0xff, 0xfc, 0xff, 0xff, 0xff, 0xfc, 0xff, 0xff, 0xff, 0xfb,
  0xff, 0xff, 0xff, 0xfa, 0xff, 0xff, 0xff, 0xfb, 0xff, 0xff, 0xff, 0xfb, 0xff, 0xff, 0xff, 0xff, 0xff, 0xff, 0xff, 0xff, 0xff, 0xff, 0xff, 0xda,
  0xff, 0xff, 0xff, 0x37, 0x00, 0x00, 0x00, 0x00, 0xff, 0xff, 0xff, 0x04, 0x00, 0x00, 0x00, 0x00, 0x00, 0x00, 0x00, 0x00, 0x00, 0x00, 0x00, 0x00,
  0x00, 0x00, 0x00, 0x00, 0x00, 0x00, 0x00, 0x00, 0x00, 0x00, 0x00, 0x00, 0x00, 0x00, 0x00, 0x00, 0x00, 0x00, 0x00, 0x00, 0x00, 0x00, 0x00, 0x00,
  0xff, 0xff, 0xff, 0x03, 0x00, 0x00, 0x00, 0x00, 0xff, 0xff, 0xff, 0x47, 0xff, 0xff, 0xff, 0xf5, 0xff, 0xff, 0xff, 0xff, 0xff, 0xff, 0xff, 0xfb,
  0xff, 0xff, 0xff, 0xfe, 0xff, 0xff, 0xff, 0xfc, 0xff, 0xff, 0xff, 0xff, 0xff, 0xff, 0xff, 0xff, 0xff, 0xff, 0xff, 0xff, 0xff, 0xff, 0xff, 0xff,
  0xff, 0xff, 0xff, 0xff, 0xff, 0xff, 0xff, 0xff, 0xff, 0xff, 0xff, 0xff, 0xff, 0xff, 0xff, 0xff, 0xff, 0xff, 0xff, 0xfc, 0xff, 0xff, 0xff, 0xfe,
  0xff, 0xff, 0xff, 0xfa, 0xff, 0xff, 0xff, 0xff, 0xff, 0xff, 0xff, 0xf4, 0xff, 0xff, 0xff, 0x46, 0x00, 0x00, 0x00, 0x00, 0xff, 0xff, 0xff, 0x03,
  0x00, 0x00, 0x00, 0x00, 0x00, 0x00, 0x00, 0x00, 0x00, 0x00, 0x00, 0x00, 0x00, 0x00, 0x00, 0x00, 0x00, 0x00, 0x00, 0x00, 0x00, 0x00, 0x00, 0x00,
  0x00, 0x00, 0x00, 0x00, 0x00, 0x00, 0x00, 0x00, 0xff, 0xff, 0xff, 0x03, 0x00, 0x00, 0x00, 0x00, 0xff, 0xff, 0xff, 0x47, 0xff, 0xff, 0xff, 0xf5,
  0xff, 0xff, 0xff, 0xff, 0xff, 0xff, 0xff, 0xfb, 0xff, 0xff, 0xff, 0xfe, 0xff, 0xff, 0xff, 0xfc, 0xff, 0xff, 0xff, 0xff, 0xff, 0xff, 0xff, 0xff,
  0xff, 0xff, 0xff, 0xff, 0xff, 0xff, 0xff, 0xff, 0xff, 0xff, 0xff, 0xff, 0xff, 0xff, 0xff, 0xff, 0xff, 0xff, 0xff, 0xff, 0xff, 0xff, 0xff, 0xff,
  0xff, 0xff, 0xff, 0xfc, 0xff, 0xff, 0xff, 0xfe, 0xff, 0xff, 0xff, 0xfa, 0xff, 0xff, 0xff, 0xff, 0xff, 0xff, 0xff, 0xf4, 0xff, 0xff, 0xff, 0x46,
  0x00, 0x00, 0x00, 0x00, 0xff, 0xff, 0xff, 0x03, 0x00, 0x00, 0x00, 0x00, 0x00, 0x00, 0x00, 0x00, 0x00, 0x00, 0x00, 0x00, 0x00, 0x00, 0x00, 0x00,
  0x00, 0x00, 0x00, 0x00, 0x00, 0x00, 0x00, 0x00, 0x00, 0x00, 0x00, 0x00, 0xff, 0xff, 0xff, 0x02, 0x00, 0x00, 0x00, 0x00, 0xff, 0xff, 0xff, 0x34,
  0xff, 0xff, 0xff, 0xf5, 0xff, 0xff, 0xff, 0xff, 0xff, 0xff, 0xff, 0xfc, 0xff, 0xff, 0xff, 0xfe, 0xff, 0xff, 0xff, 0xff, 0xff, 0xff, 0xff, 0xff,
  0xff, 0xff, 0xff, 0xe5, 0xff, 0xff, 0xff, 0xa2, 0xff, 0xff, 0xff, 0x6d, 0xff, 0xff, 0xff, 0x4d, 0xff, 0xff, 0xff, 0x4d, 0xff, 0xff, 0xff, 0x6d,
  0xff, 0xff, 0xff, 0xa2, 0xff, 0xff, 0xff, 0xe5, 0xff, 0xff, 0xff, 0xff, 0xff, 0xff, 0xff, 0xff, 0xff, 0xff, 0xff, 0xfe, 0xff, 0xff, 0xff, 0xfc,
  0xff, 0xff, 0xff, 0xff, 0xff, 0xff, 0xff, 0xf5, 0xff, 0xff, 0xff, 0x33, 0x00, 0x00, 0x00, 0x00, 0xff, 0xff, 0xff, 0x02, 0x00, 0x00, 0x00, 0x00,
  0x00, 0x00, 0x00, 0x00, 0x00, 0x00, 0x00, 0x00, 0x00, 0x00, 0x00, 0x00, 0x00, 0x00, 0x00, 0x00, 0x00, 0x00, 0x00, 0x00, 0xff, 0xff, 0xff, 0x02,
  0x00, 0x00, 0x00, 0x00, 0xff, 0xff, 0xff, 0x34, 0xff, 0xff, 0xff, 0xf5, 0xff, 0xff, 0xff, 0xff, 0xff, 0xff, 0xff, 0xfc, 0xff, 0xff, 0xff, 0xfe,
  0xff, 0xff, 0xff, 0xff, 0xff, 0xff, 0xff, 0xff, 0xff, 0xff, 0xff, 0xe5, 0xff, 0xff, 0xff, 0xa2, 0xff, 0xff, 0xff, 0x6d, 0xff, 0xff, 0xff, 0x4d,
  0xff, 0xff, 0xff, 0x4d, 0xff, 0xff, 0xff, 0x6d, 0xff, 0xff, 0xff, 0xa2, 0xff, 0xff, 0xff, 0xe5, 0xff, 0xff, 0xff, 0xff, 0xff, 0xff, 0xff, 0xff,
  0xff, 0xff, 0xff, 0xfe, 0xff, 0xff, 0xff, 0xfc, 0xff, 0xff, 0xff, 0xff, 0xff, 0xff, 0xff, 0xf5, 0xff, 0xff, 0xff, 0x33, 0x00, 0x00, 0x00, 0x00,
  0xff, 0xff, 0xff, 0x02, 0x00, 0x00, 0x00, 0x00, 0x00, 0x00, 0x00, 0x00, 0x00, 0x00, 0x00, 0x00, 0x00, 0x00, 0x00, 0x00, 0x00, 0x00, 0x00, 0x00,
  0xff, 0xff, 0xff, 0x02, 0xff, 0xff, 0xff, 0x02, 0xff, 0xff, 0xff, 0x11, 0xff, 0xff, 0xff, 0xde, 0xff, 0xff, 0xff, 0xff, 0xff, 0xff, 0xff, 0xfc,
  0xff, 0xff, 0xff, 0xfe, 0xff, 0xff, 0xff, 0xff, 0xff, 0xff, 0xff, 0xfb, 0xff, 0xff, 0xff, 0x81, 0xff, 0xff, 0xff, 0x12, 0x00, 0x00, 0x00, 0x00,
  0x00, 0x00, 0x00, 0x00, 0x00, 0x00, 0x00, 0x00, 0x00, 0x00, 0x00, 0x00, 0x00, 0x00, 0x00, 0x00, 0x00, 0x00, 0x00, 0x00, 0xff, 0xff, 0xff, 0x13,
  0xff, 0xff, 0xff, 0x82, 0xff, 0xff, 0xff, 0xfb, 0xff, 0xff, 0xff, 0xff, 0xff, 0xff, 0xff, 0xfe, 0xff, 0xff, 0xff, 0xfc, 0xff, 0xff, 0xff, 0xff,
  0xff, 0xff, 0xff, 0xdd, 0xff, 0xff, 0xff, 0x10, 0xff, 0xff, 0xff, 0x02, 0xff, 0xff, 0xff, 0x01, 0x00, 0x00, 0x00, 0x00, 0x00, 0x00, 0x00, 0x00,
  0x00, 0x00, 0x00, 0x00, 0x00, 0x00, 0x00, 0x00, 0xff, 0xff, 0xff, 0x02, 0xff, 0xff, 0xff, 0x02, 0xff, 0xff, 0xff, 0x11, 0xff, 0xff, 0xff, 0xde,
  0xff, 0xff, 0xff, 0xff, 0xff, 0xff, 0xff, 0xfc, 0xff, 0xff, 0xff, 0xfe, 0xff, 0xff, 0xff, 0xff, 0xff, 0xff, 0xff, 0xfb, 0xff, 0xff, 0xff, 0x81,
  0xff, 0xff, 0xff, 0x12, 0x00, 0x00, 0x00, 0x00, 0x00, 0x00, 0x00, 0x00, 0x00, 0x00, 0x00, 0x00, 0x00, 0x00, 0x00, 0x00, 0x00, 0x00, 0x00, 0x00,
  0x00, 0x00, 0x00, 0x00, 0xff, 0xff, 0xff, 0x13, 0xff, 0xff, 0xff, 0x82, 0xff, 0xff, 0xff, 0xfb, 0xff, 0xff, 0xff, 0xff, 0xff, 0xff, 0xff, 0xfe,
  0xff, 0xff, 0xff, 0xfc, 0xff, 0xff, 0xff, 0xff, 0xff, 0xff, 0xff, 0xdd, 0xff, 0xff, 0xff, 0x10, 0xff, 0xff, 0xff, 0x02, 0xff, 0xff, 0xff, 0x01,
  0x00, 0x00, 0x00, 0x00, 0x00, 0x00, 0x00, 0x00, 0x00, 0x00, 0x00, 0x00, 0x00, 0x00, 0x00, 0x00, 0xff, 0xff, 0xff, 0x03, 0x00, 0x00, 0x00, 0x00,
  0xff, 0xff, 0xff, 0x93, 0xff, 0xff, 0xff, 0xff, 0xff, 0xff, 0xff, 0xfb, 0xff, 0xff, 0xff, 0xfe, 0xff, 0xff, 0xff, 0xfe, 0xff, 0xff, 0xff, 0xf0,
  0xff, 0xff, 0xff, 0x45, 0x00, 0x00, 0x00, 0x00, 0x00, 0x00, 0x00, 0x00, 0xff, 0xff, 0xff, 0x03, 0xff, 0xff, 0xff, 0x04, 0xff, 0xff, 0xff, 0x03,
  0xff, 0xff, 0xff, 0x03, 0xff, 0xff, 0xff, 0x04, 0xff, 0xff, 0xff, 0x03, 0x00, 0x00, 0x00, 0x00, 0x00, 0x00, 0x00, 0x00, 0xff, 0xff, 0xff, 0x45,
  0xff, 0xff, 0xff, 0xf0, 0xff, 0xff, 0xff, 0xfe, 0xff, 0xff, 0xff, 0xfe, 0xff, 0xff, 0xff, 0xfb, 0xff, 0xff, 0xff, 0xff, 0xff, 0xff, 0xff, 0x92,
  0x00, 0x00, 0x00, 0x00, 0xff, 0xff, 0xff, 0x03, 0x00, 0x00, 0x00, 0x00, 0x00, 0x00, 0x00, 0x00, 0x00, 0x00, 0x00, 0x00, 0x00, 0x00, 0x00, 0x00,
  0xff, 0xff, 0xff, 0x03, 0x00, 0x00, 0x00, 0x00, 0xff, 0xff, 0xff, 0x93, 0xff, 0xff, 0xff, 0xff, 0xff, 0xff, 0xff, 0xfb, 0xff, 0xff, 0xff, 0xfe,
  0xff, 0xff, 0xff, 0xfe, 0xff, 0xff, 0xff, 0xf0, 0xff, 0xff, 0xff, 0x45, 0x00, 0x00, 0x00, 0x00, 0x00, 0x00, 0x00, 0x00, 0xff, 0xff, 0xff, 0x03,
  0xff, 0xff, 0xff, 0x04, 0xff, 0xff, 0xff, 0x03, 0xff, 0xff, 0xff, 0x03, 0xff, 0xff, 0xff, 0x04, 0xff, 0xff, 0xff, 0x03, 0x00, 0x00, 0x00, 0x00,
  0x00, 0x00, 0x00, 0x00, 0xff, 0xff, 0xff, 0x45, 0xff, 0xff, 0xff, 0xf0, 0xff, 0xff, 0xff, 0xfe, 0xff, 0xff, 0xff, 0xfe, 0xff, 0xff, 0xff, 0xfb,
  0xff, 0xff, 0xff, 0xff, 0xff, 0xff, 0xff, 0x92, 0x00, 0x00, 0x00, 0x00, 0xff, 0xff, 0xff, 0x03, 0x00, 0x00, 0x00, 0x00, 0x00, 0x00, 0x00, 0x00,
  0x00, 0x00, 0x00, 0x00, 0xff, 0xff, 0xff, 0x02, 0x00, 0x00, 0x00, 0x00, 0xff, 0xff, 0xff, 0x21, 0xff, 0xff, 0xff, 0xf7, 0xff, 0xff, 0xff, 0xfd,
  0xff, 0xff, 0xff, 0xfd, 0xff, 0xff, 0xff, 0xfc, 0xff, 0xff, 0xff, 0xfa, 0xff, 0xff, 0xff, 0x45, 0x00, 0x00, 0x00, 0x00, 0xff, 0xff, 0xff, 0x06,
  0xff, 0xff, 0xff, 0x01, 0x00, 0x00, 0x00, 0x00, 0x00, 0x00, 0x00, 0x00, 0xff, 0xff, 0xff, 0x02, 0xff, 0xff, 0xff, 0x02, 0x00, 0x00, 0x00, 0x00,
  0x00, 0x00, 0x00, 0x00, 0xff, 0xff, 0xff, 0x01, 0xff, 0xff, 0xff, 0x06, 0x00, 0x00, 0x00, 0x00, 0xff, 0xff, 0xff, 0x46, 0xff, 0xff, 0xff, 0xfb,
  0xff, 0xff, 0xff, 0xfc, 0xff, 0xff, 0xff, 0xfd, 0xff, 0xff, 0xff, 0xfd, 0xff, 0xff, 0xff, 0xf7, 0xff, 0xff, 0xff, 0x21, 0x00, 0x00, 0x00, 0x00,
  0xff, 0xff, 0xff, 0x02, 0x00, 0x00, 0x00, 0x00, 0x00, 0x00, 0x00, 0x00, 0xff, 0xff, 0xff, 0x02, 0x00, 0x00, 0x00, 0x00, 0xff, 0xff, 0xff, 0x21,
  0xff, 0xff, 0xff, 0xf7, 0xff, 0xff, 0xff, 0xfd, 0xff, 0xff, 0xff, 0xfd, 0xff, 0xff, 0xff, 0xfc, 0xff, 0xff, 0xff, 0xfa, 0xff, 0xff, 0xff, 0x45,
  0x00, 0x00, 0x00, 0x00, 0xff, 0xff, 0xff, 0x06, 0xff, 0xff, 0xff, 0x01, 0x00, 0x00, 0x00, 0x00, 0x00, 0x00, 0x00, 0x00, 0xff, 0xff, 0xff, 0x02,
  0xff, 0xff, 0xff, 0x02, 0x00, 0x00, 0x00, 0x00, 0x00, 0x00, 0x00, 0x00, 0xff, 0xff, 0xff, 0x01, 0xff, 0xff, 0xff, 0x06, 0x00, 0x00, 0x00, 0x00,
  0xff, 0xff, 0xff, 0x46, 0xff, 0xff, 0xff, 0xfb, 0xff, 0xff, 0xff, 0xfc, 0xff, 0xff, 0xff, 0xfd, 0xff, 0xff, 0xff, 0xfd, 0xff, 0xff, 0xff, 0xf7,
  0xff, 0xff, 0xff, 0x21, 0x00, 0x00, 0x00, 0x00, 0xff, 0xff, 0xff, 0x02, 0x00, 0x00, 0x00, 0x00, 0x00, 0x00, 0x00, 0x00, 0xff, 0xff, 0xff, 0x04,
  0x00, 0x00, 0x00, 0x00, 0xff, 0xff, 0xff, 0x80, 0xff, 0xff, 0xff, 0xff, 0xff, 0xff, 0xff, 0xfb, 0xff, 0xff, 0xff, 0xfc, 0xff, 0xff, 0xff, 0xff,
  0xff, 0xff, 0xff, 0x80, 0x00, 0x00, 0x00, 0x00, 0xff, 0xff, 0xff, 0x06, 0x00, 0x00, 0x00, 0x00, 0x00, 0x00, 0x00, 0x00, 0xff, 0xff, 0xff, 0x01,
  0x00, 0x00, 0x00, 0x00, 0x00, 0x00, 0x00, 0x00, 0x00, 0x00, 0x00, 0x00, 0x00, 0x00, 0x00, 0x00, 0xff, 0xff, 0xff, 0x01, 0x00, 0x00, 0x00, 0x00,
  0x00, 0x00, 0x00, 0x00, 0xff, 0xff, 0xff, 0x06, 0x00, 0x00, 0x00, 0x00, 0xff, 0xff, 0xff, 0x80, 0xff, 0xff, 0xff, 0xff, 0xff, 0xff, 0xff, 0xfc,
  0xff, 0xff, 0xff, 0xfb, 0xff, 0xff, 0xff, 0xff, 0xff, 0xff, 0xff, 0x7f, 0x00, 0x00, 0x00, 0x00, 0xff, 0xff, 0xff, 0x04, 0x00, 0x00, 0x00, 0x00,
  0x00, 0x00, 0x00, 0x00, 0xff, 0xff, 0xff, 0x04, 0x00, 0x00, 0x00, 0x00, 0xff, 0xff, 0xff, 0x80, 0xff, 0xff, 0xff, 0xff, 0xff, 0xff, 0xff, 0xfb,
  0xff, 0xff, 0xff, 0xfc, 0xff, 0xff, 0xff, 0xff, 0xff, 0xff, 0xff, 0x80, 0x00, 0x00, 0x00, 0x00, 0xff, 0xff, 0xff, 0x06, 0x00, 0x00, 0x00, 0x00,
  0x00, 0x00, 0x00, 0x00, 0xff, 0xff, 0xff, 0x01, 0x00, 0x00, 0x00, 0x00, 0x00, 0x00, 0x00, 0x00, 0x00, 0x00, 0x00, 0x00, 0x00, 0x00, 0x00, 0x00,
  0xff, 0xff, 0xff, 0x01, 0x00, 0x00, 0x00, 0x00, 0x00, 0x00, 0x00, 0x00, 0xff, 0xff, 0xff, 0x06, 0x00, 0x00, 0x00, 0x00, 0xff, 0xff, 0xff, 0x80,
  0xff, 0xff, 0xff, 0xff, 0xff, 0xff, 0xff, 0xfc, 0xff, 0xff, 0xff, 0xfb, 0xff, 0xff, 0xff, 0xff, 0xff, 0xff, 0xff, 0x7f, 0x00, 0x00, 0x00, 0x00,
  0xff, 0xff, 0xff, 0x04, 0x00, 0x00, 0x00, 0x00, 0x00, 0x00, 0x00, 0x00, 0xff, 0xff, 0xff, 0x01, 0x00, 0x00, 0x00, 0x00, 0xff, 0xff, 0xff, 0xc8,
  0xff, 0xff, 0xff, 0xfe, 0xff, 0xff, 0xff, 0xfb, 0xff, 0xff, 0xff, 0xff, 0xff, 0xff, 0xff, 0xe7, 0xff, 0xff, 0xff, 0x0e, 0xff, 0xff, 0xff, 0x02,
  0xff, 0xff, 0xff, 0x01, 0x00, 0x00, 0x00, 0x00, 0xff, 0xff, 0xff, 0x01, 0x00, 0x00, 0x00, 0x00, 0x00, 0x00, 0x00, 0x00, 0xff, 0xff, 0xff, 0x2a,
  0xff, 0xff, 0xff, 0x2a, 0x00, 0x00, 0x00, 0x00, 0x00, 0x00, 0x00, 0x00, 0xff, 0xff, 0xff, 0x01, 0x00, 0x00, 0x00, 0x00, 0xff, 0xff, 0xff, 0x01,
  0xff, 0xff, 0xff, 0x02, 0xff, 0xff, 0xff, 0x0e, 0xff, 0xff, 0xff, 0xe7, 0xff, 0xff, 0xff, 0xff, 0xff, 0xff, 0xff, 0xfb, 0xff, 0xff, 0xff, 0xfe,
  0xff, 0xff, 0xff, 0xc7, 0x00, 0x00, 0x00, 0x00, 0xff, 0xff, 0xff, 0x01, 0x00, 0x00, 0x00, 0x00, 0x00, 0x00, 0x00, 0x00, 0xff, 0xff, 0xff, 0x01,
  0x00, 0x00, 0x00, 0x00, 0xff, 0xff, 0xff, 0xc8, 0xff, 0xff, 0xff, 0xfe, 0xff, 0xff, 0xff, 0xfb, 0xff, 0xff, 0xff, 0xff, 0xff, 0xff, 0xff, 0xe7,
  0xff, 0xff, 0xff, 0x0e, 0xff, 0xff, 0xff, 0x02, 0xff, 0xff, 0xff, 0x01, 0x00, 0x00, 0x00, 0x00, 0xff, 0xff, 0xff, 0x01, 0x00, 0x00, 0x00, 0x00,
  0x00, 0x00, 0x00, 0x00, 0xff, 0xff, 0xff, 0x2a, 0xff, 0xff, 0xff, 0x2a, 0x00, 0x00, 0x00, 0x00, 0x00, 0x00, 0x00, 0x00, 0xff, 0xff, 0xff, 0x01,
  0x00, 0x00, 0x00, 0x00, 0xff, 0xff, 0xff, 0x01, 0xff, 0xff, 0xff, 0x02, 0xff, 0xff, 0xff, 0x0e, 0xff, 0xff, 0xff, 0xe7, 0xff, 0xff, 0xff, 0xff,
  0xff, 0xff, 0xff, 0xfb, 0xff, 0xff, 0xff, 0xfe, 0xff, 0xff, 0xff, 0xc7, 0x00, 0x00, 0x00, 0x00, 0xff, 0xff, 0xff, 0x01, 0x00, 0x00, 0x00, 0x00,
  0xff, 0xff, 0xff, 0x01, 0x00, 0x00, 0x00, 0x00, 0xff, 0xff, 0xff, 0x14, 0xff, 0xff, 0xff, 0xf0, 0xff, 0xff, 0xff, 0xff, 0xff, 0xff, 0xff, 0xfa,
  0xff, 0xff, 0xff, 0xff, 0xff, 0xff, 0xff, 0x9b, 0x00, 0x00, 0x00, 0x00, 0xff, 0xff, 0xff, 0x03, 0x00, 0x00, 0x00, 0x00, 0xff, 0xff, 0xff, 0x02,
  0x00, 0x00, 0x00, 0x00, 0xff, 0xff, 0xff, 0x23, 0xff, 0xff, 0xff, 0xc6, 0xff, 0xff, 0xff, 0xfc, 0xff, 0xff, 0xff, 0xfc, 0xff, 0xff, 0xff, 0xc5,
  0xff, 0xff, 0xff, 0x22, 0x00, 0x00, 0x00, 0x00, 0xff, 0xff, 0xff, 0x02, 0x00, 0x00, 0x00, 0x00, 0xff, 0xff, 0xff, 0x03, 0x00, 0x00, 0x00, 0x00,
  0xff, 0xff, 0xff, 0x9b, 0xff, 0xff, 0xff, 0xff, 0xff, 0xff, 0xff, 0xfa, 0xff, 0xff, 0xff, 0xff, 0xff, 0xff, 0xff, 0xf0, 0xff, 0xff, 0xff, 0x14,
  0x00, 0x00, 0x00, 0x00, 0xff, 0xff, 0xff, 0x01, 0xff, 0xff, 0xff, 0x01, 0x00, 0x00, 0x00, 0x00, 0xff, 0xff, 0xff, 0x14, 0xff, 0xff, 0xff, 0xf0,
  0xff, 0xff, 0xff, 0xff, 0xff, 0xff, 0xff, 0xfa, 0xff, 0xff, 0xff, 0xff, 0xff, 0xff, 0xff, 0x9b, 0x00, 0x00, 0x00, 0x00, 0xff, 0xff, 0xff, 0x03,
  0x00, 0x00, 0x00, 0x00, 0xff, 0xff, 0xff, 0x02, 0x00, 0x00, 0x00, 0x00, 0xff, 0xff, 0xff, 0x23, 0xff, 0xff, 0xff, 0xc6, 0xff, 0xff, 0xff, 0xfc,
  0xff, 0xff, 0xff, 0xfc, 0xff, 0xff, 0xff, 0xc5, 0xff, 0xff, 0xff, 0x22, 0x00, 0x00, 0x00, 0x00, 0xff, 0xff, 0xff, 0x02, 0x00, 0x00, 0x00, 0x00,
  0xff, 0xff, 0xff, 0x03, 0x00, 0x00, 0x00, 0x00, 0xff, 0xff, 0xff, 0x9b, 0xff, 0xff, 0xff, 0xff, 0xff, 0xff, 0xff, 0xfa, 0xff, 0xff, 0xff, 0xff,
  0xff, 0xff, 0xff, 0xf0, 0xff, 0xff, 0xff, 0x14, 0x00, 0x00, 0x00, 0x00, 0xff, 0xff, 0xff, 0x01, 0xff, 0xff, 0xff, 0x03, 0x00, 0x00, 0x00, 0x00,
  0xff, 0xff, 0xff, 0x32, 0xff, 0xff, 0xff, 0xfe, 0xff, 0xff, 0xff, 0xfe, 0xff, 0xff, 0xff, 0xfb, 0xff, 0xff, 0xff, 0xff, 0xff, 0xff, 0xff, 0x64,
  0xff, 0xff, 0xff, 0x01, 0xff, 0xff, 0xff, 0x04, 0xff, 0xff, 0xff, 0x01, 0xff, 0xff, 0xff, 0x02, 0xff, 0xff, 0xff, 0x04, 0xff, 0xff, 0xff, 0xc6,
  0xff, 0xff, 0xff, 0xff, 0xff, 0xff, 0xff, 0xfd, 0xff, 0xff, 0xff, 0xfd, 0xff, 0xff, 0xff, 0xff, 0xff, 0xff, 0xff, 0xc5, 0xff, 0xff, 0xff, 0x04,
  0xff, 0xff, 0xff, 0x02, 0xff, 0xff, 0xff, 0x01, 0xff, 0xff, 0xff, 0x04, 0xff, 0xff, 0xff, 0x01, 0xff, 0xff, 0xff, 0x65, 0xff, 0xff, 0xff, 0xff,
  0xff, 0xff, 0xff, 0xfb, 0xff, 0xff, 0xff, 0xfe, 0xff, 0xff, 0xff, 0xfe, 0xff, 0xff, 0xff, 0x31, 0x00, 0x00, 0x00, 0x00, 0xff, 0xff, 0xff, 0x03,
  0xff, 0xff, 0xff, 0x03, 0x00, 0x00, 0x00, 0x00, 0xff, 0xff, 0xff, 0x32, 0xff, 0xff, 0xff, 0xfe, 0xff, 0xff, 0xff, 0xfe, 0xff, 0xff, 0xff, 0xfb,
  0xff, 0xff, 0xff, 0xff, 0xff, 0xff, 0xff, 0x64, 0xff, 0xff, 0xff, 0x01, 0xff, 0xff, 0xff, 0x04, 0xff, 0xff, 0xff, 0x01, 0xff, 0xff, 0xff, 0x02,
  0xff, 0xff, 0xff, 0x04, 0xff, 0xff, 0xff, 0xc6, 0xff, 0xff, 0xff, 0xff, 0xff, 0xff, 0xff, 0xfd, 0xff, 0xff, 0xff, 0xfd, 0xff, 0xff, 0xff, 0xff,
  0xff, 0xff, 0xff, 0xc5, 0xff, 0xff, 0xff, 0x04, 0xff, 0xff, 0xff, 0x02, 0xff, 0xff, 0xff, 0x01, 0xff, 0xff, 0xff, 0x04, 0xff, 0xff, 0xff, 0x01,
  0xff, 0xff, 0xff, 0x65, 0xff, 0xff, 0xff, 0xff, 0xff, 0xff, 0xff, 0xfb, 0xff, 0xff, 0xff, 0xfe, 0xff, 0xff, 0xff, 0xfe, 0xff, 0xff, 0xff, 0x31,
  0x00, 0x00, 0x00, 0x00, 0xff, 0xff, 0xff, 0x03, 0xff, 0xff, 0xff, 0x03, 0x00, 0x00, 0x00, 0x00, 0xff, 0xff, 0xff, 0x40, 0xff, 0xff, 0xff, 0xff,
  0xff, 0xff, 0xff, 0xfd, 0xff, 0xff, 0xff, 0xfc, 0xff, 0xff, 0xff, 0xff, 0xff, 0xff, 0xff, 0x4b, 0x00, 0x00, 0x00, 0x00, 0xff, 0xff, 0xff, 0x03,
  0xff, 0xff, 0xff, 0x02, 0x00, 0x00, 0x00, 0x00, 0xff, 0xff, 0xff, 0x2c, 0xff, 0xff, 0xff, 0xff, 0xff, 0xff, 0xff, 0xfc, 0xff, 0xff, 0xff, 0xfe,
  0xff, 0xff, 0xff, 0xfe, 0xff, 0xff, 0xff, 0xfc, 0xff, 0xff, 0xff, 0xff, 0xff, 0xff, 0xff, 0x2b, 0x00, 0x00, 0x00, 0x00, 0xff, 0xff, 0xff, 0x02,
  0xff, 0xff, 0xff, 0x03, 0x00, 0x00, 0x00, 0x00, 0xff, 0xff, 0xff, 0x4c, 0xff, 0xff, 0xff, 0xff, 0xff, 0xff, 0xff, 0xfc, 0xff, 0xff, 0xff, 0xfd,
  0xff, 0xff, 0xff, 0xff, 0xff, 0xff, 0xff, 0x3e, 0x00, 0x00, 0x00, 0x00, 0xff, 0xff, 0xff, 0x03, 0xff, 0xff, 0xff, 0x03, 0x00, 0x00, 0x00, 0x00,
  0xff, 0xff, 0xff, 0x3f, 0xff, 0xff, 0xff, 0xff, 0xff, 0xff, 0xff, 0xfd, 0xff, 0xff, 0xff, 0xfc, 0xff, 0xff, 0xff, 0xff, 0xff, 0xff, 0xff, 0x4b,
  0x00, 0x00, 0x00, 0x00, 0xff, 0xff, 0xff, 0x03, 0xff, 0xff, 0xff, 0x02, 0x00, 0x00, 0x00, 0x00, 0xff, 0xff, 0xff, 0x2c, 0xff, 0xff, 0xff, 0xff,
  0xff, 0xff, 0xff, 0xfc, 0xff, 0xff, 0xff, 0xfe, 0xff, 0xff, 0xff, 0xfe, 0xff, 0xff, 0xff, 0xfc, 0xff, 0xff, 0xff, 0xff, 0xff, 0xff, 0xff, 0x2b,
  0x00, 0x00, 0x00, 0x00, 0xff, 0xff, 0xff, 0x02, 0xff, 0xff, 0xff, 0x03, 0x00, 0x00, 0x00, 0x00, 0xff, 0xff, 0xff, 0x4c, 0xff, 0xff, 0xff, 0xff,
  0xff, 0xff, 0xff, 0xfc, 0xff, 0xff, 0xff, 0xfd, 0xff, 0xff, 0xff, 0xff, 0xff, 0xff, 0xff, 0x3f, 0x00, 0x00, 0x00, 0x00, 0xff, 0xff, 0xff, 0x03,
  0xff, 0xff, 0xff, 0x03, 0x00, 0x00, 0x00, 0x00, 0xff, 0xff, 0xff, 0x3e, 0xff, 0xff, 0xff, 0xff, 0xff, 0xff, 0xff, 0xfd, 0xff, 0xff, 0xff, 0xfc,
  0xff, 0xff, 0xff, 0xff, 0xff, 0xff, 0xff, 0x4b, 0x00, 0x00, 0x00, 0x00, 0xff, 0xff, 0xff, 0x03, 0xff, 0xff, 0xff, 0x02, 0x00, 0x00, 0x00, 0x00,
  0xff, 0xff, 0xff, 0x2f, 0xff, 0xff, 0xff, 0xff, 0xff, 0xff, 0xff, 0xfc, 0xff, 0xff, 0xff, 0xfe, 0xff, 0xff, 0xff, 0xfe, 0xff, 0xff, 0xff, 0xfc,
  0xff, 0xff, 0xff, 0xff, 0xff, 0xff, 0xff, 0x2e, 0x00, 0x00, 0x00, 0x00, 0xff, 0xff, 0xff, 0x02, 0xff, 0xff, 0xff, 0x03, 0x00, 0x00, 0x00, 0x00,
  0xff, 0xff, 0xff, 0x4c, 0xff, 0xff, 0xff, 0xff, 0xff, 0xff, 0xff, 0xfc, 0xff, 0xff, 0xff, 0xfd, 0xff, 0xff, 0xff, 0xff, 0xff, 0xff, 0xff, 0x3e,
  0x00, 0x00, 0x00, 0x00, 0xff, 0xff, 0xff, 0x03, 0xff, 0xff, 0xff, 0x03, 0x00, 0x00, 0x00, 0x00, 0xff, 0xff, 0xff, 0x3e, 0xff, 0xff, 0xff, 0xff,
  0xff, 0xff, 0xff, 0xfd, 0xff, 0xff, 0xff, 0xfc, 0xff, 0xff, 0xff, 0xff, 0xff, 0xff, 0xff, 0x4b, 0x00, 0x00, 0x00, 0x00, 0xff, 0xff, 0xff, 0x03,
  0xff, 0xff, 0xff, 0x02, 0x00, 0x00, 0x00, 0x00, 0xff, 0xff, 0xff, 0x2f, 0xff, 0xff, 0xff, 0xff, 0xff, 0xff, 0xff, 0xfc, 0xff, 0xff, 0xff, 0xfe,
  0xff, 0xff, 0xff, 0xfe, 0xff, 0xff, 0xff, 0xfc, 0xff, 0xff, 0xff, 0xff, 0xff, 0xff, 0xff, 0x2e, 0x00, 0x00, 0x00, 0x00, 0xff, 0xff, 0xff, 0x02,
  0xff, 0xff, 0xff, 0x03, 0x00, 0x00, 0x00, 0x00, 0xff, 0xff, 0xff, 0x4c, 0xff, 0xff, 0xff, 0xff, 0xff, 0xff, 0xff, 0xfc, 0xff, 0xff, 0xff, 0xfd,
  0xff, 0xff, 0xff, 0xff, 0xff, 0xff, 0xff, 0x3e, 0x00, 0x00, 0x00, 0x00, 0xff, 0xff, 0xff, 0x03, 0xff, 0xff, 0xff, 0x03, 0x00, 0x00, 0x00, 0x00,
  0xff, 0xff, 0xff, 0x30, 0xff, 0xff, 0xff, 0xfe, 0xff, 0xff, 0xff, 0xff, 0xff, 0xff, 0xff, 0xfb, 0xff, 0xff, 0xff, 0xff, 0xff, 0xff, 0xff, 0x64,
  0xff, 0xff, 0xff, 0x01, 0xff, 0xff, 0xff, 0x04, 0xff, 0xff, 0xff, 0x01, 0xff, 0xff, 0xff, 0x02, 0xff, 0xff, 0xff, 0x05, 0xff, 0xff, 0xff, 0xc8,
  0xff, 0xff, 0xff, 0xff, 0xff, 0xff, 0xff, 0xfd, 0xff, 0xff, 0xff, 0xfd, 0xff, 0xff, 0xff, 0xff, 0xff, 0xff, 0xff, 0xc8, 0xff, 0xff, 0xff, 0x05,
  0xff, 0xff, 0xff, 0x02, 0xff, 0xff, 0xff, 0x01, 0xff, 0xff, 0xff, 0x04, 0xff, 0xff, 0xff, 0x01, 0xff, 0xff, 0xff, 0x66, 0xff, 0xff, 0xff, 0xff,
  0xff, 0xff, 0xff, 0xfb, 0xff, 0xff, 0xff, 0xff, 0xff, 0xff, 0xff, 0xfe, 0xff, 0xff, 0xff, 0x2f, 0x00, 0x00, 0x00, 0x00, 0xff, 0xff, 0xff, 0x02,
  0xff, 0xff, 0xff, 0x02, 0x00, 0x00, 0x00, 0x00, 0xff, 0xff, 0xff, 0x30, 0xff, 0xff, 0xff, 0xfe, 0xff, 0xff, 0xff, 0xff, 0xff, 0xff, 0xff, 0xfb,
  0xff, 0xff, 0xff, 0xff, 0xff, 0xff, 0xff, 0x64, 0xff, 0xff, 0xff, 0x01, 0xff, 0xff, 0xff, 0x04, 0xff, 0xff, 0xff, 0x01, 0xff, 0xff, 0xff, 0x02,
  0xff, 0xff, 0xff, 0x05, 0xff, 0xff, 0xff, 0xc8, 0xff, 0xff, 0xff, 0xff, 0xff, 0xff, 0xff, 0xfd, 0xff, 0xff, 0xff, 0xfd, 0xff, 0xff, 0xff, 0xff,
  0xff, 0xff, 0xff, 0xc8, 0xff, 0xff, 0xff, 0x05, 0xff, 0xff, 0xff, 0x02, 0xff, 0xff, 0xff, 0x01, 0xff, 0xff, 0xff, 0x04, 0xff, 0xff, 0xff, 0x01,
  0xff, 0xff, 0xff, 0x66, 0xff, 0xff, 0xff, 0xff, 0xff, 0xff, 0xff, 0xfb, 0xff, 0xff, 0xff, 0xff, 0xff, 0xff, 0xff, 0xfe, 0xff, 0xff, 0xff, 0x2f,
  0x00, 0x00, 0x00, 0x00, 0xff, 0xff, 0xff, 0x03, 0xff, 0xff, 0xff, 0x01, 0x00, 0x00, 0x00, 0x00, 0xff, 0xff, 0xff, 0x15, 0xff, 0xff, 0xff, 0xf1,
  0xff, 0xff, 0xff, 0xff, 0xff, 0xff, 0xff, 0xfa, 0xff, 0xff, 0xff, 0xff, 0xff, 0xff, 0xff, 0x9e, 0x00, 0x00, 0x00, 0x00, 0xff, 0xff, 0xff, 0x03,
  0x00, 0x00, 0x00, 0x00, 0xff, 0xff, 0xff, 0x02, 0x00, 0x00, 0x00, 0x00, 0xff, 0xff, 0xff, 0x21, 0xff, 0xff, 0xff, 0xc3, 0xff, 0xff, 0xff, 0xfc,
  0xff, 0xff, 0xff, 0xfc, 0xff, 0xff, 0xff, 0xc3, 0xff, 0xff, 0xff, 0x21, 0x00, 0x00, 0x00, 0x00, 0xff, 0xff, 0xff, 0x02, 0x00, 0x00, 0x00, 0x00,
  0xff, 0xff, 0xff, 0x03, 0x00, 0x00, 0x00, 0x00, 0xff, 0xff, 0xff, 0x9f, 0xff, 0xff, 0xff, 0xff, 0xff, 0xff, 0xff, 0xfa, 0xff, 0xff, 0xff, 0xff,
  0xff, 0xff, 0xff, 0xf1, 0xff, 0xff, 0xff, 0x14, 0x00, 0x00, 0x00, 0x00, 0xff, 0xff, 0xff, 0x01, 0xff, 0xff, 0xff, 0x01, 0x00, 0x00, 0x00, 0x00,
  0xff, 0xff, 0xff, 0x15, 0xff, 0xff, 0xff, 0xf1, 0xff, 0xff, 0xff, 0xff, 0xff, 0xff, 0xff, 0xfa, 0xff, 0xff, 0xff, 0xff, 0xff, 0xff, 0xff, 0x9e,
  0x00, 0x00, 0x00, 0x00, 0xff, 0xff, 0xff, 0x03, 0x00, 0x00, 0x00, 0x00, 0xff, 0xff, 0xff, 0x02, 0x00, 0x00, 0x00, 0x00, 0xff, 0xff, 0xff, 0x21,
  0xff, 0xff, 0xff, 0xc3, 0xff, 0xff, 0xff, 0xfc, 0xff, 0xff, 0xff, 0xfc, 0xff, 0xff, 0xff, 0xc3, 0xff, 0xff, 0xff, 0x21, 0x00, 0x00, 0x00, 0x00,
  0xff, 0xff, 0xff, 0x02, 0x00, 0x00, 0x00, 0x00, 0xff, 0xff, 0xff, 0x03, 0x00, 0x00, 0x00, 0x00, 0xff, 0xff, 0xff, 0x9f, 0xff, 0xff, 0xff, 0xff,
  0xff, 0xff, 0xff, 0xfa, 0xff, 0xff, 0xff, 0xff, 0xff, 0xff, 0xff, 0xf1, 0xff, 0xff, 0xff, 0x14, 0x00, 0x00, 0x00, 0x00, 0xff, 0xff, 0xff, 0x01,
  0x00, 0x00, 0x00, 0x00, 0xff, 0xff, 0xff, 0x01, 0xff, 0xff, 0xff, 0x01, 0xff, 0xff, 0xff, 0xca, 0xff, 0xff, 0xff, 0xfe, 0xff, 0xff, 0xff, 0xfb,
  0xff, 0xff, 0xff, 0xff, 0xff, 0xff, 0xff, 0xe9, 0xff, 0xff, 0xff, 0x11, 0xff, 0xff, 0xff, 0x02, 0xff, 0xff, 0xff, 0x02, 0x00, 0x00, 0x00, 0x00,
  0xff, 0xff, 0xff, 0x01, 0x00, 0x00, 0x00, 0x00, 0x00, 0x00, 0x00, 0x00, 0xff, 0xff, 0xff, 0x2a, 0xff, 0xff, 0xff, 0x2a, 0x00, 0x00, 0x00, 0x00,
  0x00, 0x00, 0x00, 0x00, 0xff, 0xff, 0xff, 0x01, 0x00, 0x00, 0x00, 0x00, 0xff, 0xff, 0xff, 0x02, 0xff, 0xff, 0xff, 0x02, 0xff, 0xff, 0xff, 0x11,
  0xff, 0xff, 0xff, 0xea, 0xff, 0xff, 0xff, 0xff, 0xff, 0xff, 0xff, 0xfb, 0xff, 0xff, 0xff, 0xfe, 0xff, 0xff, 0xff, 0xc9, 0xff, 0xff, 0xff, 0x01,
  0xff, 0xff, 0xff, 0x01, 0x00, 0x00, 0x00, 0x00, 0x00, 0x00, 0x00, 0x00, 0xff, 0xff, 0xff, 0x01, 0xff, 0xff, 0xff, 0x01, 0xff, 0xff, 0xff, 0xca,
  0xff, 0xff, 0xff, 0xfe, 0xff, 0xff, 0xff, 0xfb, 0xff, 0xff, 0xff, 0xff, 0xff, 0xff, 0xff, 0xe9, 0xff, 0xff, 0xff, 0x11, 0xff, 0xff, 0xff, 0x02,
  0xff, 0xff, 0xff, 0x02, 0x00, 0x00, 0x00, 0x00, 0xff, 0xff, 0xff, 0x01, 0x00, 0x00, 0x00, 0x00, 0x00, 0x00, 0x00, 0x00, 0xff, 0xff, 0xff, 0x2a,
  0xff, 0xff, 0xff, 0x2a, 0x00, 0x00, 0x00, 0x00, 0x00, 0x00, 0x00, 0x00, 0xff, 0xff, 0xff, 0x01, 0x00, 0x00, 0x00, 0x00, 0xff, 0xff, 0xff, 0x02,
  0xff, 0xff, 0xff, 0x02, 0xff, 0xff, 0xff, 0x11, 0xff, 0xff, 0xff, 0xea, 0xff, 0xff, 0xff, 0xff, 0xff, 0xff, 0xff, 0xfb, 0xff, 0xff, 0xff, 0xfe,
  0xff, 0xff, 0xff, 0xc9, 0xff, 0xff, 0xff, 0x01, 0xff, 0xff, 0xff, 0x01, 0x00, 0x00, 0x00, 0x00, 0x00, 0x00, 0x00, 0x00, 0xff, 0xff, 0xff, 0x04,
  0x00, 0x00, 0x00, 0x00, 0xff, 0xff, 0xff, 0x7f, 0xff, 0xff, 0xff, 0xff, 0xff, 0xff, 0xff, 0xfb, 0xff, 0xff, 0xff, 0xfc, 0xff, 0xff, 0xff, 0xff,
  0xff, 0xff, 0xff, 0x87, 0x00, 0x00, 0x00, 0x00, 0xff, 0xff, 0xff, 0x06, 0x00, 0x00, 0x00, 0x00, 0x00, 0x00, 0x00, 0x00, 0xff, 0xff, 0xff, 0x02,
  0x00, 0x00, 0x00, 0x00, 0x00, 0x00, 0x00, 0x00, 0x00, 0x00, 0x00, 0x00, 0x00, 0x00, 0x00, 0x00, 0xff, 0xff, 0xff, 0x02, 0x00, 0x00, 0x00, 0x00,
  0x00, 0x00, 0x00, 0x00, 0xff, 0xff, 0xff, 0x06, 0x00, 0x00, 0x00, 0x00, 0xff, 0xff, 0xff, 0x88, 0xff, 0xff, 0xff, 0xff, 0xff, 0xff, 0xff, 0xfc,
  0xff, 0xff, 0xff, 0xfb, 0xff, 0xff, 0xff, 0xff, 0xff, 0xff, 0xff, 0x7e, 0x00, 0x00, 0x00, 0x00, 0xff, 0xff, 0xff, 0x04, 0x00, 0x00, 0x00, 0x00,
  0x00, 0x00, 0x00, 0x00, 0xff, 0xff, 0xff, 0x04, 0x00, 0x00, 0x00, 0x00, 0xff, 0xff, 0xff, 0x7f, 0xff, 0xff, 0xff, 0xff, 0xff, 0xff, 0xff, 0xfb,
  0xff, 0xff, 0xff, 0xfc, 0xff, 0xff, 0xff, 0xff, 0xff, 0xff, 0xff, 0x87, 0x00, 0x00, 0x00, 0x00, 0xff, 0xff, 0xff, 0x06, 0x00, 0x00, 0x00, 0x00,
  0x00, 0x00, 0x00, 0x00, 0xff, 0xff, 0xff, 0x02, 0x00, 0x00, 0x00, 0x00, 0x00, 0x00, 0x00, 0x00, 0x00, 0x00, 0x00, 0x00, 0x00, 0x00, 0x00, 0x00,
  0xff, 0xff, 0xff, 0x02, 0x00, 0x00, 0x00, 0x00, 0x00, 0x00, 0x00, 0x00, 0xff, 0xff, 0xff, 0x06, 0x00, 0x00, 0x00, 0x00, 0xff, 0xff, 0xff, 0x88,
  0xff, 0xff, 0xff, 0xff, 0xff, 0xff, 0xff, 0xfc, 0xff, 0xff, 0xff, 0xfb, 0xff, 0xff, 0xff, 0xff, 0xff, 0xff, 0xff, 0x7e, 0x00, 0x00, 0x00, 0x00,
  0xff, 0xff, 0xff, 0x04, 0x00, 0x00, 0x00, 0x00, 0x00, 0x00, 0x00, 0x00, 0xff, 0xff, 0xff, 0x02, 0x00, 0x00, 0x00, 0x00, 0xff, 0xff, 0xff, 0x20,
  0xff, 0xff, 0xff, 0xf7, 0xff, 0xff, 0xff, 0xfd, 0xff, 0xff, 0xff, 0xfd, 0xff, 0xff, 0xff, 0xfc, 0xff, 0xff, 0xff, 0xfc, 0xff, 0xff, 0xff, 0x48,
  0x00, 0x00, 0x00, 0x00, 0xff, 0xff, 0xff, 0x06, 0xff, 0xff, 0xff, 0x01, 0x00, 0x00, 0x00, 0x00, 0x00, 0x00, 0x00, 0x00, 0xff, 0xff, 0xff, 0x02,
  0xff, 0xff, 0xff, 0x02, 0x00, 0x00, 0x00, 0x00, 0x00, 0x00, 0x00, 0x00, 0xff, 0xff, 0xff, 0x01, 0xff, 0xff, 0xff, 0x06, 0x00, 0x00, 0x00, 0x00,
  0xff, 0xff, 0xff, 0x48, 0xff, 0xff, 0xff, 0xfc, 0xff, 0xff, 0xff, 0xfc, 0xff, 0xff, 0xff, 0xfd, 0xff, 0xff, 0xff, 0xfd, 0xff, 0xff, 0xff, 0xf6,
  0xff, 0xff, 0xff, 0x1f, 0x00, 0x00, 0x00, 0x00, 0xff, 0xff, 0xff, 0x02, 0x00, 0x00, 0x00, 0x00, 0x00, 0x00, 0x00, 0x00, 0xff, 0xff, 0xff, 0x02,
  0x00, 0x00, 0x00, 0x00, 0xff, 0xff, 0xff, 0x20, 0xff, 0xff, 0xff, 0xf7, 0xff, 0xff, 0xff, 0xfd, 0xff, 0xff, 0xff, 0xfd, 0xff, 0xff, 0xff, 0xfc,
  0xff, 0xff, 0xff, 0xfc, 0xff, 0xff, 0xff, 0x48, 0x00, 0x00, 0x00, 0x00, 0xff, 0xff, 0xff, 0x06, 0xff, 0xff, 0xff, 0x01, 0x00, 0x00, 0x00, 0x00,
  0x00, 0x00, 0x00, 0x00, 0xff, 0xff, 0xff, 0x02, 0xff, 0xff, 0xff, 0x02, 0x00, 0x00, 0x00, 0x00, 0x00, 0x00, 0x00, 0x00, 0xff, 0xff, 0xff, 0x01,
  0xff, 0xff, 0xff, 0x06, 0x00, 0x00, 0x00, 0x00, 0xff, 0xff, 0xff, 0x48, 0xff, 0xff, 0xff, 0xfc, 0xff, 0xff, 0xff, 0xfc, 0xff, 0xff, 0xff, 0xfd,
  0xff, 0xff, 0xff, 0xfd, 0xff, 0xff, 0xff, 0xf6, 0xff, 0xff, 0xff, 0x1f, 0x00, 0x00, 0x00, 0x00, 0xff, 0xff, 0xff, 0x02, 0x00, 0x00, 0x00, 0x00,
  0x00, 0x00, 0x00, 0x00, 0x00, 0x00, 0x00, 0x00, 0xff, 0xff, 0xff, 0x03, 0x00, 0x00, 0x00, 0x00, 0xff, 0xff, 0xff, 0x90, 0xff, 0xff, 0xff, 0xff,
  0xff, 0xff, 0xff, 0xfb, 0xff, 0xff, 0xff, 0xfe, 0xff, 0xff, 0xff, 0xfe, 0xff, 0xff, 0xff, 0xf0, 0xff, 0xff, 0xff, 0x48, 0x00, 0x00, 0x00, 0x00,
  0x00, 0x00, 0x00, 0x00, 0xff, 0xff, 0xff, 0x03, 0xff, 0xff, 0xff, 0x04, 0xff, 0xff, 0xff, 0x03, 0xff, 0xff, 0xff, 0x03, 0xff, 0xff, 0xff, 0x04,
  0xff, 0xff, 0xff, 0x03, 0x00, 0x00, 0x00, 0x00, 0x00, 0x00, 0x00, 0x00, 0xff, 0xff, 0xff, 0x48, 0xff, 0xff, 0xff, 0xf0, 0xff, 0xff, 0xff, 0xfe,
  0xff, 0xff, 0xff, 0xfe, 0xff, 0xff, 0xff, 0xfb, 0xff, 0xff, 0xff, 0xff, 0xff, 0xff, 0xff, 0x90, 0x00, 0x00, 0x00, 0x00, 0xff, 0xff, 0xff, 0x03,
  0x00, 0x00, 0x00, 0x00, 0x00, 0x00, 0x00, 0x00, 0x00, 0x00, 0x00, 0x00, 0x00, 0x00, 0x00, 0x00, 0xff, 0xff, 0xff, 0x03, 0x00, 0x00, 0x00, 0x00,
  0xff, 0xff, 0xff, 0x90, 0xff, 0xff, 0xff, 0xff, 0xff, 0xff, 0xff, 0xfb, 0xff, 0xff, 0xff, 0xfe, 0xff, 0xff, 0xff, 0xfe, 0xff, 0xff, 0xff, 0xf0,
  0xff, 0xff, 0xff, 0x48, 0x00, 0x00, 0x00, 0x00, 0x00, 0x00, 0x00, 0x00, 0xff, 0xff, 0xff, 0x03, 0xff, 0xff, 0xff, 0x04, 0xff, 0xff, 0xff, 0x03,
  0xff, 0xff, 0xff, 0x03, 0xff, 0xff, 0xff, 0x04, 0xff, 0xff, 0xff, 0x03, 0x00, 0x00, 0x00, 0x00, 0x00, 0x00, 0x00, 0x00, 0xff, 0xff, 0xff, 0x48,
  0xff, 0xff, 0xff, 0xf0, 0xff, 0xff, 0xff, 0xfe, 0xff, 0xff, 0xff, 0xfe, 0xff, 0xff, 0xff, 0xfb, 0xff, 0xff, 0xff, 0xff, 0xff, 0xff, 0xff, 0x90,
  0x00, 0x00, 0x00, 0x00, 0xff, 0xff, 0xff, 0x03, 0x00, 0x00, 0x00, 0x00, 0x00, 0x00, 0x00, 0x00, 0x00, 0x00, 0x00, 0x00, 0x00, 0x00, 0x00, 0x00,
  0xff, 0xff, 0xff, 0x01, 0xff, 0xff, 0xff, 0x02, 0xff, 0xff, 0xff, 0x0f, 0xff, 0xff, 0xff, 0xdc, 0xff, 0xff, 0xff, 0xff, 0xff, 0xff, 0xff, 0xfc,
  0xff, 0xff, 0xff, 0xfe, 0xff, 0xff, 0xff, 0xff, 0xff, 0xff, 0xff, 0xfd, 0xff, 0xff, 0xff, 0x86, 0xff, 0xff, 0xff, 0x16, 0x00, 0x00, 0x00, 0x00,
  0x00, 0x00, 0x00, 0x00, 0x00, 0x00, 0x00, 0x00, 0x00, 0x00, 0x00, 0x00, 0x00, 0x00, 0x00, 0x00, 0x00, 0x00, 0x00, 0x00, 0xff, 0xff, 0xff, 0x17,
  0xff, 0xff, 0xff, 0x86, 0xff, 0xff, 0xff, 0xfd, 0xff, 0xff, 0xff, 0xff, 0xff, 0xff, 0xff, 0xfe, 0xff, 0xff, 0xff, 0xfc, 0xff, 0xff, 0xff, 0xff,
  0xff, 0xff, 0xff, 0xdb, 0xff, 0xff, 0xff, 0x0f, 0xff, 0xff, 0xff, 0x02, 0xff, 0xff, 0xff, 0x01, 0x00, 0x00, 0x00, 0x00, 0x00, 0x00, 0x00, 0x00,
  0x00, 0x00, 0x00, 0x00, 0x00, 0x00, 0x00, 0x00, 0xff, 0xff, 0xff, 0x01, 0xff, 0xff, 0xff, 0x02, 0xff, 0xff, 0xff, 0x0f, 0xff, 0xff, 0xff, 0xdc,
  0xff, 0xff, 0xff, 0xff, 0xff, 0xff, 0xff, 0xfc, 0xff, 0xff, 0xff, 0xfe, 0xff, 0xff, 0xff, 0xff, 0xff, 0xff, 0xff, 0xfd, 0xff, 0xff, 0xff, 0x86,
  0xff, 0xff, 0xff, 0x16, 0x00, 0x00, 0x00, 0x00, 0x00, 0x00, 0x00, 0x00, 0x00, 0x00, 0x00, 0x00, 0x00, 0x00, 0x00, 0x00, 0x00, 0x00, 0x00, 0x00,
  0x00, 0x00, 0x00, 0x00, 0xff, 0xff, 0xff, 0x17, 0xff, 0xff, 0xff, 0x86, 0xff, 0xff, 0xff, 0xfd, 0xff, 0xff, 0xff, 0xff, 0xff, 0xff, 0xff, 0xfe,
  0xff, 0xff, 0xff, 0xfc, 0xff, 0xff, 0xff, 0xff, 0xff, 0xff, 0xff, 0xdb, 0xff, 0xff, 0xff, 0x0f, 0xff, 0xff, 0xff, 0x02, 0xff, 0xff, 0xff, 0x01,
  0x00, 0x00, 0x00, 0x00, 0x00, 0x00, 0x00, 0x00, 0x00, 0x00, 0x00, 0x00, 0x00, 0x00, 0x00, 0x00, 0x00, 0x00, 0x00, 0x00, 0xff, 0xff, 0xff, 0x02,
  0x00, 0x00, 0x00, 0x00, 0xff, 0xff, 0xff, 0x33, 0xff, 0xff, 0xff, 0xf4, 0xff, 0xff, 0xff, 0xff, 0xff, 0xff, 0xff, 0xfc, 0xff, 0xff, 0xff, 0xfe,
  0xff, 0xff, 0xff, 0xff, 0xff, 0xff, 0xff, 0xff, 0xff, 0xff, 0xff, 0xea, 0xff, 0xff, 0xff, 0xa8, 0xff, 0xff, 0xff, 0x6d, 0xff, 0xff, 0xff, 0x4d,
  0xff, 0xff, 0xff, 0x4d, 0xff, 0xff, 0xff, 0x6d, 0xff, 0xff, 0xff, 0xa8, 0xff, 0xff, 0xff, 0xeb, 0xff, 0xff, 0xff, 0xff, 0xff, 0xff, 0xff, 0xff,
  0xff, 0xff, 0xff, 0xfe, 0xff, 0xff, 0xff, 0xfc, 0xff, 0xff, 0xff, 0xff, 0xff, 0xff, 0xff, 0xf3, 0xff, 0xff, 0xff, 0x32, 0x00, 0x00, 0x00, 0x00,
  0xff, 0xff, 0xff, 0x02, 0x00, 0x00, 0x00, 0x00, 0x00, 0x00, 0x00, 0x00, 0x00, 0x00, 0x00, 0x00, 0x00, 0x00, 0x00, 0x00, 0x00, 0x00, 0x00, 0x00,
  0x00, 0x00, 0x00, 0x00, 0xff, 0xff, 0xff, 0x02, 0x00, 0x00, 0x00, 0x00, 0xff, 0xff, 0xff, 0x33, 0xff, 0xff, 0xff, 0xf4, 0xff, 0xff, 0xff, 0xff,
  0xff, 0xff, 0xff, 0xfc, 0xff, 0xff, 0xff, 0xfe, 0xff, 0xff, 0xff, 0xff, 0xff, 0xff, 0xff, 0xff, 0xff, 0xff, 0xff, 0xea, 0xff, 0xff, 0xff, 0xa8,
  0xff, 0xff, 0xff, 0x6d, 0xff, 0xff, 0xff, 0x4d, 0xff, 0xff, 0xff, 0x4d, 0xff, 0xff, 0xff, 0x6d, 0xff, 0xff, 0xff, 0xa8, 0xff, 0xff, 0xff, 0xeb,
  0xff, 0xff, 0xff, 0xff, 0xff, 0xff, 0xff, 0xff, 0xff, 0xff, 0xff, 0xfe, 0xff, 0xff, 0xff, 0xfc, 0xff, 0xff, 0xff, 0xff, 0xff, 0xff, 0xff, 0xf3,
  0xff, 0xff, 0xff, 0x32, 0x00, 0x00, 0x00, 0x00, 0xff, 0xff, 0xff, 0x02, 0x00, 0x00, 0x00, 0x00, 0x00, 0x00, 0x00, 0x00, 0x00, 0x00, 0x00, 0x00,
  0x00, 0x00, 0x00, 0x00, 0x00, 0x00, 0x00, 0x00, 0x00, 0x00, 0x00, 0x00, 0x00, 0x00, 0x00, 0x00, 0xff, 0xff, 0xff, 0x03, 0x00, 0x00, 0x00, 0x00,
  0xff, 0xff, 0xff, 0x46, 0xff, 0xff, 0xff, 0xf4, 0xff, 0xff, 0xff, 0xff, 0xff, 0xff, 0xff, 0xfa, 0xff, 0xff, 0xff, 0xfe, 0xff, 0xff, 0xff, 0xfc,
  0xff, 0xff, 0xff, 0xff, 0xff, 0xff, 0xff, 0xff, 0xff, 0xff, 0xff, 0xff, 0xff, 0xff, 0xff, 0xff, 0xff, 0xff, 0xff, 0xff, 0xff, 0xff, 0xff, 0xff,
  0xff, 0xff, 0xff, 0xff, 0xff, 0xff, 0xff, 0xff, 0xff, 0xff, 0xff, 0xfc, 0xff, 0xff, 0xff, 0xfe, 0xff, 0xff, 0xff, 0xfa, 0xff, 0xff, 0xff, 0xff,
  0xff, 0xff, 0xff, 0xf4, 0xff, 0xff, 0xff, 0x45, 0x00, 0x00, 0x00, 0x00, 0xff, 0xff, 0xff, 0x03, 0x00, 0x00, 0x00, 0x00, 0x00, 0x00, 0x00, 0x00,
  0x00, 0x00, 0x00, 0x00, 0x00, 0x00, 0x00, 0x00, 0x00, 0x00, 0x00, 0x00, 0x00, 0x00, 0x00, 0x00, 0x00, 0x00, 0x00, 0x00, 0x00, 0x00, 0x00, 0x00,
  0xff, 0xff, 0xff, 0x03, 0x00, 0x00, 0x00, 0x00, 0xff, 0xff, 0xff, 0x46, 0xff, 0xff, 0xff, 0xf4, 0xff, 0xff, 0xff, 0xff, 0xff, 0xff, 0xff, 0xfa,
  0xff, 0xff, 0xff, 0xfe, 0xff, 0xff, 0xff, 0xfc, 0xff, 0xff, 0xff, 0xff, 0xff, 0xff, 0xff, 0xff, 0xff, 0xff, 0xff, 0xff, 0xff, 0xff, 0xff, 0xff,
  0xff, 0xff, 0xff, 0xff, 0xff, 0xff, 0xff, 0xff, 0xff, 0xff, 0xff, 0xff, 0xff, 0xff, 0xff, 0xff, 0xff, 0xff, 0xff, 0xfc, 0xff, 0xff, 0xff, 0xfe,
  0xff, 0xff, 0xff, 0xfa, 0xff, 0xff, 0xff, 0xff, 0xff, 0xff, 0xff, 0xf4, 0xff, 0xff, 0xff, 0x45, 0x00, 0x00, 0x00, 0x00, 0xff, 0xff, 0xff, 0x03,
  0x00, 0x00, 0x00, 0x00, 0x00, 0x00, 0x00, 0x00, 0x00, 0x00, 0x00, 0x00, 0x00, 0x00, 0x00, 0x00, 0x00, 0x00, 0x00, 0x00, 0x00, 0x00, 0x00, 0x00,
  0x00, 0x00, 0x00, 0x00, 0x00, 0x00, 0x00, 0x00, 0x00, 0x00, 0x00, 0x00, 0xff, 0xff, 0xff, 0x04, 0x00, 0x00, 0x00, 0x00, 0xff, 0xff, 0xff, 0x37,
  0xff, 0xff, 0xff, 0xd9, 0xff, 0xff, 0xff, 0xff, 0xff, 0xff, 0xff, 0xff, 0xff, 0xff, 0xff, 0xfb, 0xff, 0xff, 0xff, 0xfb, 0xff, 0xff, 0xff, 0xfa,
  0xff, 0xff, 0xff, 0xfb, 0xff, 0xff, 0xff, 0xfc, 0xff, 0xff, 0xff, 0xfc, 0xff, 0xff, 0xff, 0xfb, 0xff, 0xff, 0xff, 0xfa, 0xff, 0xff, 0xff, 0xfb,
  0xff, 0xff, 0xff, 0xfb, 0xff, 0xff, 0xff, 0xff, 0xff, 0xff, 0xff, 0xff, 0xff, 0xff, 0xff, 0xd8, 0xff, 0xff, 0xff, 0x37, 0x00, 0x00, 0x00, 0x00,
  0xff, 0xff, 0xff, 0x04, 0x00, 0x00, 0x00, 0x00, 0x00, 0x00, 0x00, 0x00, 0x00, 0x00, 0x00, 0x00, 0x00, 0x00, 0x00, 0x00, 0x00, 0x00, 0x00, 0x00,
  0x00, 0x00, 0x00, 0x00, 0x00, 0x00, 0x00, 0x00, 0x00, 0x00, 0x00, 0x00, 0x00, 0x00, 0x00, 0x00, 0x00, 0x00, 0x00, 0x00, 0xff, 0xff, 0xff, 0x04,
  0x00, 0x00, 0x00, 0x00, 0xff, 0xff, 0xff, 0x37, 0xff, 0xff, 0xff, 0xd9, 0xff, 0xff, 0xff, 0xff, 0xff, 0xff, 0xff, 0xff, 0xff, 0xff, 0xff, 0xfb,
  0xff, 0xff, 0xff, 0xfb, 0xff, 0xff, 0xff, 0xfa, 0xff, 0xff, 0xff, 0xfb, 0xff, 0xff, 0xff, 0xfc, 0xff, 0xff, 0xff, 0xfc, 0xff, 0xff, 0xff, 0xfb,
  0xff, 0xff, 0xff, 0xfa, 0xff, 0xff, 0xff, 0xfb, 0xff, 0xff, 0xff, 0xfb, 0xff, 0xff, 0xff, 0xff, 0xff, 0xff, 0xff, 0xff, 0xff, 0xff, 0xff, 0xd8,
  0xff, 0xff, 0xff, 0x37, 0x00, 0x00, 0x00, 0x00, 0xff, 0xff, 0xff, 0x04, 0x00, 0x00, 0x00, 0x00, 0x00, 0x00, 0x00, 0x00, 0x00, 0x00, 0x00, 0x00,
  0x00, 0x00, 0x00, 0x00, 0x00, 0x00, 0x00, 0x00, 0x00, 0x00, 0x00, 0x00, 0x00, 0x00, 0x00, 0x00, 0x00, 0x00, 0x00, 0x00, 0x00, 0x00, 0x00, 0x00,
  0x00, 0x00, 0x00, 0x00, 0x00, 0x00, 0x00, 0x00, 0xff, 0xff, 0xff, 0x03, 0x00, 0x00, 0x00, 0x00, 0xff, 0xff, 0xff, 0x10, 0xff, 0xff, 0xff, 0x90,
  0xff, 0xff, 0xff, 0xf4, 0xff, 0xff, 0xff, 0xff, 0xff, 0xff, 0xff, 0xff, 0xff, 0xff, 0xff, 0xff, 0xff, 0xff, 0xff, 0xff, 0xff, 0xff, 0xff, 0xfd,
  0xff, 0xff, 0xff, 0xfd, 0xff, 0xff, 0xff, 0xff, 0xff, 0xff, 0xff, 0xff, 0xff, 0xff, 0xff, 0xff, 0xff, 0xff, 0xff, 0xff, 0xff, 0xff, 0xff, 0xf4,
  0xff, 0xff, 0xff, 0x8f, 0xff, 0xff, 0xff, 0x10, 0x00, 0x00, 0x00, 0x00, 0xff, 0xff, 0xff, 0x03, 0x00, 0x00, 0x00, 0x00, 0x00, 0x00, 0x00, 0x00,
  0x00, 0x00, 0x00, 0x00, 0x00, 0x00, 0x00, 0x00, 0x00, 0x00, 0x00, 0x00, 0x00, 0x00, 0x00, 0x00, 0x00, 0x00, 0x00, 0x00, 0x00, 0x00, 0x00, 0x00,
  0x00, 0x00, 0x00, 0x00, 0x00, 0x00, 0x00, 0x00, 0x00, 0x00, 0x00, 0x00, 0x00, 0x00, 0x00, 0x00, 0xff, 0xff, 0xff, 0x03, 0x00, 0x00, 0x00, 0x00,
  0xff, 0xff, 0xff, 0x10, 0xff, 0xff, 0xff, 0x90, 0xff, 0xff, 0xff, 0xf4, 0xff, 0xff, 0xff, 0xff, 0xff, 0xff, 0xff, 0xff, 0xff, 0xff, 0xff, 0xff,
  0xff, 0xff, 0xff, 0xff, 0xff, 0xff, 0xff, 0xfd, 0xff, 0xff, 0xff, 0xfd, 0xff, 0xff, 0xff, 0xff, 0xff, 0xff, 0xff, 0xff, 0xff, 0xff, 0xff, 0xff,
  0xff, 0xff, 0xff, 0xff, 0xff, 0xff, 0xff, 0xf4, 0xff, 0xff, 0xff, 0x8f, 0xff, 0xff, 0xff, 0x10, 0x00, 0x00, 0x00, 0x00, 0xff, 0xff, 0xff, 0x03,
  0x00, 0x00, 0x00, 0x00, 0x00, 0x00, 0x00, 0x00, 0x00, 0x00, 0x00, 0x00, 0x00, 0x00, 0x00, 0x00, 0x00, 0x00, 0x00, 0x00, 0x00, 0x00, 0x00, 0x00,
  0x00, 0x00, 0x00, 0x00, 0x00, 0x00, 0x00, 0x00, 0x00, 0x00, 0x00, 0x00, 0x00, 0x00, 0x00, 0x00, 0x00, 0x00, 0x00, 0x00, 0x00, 0x00, 0x00, 0x00,
  0x00, 0x00, 0x00, 0x00, 0xff, 0xff, 0xff, 0x02, 0x00, 0x00, 0x00, 0x00, 0x00, 0x00, 0x00, 0x00, 0xff, 0xff, 0xff, 0x23, 0xff, 0xff, 0xff, 0x7a,
  0xff, 0xff, 0xff, 0xc4, 0xff, 0xff, 0xff, 0xee, 0xff, 0xff, 0xff, 0xff, 0xff, 0xff, 0xff, 0xff, 0xff, 0xff, 0xff, 0xff, 0xff, 0xff, 0xff, 0xff,
  0xff, 0xff, 0xff, 0xee, 0xff, 0xff, 0xff, 0xc3, 0xff, 0xff, 0xff, 0x79, 0xff, 0xff, 0xff, 0x23, 0x00, 0x00, 0x00, 0x00, 0x00, 0x00, 0x00, 0x00,
  0xff, 0xff, 0xff, 0x02, 0x00, 0x00, 0x00, 0x00, 0x00, 0x00, 0x00, 0x00, 0x00, 0x00, 0x00, 0x00, 0x00, 0x00, 0x00, 0x00, 0x00, 0x00, 0x00, 0x00,
  0x00, 0x00, 0x00, 0x00, 0x00, 0x00, 0x00, 0x00, 0x00, 0x00, 0x00, 0x00, 0x00, 0x00, 0x00, 0x00, 0x00, 0x00, 0x00, 0x00, 0x00, 0x00, 0x00, 0x00,
  0x00, 0x00, 0x00, 0x00, 0x00, 0x00, 0x00, 0x00, 0x00, 0x00, 0x00, 0x00, 0xff, 0xff, 0xff, 0x02, 0x00, 0x00, 0x00, 0x00, 0x00, 0x00, 0x00, 0x00,
  0xff, 0xff, 0xff, 0x23, 0xff, 0xff, 0xff, 0x7a, 0xff, 0xff, 0xff, 0xc4, 0xff, 0xff, 0xff, 0xee, 0xff, 0xff, 0xff, 0xff, 0xff, 0xff, 0xff, 0xff,
  0xff, 0xff, 0xff, 0xff, 0xff, 0xff, 0xff, 0xff, 0xff, 0xff, 0xff, 0xee, 0xff, 0xff, 0xff, 0xc3, 0xff, 0xff, 0xff, 0x79, 0xff, 0xff, 0xff, 0x23,
  0x00, 0x00, 0x00, 0x00, 0x00, 0x00, 0x00, 0x00, 0xff, 0xff, 0xff, 0x02, 0x00, 0x00, 0x00, 0x00, 0x00, 0x00, 0x00, 0x00, 0x00, 0x00, 0x00, 0x00,
  0x00, 0x00, 0x00, 0x00, 0x00, 0x00, 0x00, 0x00, 0x00, 0x00, 0x00, 0x00, 0x00, 0x00, 0x00, 0x00, 0x00, 0x00, 0x00, 0x00, 0x00, 0x00, 0x00, 0x00,
  0x00, 0x00, 0x00, 0x00, 0x00, 0x00, 0x00, 0x00, 0x00, 0x00, 0x00, 0x00, 0x00, 0x00, 0x00, 0x00, 0x00, 0x00, 0x00, 0x00, 0x00, 0x00, 0x00, 0x00,
  0xff, 0xff, 0xff, 0x01, 0xff, 0xff, 0xff, 0x03, 0x00, 0x00, 0x00, 0x00, 0x00, 0x00, 0x00, 0x00, 0x00, 0x00, 0x00, 0x00, 0xff, 0xff, 0xff, 0x14,
  0xff, 0xff, 0xff, 0x30, 0xff, 0xff, 0xff, 0x3e, 0xff, 0xff, 0xff, 0x3e, 0xff, 0xff, 0xff, 0x30, 0xff, 0xff, 0xff, 0x14, 0x00, 0x00, 0x00, 0x00,
  0x00, 0x00, 0x00, 0x00, 0x00, 0x00, 0x00, 0x00, 0xff, 0xff, 0xff, 0x03, 0xff, 0xff, 0xff, 0x01, 0x00, 0x00, 0x00, 0x00, 0x00, 0x00, 0x00, 0x00,
  0x00, 0x00, 0x00, 0x00, 0x00, 0x00, 0x00, 0x00, 0x00, 0x00, 0x00, 0x00, 0x00, 0x00, 0x00, 0x00, 0x00, 0x00, 0x00, 0x00, 0x00, 0x00, 0x00, 0x00,
  0x00, 0x00, 0x00, 0x00, 0x00, 0x00, 0x00, 0x00, 0x00, 0x00, 0x00, 0x00, 0x00, 0x00, 0x00, 0x00, 0x00, 0x00, 0x00, 0x00, 0x00, 0x00, 0x00, 0x00,
  0x00, 0x00, 0x00, 0x00, 0x00, 0x00, 0x00, 0x00, 0xff, 0xff, 0xff, 0x01, 0xff, 0xff, 0xff, 0x03, 0x00, 0x00, 0x00, 0x00, 0x00, 0x00, 0x00, 0x00,
  0x00, 0x00, 0x00, 0x00, 0xff, 0xff, 0xff, 0x14, 0xff, 0xff, 0xff, 0x30, 0xff, 0xff, 0xff, 0x3e, 0xff, 0xff, 0xff, 0x3e, 0xff, 0xff, 0xff, 0x30,
  0xff, 0xff, 0xff, 0x14, 0x00, 0x00, 0x00, 0x00, 0x00, 0x00, 0x00, 0x00, 0x00, 0x00, 0x00, 0x00, 0xff, 0xff, 0xff, 0x03, 0xff, 0xff, 0xff, 0x01,
  0x00, 0x00, 0x00, 0x00, 0x00, 0x00, 0x00, 0x00, 0x00, 0x00, 0x00, 0x00, 0x00, 0x00, 0x00, 0x00, 0x00, 0x00, 0x00, 0x00, 0x00, 0x00, 0x00, 0x00,
  0x00, 0x00, 0x00, 0x00, 0x00, 0x00, 0x00, 0x00, 0x00, 0x00, 0x00, 0x00, 0x00, 0x00, 0x00, 0x00, 0x00, 0x00, 0x00, 0x00, 0x00, 0x00, 0x00, 0x00,
  0x00, 0x00, 0x00, 0x00, 0x00, 0x00, 0x00, 0x00, 0x00, 0x00, 0x00, 0x00, 0x00, 0x00, 0x00, 0x00, 0x00, 0x00, 0x00, 0x00, 0x00, 0x00, 0x00, 0x00,
  0xff, 0xff, 0xff, 0x02, 0xff, 0xff, 0xff, 0x04, 0xff, 0xff, 0xff, 0x01, 0x00, 0x00, 0x00, 0x00, 0x00, 0x00, 0x00, 0x00, 0x00, 0x00, 0x00, 0x00,
  0x00, 0x00, 0x00, 0x00, 0x00, 0x00, 0x00, 0x00, 0x00, 0x00, 0x00, 0x00, 0xff, 0xff, 0xff, 0x01, 0xff, 0xff, 0xff, 0x04, 0xff, 0xff, 0xff, 0x02,
  0x00, 0x00, 0x00, 0x00, 0x00, 0x00, 0x00, 0x00, 0x00, 0x00, 0x00, 0x00, 0x00, 0x00, 0x00, 0x00, 0x00, 0x00, 0x00, 0x00, 0x00, 0x00, 0x00, 0x00,
  0x00, 0x00, 0x00, 0x00, 0x00, 0x00, 0x00, 0x00, 0x00, 0x00, 0x00, 0x00, 0x00, 0x00, 0x00, 0x00, 0x00, 0x00, 0x00, 0x00, 0x00, 0x00, 0x00, 0x00,
  0x00, 0x00, 0x00, 0x00, 0x00, 0x00, 0x00, 0x00, 0x00, 0x00, 0x00, 0x00, 0x00, 0x00, 0x00, 0x00, 0x00, 0x00, 0x00, 0x00, 0x00, 0x00, 0x00, 0x00,
  0x00, 0x00, 0x00, 0x00, 0x00, 0x00, 0x00, 0x00, 0xff, 0xff, 0xff, 0x02, 0xff, 0xff, 0xff, 0x04, 0xff, 0xff, 0xff, 0x01, 0x00, 0x00, 0x00, 0x00,
  0x00, 0x00, 0x00, 0x00, 0x00, 0x00, 0x00, 0x00, 0x00, 0x00, 0x00, 0x00, 0x00, 0x00, 0x00, 0x00, 0x00, 0x00, 0x00, 0x00, 0xff, 0xff, 0xff, 0x01,
  0xff, 0xff, 0xff, 0x04, 0xff, 0xff, 0xff, 0x02, 0x00, 0x00, 0x00, 0x00, 0x00, 0x00, 0x00, 0x00, 0x00, 0x00, 0x00, 0x00, 0x00, 0x00, 0x00, 0x00,
  0x00, 0x00, 0x00, 0x00, 0x00, 0x00, 0x00, 0x00, 0x00, 0x00, 0x00, 0x00, 0x00, 0x00, 0x00, 0x00, 0x00, 0x00, 0x00, 0x00, 0x00, 0x00, 0x00, 0x00,
  0x00, 0x00, 0x00, 0x00, 0x00, 0x00, 0x00, 0x00, 0x00, 0x00, 0x00, 0x00, 0x00, 0x00, 0x00, 0x00, 0x00, 0x00, 0x00, 0x00, 0x00, 0x00, 0x00, 0x00,
  0x00, 0x00, 0x00, 0x00, 0x00, 0x00, 0x00, 0x00, 0x00, 0x00, 0x00, 0x00, 0x00, 0x00, 0x00, 0x00, 0x00, 0x00, 0x00, 0x00, 0x00, 0x00, 0x00, 0x00,
  0x00, 0x00, 0x00, 0x00, 0xff, 0xff, 0xff, 0x01, 0xff, 0xff, 0xff, 0x03, 0xff, 0xff, 0xff, 0x03, 0xff, 0xff, 0xff, 0x03, 0xff, 0xff, 0xff, 0x03,
  0xff, 0xff, 0xff, 0x01, 0x00, 0x00, 0x00, 0x00, 0x00, 0x00, 0x00, 0x00, 0x00, 0x00, 0x00, 0x00, 0x00, 0x00, 0x00, 0x00, 0x00, 0x00, 0x00, 0x00,
  0x00, 0x00, 0x00, 0x00, 0x00, 0x00, 0x00, 0x00, 0x00, 0x00, 0x00, 0x00, 0x00, 0x00, 0x00, 0x00, 0x00, 0x00, 0x00, 0x00, 0x00, 0x00, 0x00, 0x00,
  0x00, 0x00, 0x00, 0x00, 0x00, 0x00, 0x00, 0x00, 0x00, 0x00, 0x00, 0x00, 0x00, 0x00, 0x00, 0x00, 0x00, 0x00, 0x00, 0x00, 0x00, 0x00, 0x00, 0x00,
  0x00, 0x00, 0x00, 0x00, 0x00, 0x00, 0x00, 0x00, 0x00, 0x00, 0x00, 0x00, 0x00, 0x00, 0x00, 0x00, 0x00, 0x00, 0x00, 0x00, 0x00, 0x00, 0x00, 0x00,
  0x00, 0x00, 0x00, 0x00, 0x00, 0x00, 0x00, 0x00, 0x00, 0x00, 0x00, 0x00, 0xff, 0xff, 0xff, 0x01, 0xff, 0xff, 0xff, 0x03, 0xff, 0xff, 0xff, 0x03,
  0xff, 0xff, 0xff, 0x03, 0xff, 0xff, 0xff, 0x03, 0xff, 0xff, 0xff, 0x01, 0x00, 0x00, 0x00, 0x00, 0x00, 0x00, 0x00, 0x00, 0x00, 0x00, 0x00, 0x00,
  0x00, 0x00, 0x00, 0x00, 0x00, 0x00, 0x00, 0x00, 0x00, 0x00, 0x00, 0x00, 0x00, 0x00, 0x00, 0x00, 0x00, 0x00, 0x00, 0x00, 0x00, 0x00, 0x00, 0x00,
  0x00, 0x00, 0x00, 0x00, 0x00, 0x00, 0x00, 0x00, 0x00, 0x00, 0x00, 0x00, 0x00, 0x00, 0x00, 0x00,
};

const lv_img_dsc_t ui_cfs_img = {
  .header.cf = LV_IMG_CF_TRUE_COLOR_ALPHA,
  .header.always_zero = 0,
  .header.reserved = 0,
  .header.w = 64,
  .header.h = 64,
  .data_size = 4096 * LV_IMG_PX_SIZE_ALPHA_BYTE,
  .data = ui_cfs_img_map,
};
