/* Generated by PowerUI/fuentes/generar_assets_lvgl.py - do not edit by hand. */
#ifdef LV_LVGL_H_INCLUDE_SIMPLE
#include "lvgl.h"
#else
#include "lvgl/lvgl.h"
#endif

#ifndef LV_ATTRIBUTE_MEM_ALIGN
#define LV_ATTRIBUTE_MEM_ALIGN
#endif

#ifndef LV_ATTRIBUTE_IMG_UI_LOGO
#define LV_ATTRIBUTE_IMG_UI_LOGO
#endif

#if LV_COLOR_DEPTH != 32
#error "PowerUI image assets are generated for LV_COLOR_DEPTH 32"
#endif

const LV_ATTRIBUTE_MEM_ALIGN LV_ATTRIBUTE_LARGE_CONST LV_ATTRIBUTE_IMG_UI_LOGO uint8_t ui_logo_map[] = {
  0x00, 0x00, 0x00, 0x00, 0xff, 0xff, 0xff, 0x02, 0x00, 0x00, 0x00, 0x00, 0x00, 0x00, 0x00, 0x00, 0xff, 0xff, 0xff, 0x3d, 0xfd, 0xfd, 0xfd, 0x86,
  0xfc, 0xfc, 0xfc, 0xab, 0xf9, 0xf9, 0xf9, 0xb4, 0xf9, 0xf9, 0xf9, 0xb3, 0xf7, 0xf9, 0xf7, 0xb5, 0xf8, 0xf9, 0xf6, 0xb7, 0xf6, 0xf9, 0xf6, 0xb7,
  0xf6, 0xf9, 0xf6, 0xb7, 0xf8, 0xf9, 0xf6, 0xb7, 0xf7, 0xf9, 0xf7, 0xb5, 0xf9, 0xf9, 0xf9, 0xb3, 0xf9, 0xf9, 0xf9, 0xb4, 0xfc, 0xfc, 0xfc, 0xac,
  0xfd, 0xfd, 0xfd, 0x88, 0xff, 0xff, 0xff, 0x3f, 0x00, 0x00, 0x00, 0x00, 0x00, 0x00, 0x00, 0x00, 0xff, 0xff, 0xff, 0x02, 0x00, 0x00, 0x00, 0x00,
  0x00, 0x00, 0x00, 0x00, 0x00, 0x00, 0x00, 0x00, 0x00, 0x00, 0x00, 0x00, 0x00, 0x00, 0x00, 0x00, 0x00, 0x00, 0x00, 0x00, 0x00, 0x00, 0x00, 0x00,
  0x00, 0x00, 0x00, 0x00, 0x00, 0x00, 0x00, 0x00, 0x00, 0x00, 0x00, 0x00, 0x00, 0x00, 0x00, 0x00, 0x00, 0x00, 0x00, 0x00, 0x00, 0x00, 0x00, 0x00,
  0x00, 0x00, 0x00, 0x00, 0x00, 0x00, 0x00, 0x00, 0x00, 0x00, 0x00, 0x00, 0x00, 0x00, 0x00, 0x00, 0x00, 0x00, 0x00, 0x00, 0x00, 0x00, 0x00, 0x00,
  0x00, 0x00, 0x00, 0x00, 0x00, 0x00, 0x00, 0x00, 0x00, 0x00, 0x00, 0x00, 0x00, 0x00, 0x00, 0x00, 0x00, 0x00, 0x00, 0x00, 0x00, 0x00, 0x00, 0x00,
  0x00, 0x00, 0x00, 0x00, 0x00, 0x00, 0x00, 0x00, 0x00, 0x00, 0x00, 0x00, 0x00, 0x00, 0x00, 0x00, 0x00, 0x00, 0x00, 0x00, 0x00, 0x00, 0x00, 0x00,
  0x00, 0x00, 0x00, 0x00, 0x00, 0x00, 0x00, 0x00, 0x00, 0x00, 0x00, 0x00, 0x00, 0x00, 0x00, 0x00, 0x00, 0x00, 0x00, 0x00, 0x00, 0x00, 0x00, 0x00,
  0x00, 0x00, 0x00, 0x00, 0x00, 0x00, 0x00, 0x00, 0x00, 0x00, 0x00, 0x00, 0x00, 0x00, 0x00, 0x00, 0x00, 0x00, 0x00, 0x00, 0x00, 0x00, 0x00, 0x00,
  0x00, 0x00, 0x00, 0x00, 0x00, 0x00, 0x00, 0x00, 0x00, 0x00, 0x00, 0x00, 0x00, 0x00, 0x00, 0x00, 0x00, 0x00, 0x00, 0x00, 0x00, 0x00, 0x00, 0x00,
  0x00, 0x00, 0x00, 0x00, 0x00, 0x00, 0x00, 0x00, 0x00, 0x00, 0x00, 0x00, 0x00, 0x00, 0x00, 0x00, 0x00, 0x00, 0x00, 0x00, 0x00, 0x00, 0x00, 0x00,
  0x00, 0x00, 0x00, 0x00, 0x00, 0x00, 0x00, 0x00, 0x00, 0x00, 0x00, 0x00, 0x00, 0x00, 0x00, 0x00, 0x00, 0x00, 0x00, 0x00, 0x00, 0x00, 0x00, 0x00,
  0x00, 0x00, 0x00, 0x00, 0x00, 0x00, 0x00, 0x00, 0x00, 0x00, 0x00, 0x00, 0x00, 0x00, 0x00, 0x00, 0x00, 0x00, 0x00, 0x00, 0x00, 0x00, 0x00, 0x00,
  0x00, 0x00, 0x00, 0x00, 0x00, 0x00, 0x00, 0x00, 0x00, 0x00, 0x00, 0x00, 0x00, 0x00, 0x00, 0x00, 0x00, 0x00, 0x00, 0x00, 0x00, 0x00, 0x00, 0x00,
  0x00, 0x00, 0x00, 0x00, 0x00, 0x00, 0x00, 0x00, 0x00, 0x00, 0x00, 0x00, 0x00, 0x00, 0x00, 0x00, 0x00, 0x00, 0x00, 0x00, 0x00, 0x00, 0x00, 0x00,
  0x00, 0x00, 0x00, 0x00, 0x00, 0x00, 0x00, 0x00, 0x00, 0x00, 0x00, 0x00, 0x00, 0x00, 0x00, 0x00, 0x00, 0x00, 0x00, 0x00, 0x00, 0x00, 0x00, 0x00,
  0x00, 0x00, 0x00, 0x00, 0x00, 0x00, 0x00, 0x00, 0x00, 0x00, 0x00, 0x00, 0x00, 0x00, 0x00, 0x00, 0x00, 0x00, 0x00, 0x00, 0x00, 0x00, 0x00, 0x00,
  0x00, 0x00, 0x00, 0x00, 0x00, 0x00, 0x00, 0x00, 0x00, 0x00, 0x00, 0x00, 0x00, 0x00, 0x00, 0x00, 0x00, 0x00, 0x00, 0x00, 0x00, 0x00, 0x00, 0x00,
  0x00, 0x00, 0x00, 0x00, 0x00, 0x00, 0x00, 0x00, 0x00, 0x00, 0x00, 0x00, 0x00, 0x00, 0x00, 0x00, 0x00, 0x00, 0x00, 0x00, 0x00, 0x00, 0x00, 0x00,
  0x00, 0x00, 0x00, 0x00, 0x00, 0x00, 0x00, 0x00, 0x00, 0x00, 0x00, 0x00, 0x00, 0x00, 0x00, 0x00, 0x00, 0x00, 0x00, 0x00, 0x00, 0x00, 0x00, 0x00,
  0x00, 0x00, 0x00, 0x00, 0x00, 0x00, 0x00, 0x00, 0x00, 0x00, 0x00, 0x00, 0x00, 0x00, 0x00, 0x00, 0x00, 0x00, 0x00, 0x00, 0x00, 0x00, 0x00, 0x00,
  0x00, 0x00, 0x00, 0x00, 0x00, 0x00, 0x00, 0x00, 0x00, 0x00, 0x00, 0x00, 0x00, 0x00, 0x00, 0x00, 0x00, 0x00, 0x00, 0x00, 0x00, 0x00, 0x00, 0x00,
  0x00, 0x00, 0x00, 0x00, 0x00, 0x00, 0x00, 0x00, 0x00, 0x00, 0x00, 0x00, 0x00, 0x00, 0x00, 0x00, 0x00, 0x00, 0x00, 0x00, 0x00, 0x00, 0x00, 0x00,
  0x00, 0x00, 0x00, 0x00, 0x00, 0x00, 0x00, 0x00, 0x00, 0x00, 0x00, 0x00, 0x00, 0x00, 0x00, 0x00, 0x00, 0x00, 0x00, 0x00, 0x00, 0x00, 0x00, 0x00,
  0x00, 0x00, 0x00, 0x00, 0x00, 0x00, 0x00, 0x00, 0x00, 0x00, 0x00, 0x00, 0x00, 0x00, 0x00, 0x00, 0x00, 0x00, 0x00, 0x00, 0x00, 0x00, 0x00, 0x00,
  0x00, 0x00, 0x00, 0x00, 0x00, 0x00, 0x00, 0x00, 0x00, 0x00, 0x00, 0x00, 0x00, 0x00, 0x00, 0x00, 0x00, 0x00, 0x00, 0x00, 0x00, 0x00, 0x00, 0x00,
  0x00, 0x00, 0x00, 0x00, 0x00, 0x00, 0x00, 0x00, 0x00, 0x00, 0x00, 0x00, 0x00, 0x00, 0x00, 0x00, 0x00, 0x00, 0x00, 0x00, 0x00, 0x00, 0x00, 0x00,
  0x00, 0x00, 0x00, 0x00, 0x00, 0x00, 0x00, 0x00, 0x00, 0x00, 0x00, 0x00, 0x00, 0x00, 0x00, 0x00, 0x00, 0x00, 0x00, 0x00, 0x00, 0x00, 0x00, 0x00,
  0x00, 0x00, 0x00, 0x00, 0x00, 0x00, 0x00, 0x00, 0x00, 0x00, 0x00, 0x00, 0x00, 0x00, 0x00, 0x00, 0x00, 0x00, 0x00, 0x00, 0x00, 0x00, 0x00, 0x00,
  0x00, 0x00, 0x00, 0x00, 0x00, 0x00, 0x00, 0x00, 0x00, 0x00, 0x00, 0x00, 0x00, 0x00, 0x00, 0x00, 0x00, 0x00, 0x00, 0x00, 0x00, 0x00, 0x00, 0x00,
  0x00, 0x00, 0x00, 0x00, 0x00, 0x00, 0x00, 0x00, 0x00, 0x00, 0x00, 0x00, 0x00, 0x00, 0x00, 0x00, 0x00, 0x00, 0x00, 0x00, 0x00, 0x00, 0x00, 0x00,
  0x00, 0x00, 0x00, 0x00, 0x00, 0x00, 0x00, 0x00, 0x00, 0x00, 0x00, 0x00, 0x00, 0x00, 0x00, 0x00, 0xff, 0xff, 0xff, 0x02, 0x00, 0x00, 0x00, 0x00,
  0xf5, 0xf5, 0xf5, 0x1b, 0xfc, 0xfc, 0xfc, 0xb3, 0xff, 0xff, 0xff, 0xff, 0xfa, 0xfa, 0xfa, 0xff, 0xfa, 0xfa, 0xfa, 0xe6, 0xfa, 0xfa, 0xfa, 0xe2,
  0xf9, 0xf9, 0xf9, 0xe3, 0xfc, 0xfa, 0xfd, 0xde, 0xff, 0xfb, 0xff, 0xd3, 0xff, 0xfb, 0xff, 0xd3, 0xff, 0xfb, 0xff, 0xd3, 0xff, 0xfb, 0xff, 0xd3,
  0xfc, 0xfa, 0xfd, 0xde, 0xf9, 0xf9, 0xf9, 0xe3, 0xfa, 0xfa, 0xfa, 0xe2, 0xf9, 0xf9, 0xf9, 0xe6, 0xfa, 0xfa, 0xfa, 0xfd, 0xff, 0xff, 0xff, 0xff,
  0xfd, 0xfd, 0xfd, 0xb7, 0xf6, 0xf6, 0xf6, 0x1e, 0x00, 0x00, 0x00, 0x00, 0xff, 0xff, 0xff, 0x02, 0x00, 0x00, 0x00, 0x00, 0x00, 0x00, 0x00, 0x00,
  0x00, 0x00, 0x00, 0x00, 0x00, 0x00, 0x00, 0x00, 0x00, 0x00, 0x00, 0x00, 0x00, 0x00, 0x00, 0x00, 0x00, 0x00, 0x00, 0x00, 0x00, 0x00, 0x00, 0x00,
  0x00, 0x00, 0x00, 0x00, 0x00, 0x00, 0x00, 0x00, 0x00, 0x00, 0x00, 0x00, 0x00, 0x00, 0x00, 0x00, 0x00, 0x00, 0x00, 0x00, 0x00, 0x00, 0x00, 0x00,
  0x00, 0x00, 0x00, 0x00, 0x00, 0x00, 0x00, 0x00, 0x00, 0x00, 0x00, 0x00, 0x00, 0x00, 0x00, 0x00, 0x00, 0x00, 0x00, 0x00, 0x00, 0x00, 0x00, 0x00,
  0x00, 0x00, 0x00, 0x00, 0x00, 0x00, 0x00, 0x00, 0x00, 0x00, 0x00, 0x00, 0x00, 0x00, 0x00, 0x00, 0x00, 0x00, 0x00, 0x00, 0x00, 0x00, 0x00, 0x00,
  0x00, 0x00, 0x00, 0x00, 0x00, 0x00, 0x00, 0x00, 0x00, 0x00, 0x00, 0x00, 0x00, 0x00, 0x00, 0x00, 0x00, 0x00, 0x00, 0x00, 0x00, 0x00, 0x00, 0x00,
  0x00, 0x00, 0x00, 0x00, 0x00, 0x00, 0x00, 0x00, 0x00, 0x00, 0x00, 0x00, 0x00, 0x00, 0x00, 0x00, 0x00, 0x00, 0x00, 0x00, 0x00, 0x00, 0x00, 0x00,
  0x00, 0x00, 0x00, 0x00, 0x00, 0x00, 0x00, 0x00, 0x00, 0x00, 0x00, 0x00, 0x00, 0x00, 0x00, 0x00, 0x00, 0x00, 0x00, 0x00, 0x00, 0x00, 0x00, 0x00,
  0x00, 0x00, 0x00, 0x00, 0x00, 0x00, 0x00, 0x00, 0x00, 0x00, 0x00, 0x00, 0x00, 0x00, 0x00, 0x00, 0x00, 0x00, 0x00, 0x00, 0x00, 0x00, 0x00, 0x00,
  0x00, 0x00, 0x00, 0x00, 0x00, 0x00, 0x00, 0x00, 0x00, 0x00, 0x00, 0x00, 0x00, 0x00, 0x00, 0x00, 0x00, 0x00, 0x00, 0x00, 0x00, 0x00, 0x00, 0x00,
  0x00, 0x00, 0x00, 0x00, 0x00, 0x00, 0x00, 0x00, 0x00, 0x00, 0x00, 0x00, 0x00, 0x00, 0x00, 0x00, 0x00, 0x00, 0x00, 0x00, 0x00, 0x00, 0x00, 0x00,
  0x00, 0x00, 0x00, 0x00, 0x00, 0x00, 0x00, 0x00, 0x00, 0x00, 0x00, 0x00, 0x00, 0x00, 0x00, 0x00, 0x00, 0x00, 0x00, 0x00, 0x00, 0x00, 0x00, 0x00,
  0x00, 0x00, 0x00, 0x00, 0x00, 0x00, 0x00, 0x00, 0x00, 0x00, 0x00, 0x00, 0x00, 0x00, 0x00, 0x00, 0x00, 0x00, 0x00, 0x00, 0x00, 0x00, 0x00, 0x00,
  0x00, 0x00, 0x00, 0x00, 0x00, 0x00, 0x00, 0x00, 0x00, 0x00, 0x00, 0x00, 0x00, 0x00, 0x00, 0x00, 0x00, 0x00, 0x00, 0x00, 0x00, 0x00, 0x00, 0x00,
  0x00, 0x00, 0x00, 0x00, 0x00, 0x00, 0x00, 0x00, 0x00, 0x00, 0x00, 0x00, 0x00, 0x00, 0x00, 0x00, 0x00, 0x00, 0x00, 0x00, 0x00, 0x00, 0x00, 0x00,
  0x00, 0x00, 0x00, 0x00, 0x00, 0x00, 0x00, 0x00, 0x00, 0x00, 0x00, 0x00, 0x00, 0x00, 0x00, 0x00, 0x00, 0x00, 0x00, 0x00, 0x00, 0x00, 0x00, 0x00,
  0x00, 0x00, 0x00, 0x00, 0x00, 0x00, 0x00, 0x00, 0x00, 0x00, 0x00, 0x00, 0x00, 0x00, 0x00, 0x00, 0x00, 0x00, 0x00, 0x00, 0x00, 0x00, 0x00, 0x00,
  0x00, 0x00, 0x00, 0x00, 0x00, 0x00, 0x00, 0x00, 0x00, 0x00, 0x00, 0x00, 0x00, 0x00, 0x00, 0x00, 0x00, 0x00, 0x00, 0x00, 0x00, 0x00, 0x00, 0x00,
  0x00, 0x00, 0x00, 0x00, 0x00, 0x00, 0x00, 0x00, 0x00, 0x00, 0x00, 0x00, 0x00, 0x00, 0x00, 0x00, 0x00, 0x00, 0x00, 0x00, 0x00, 0x00, 0x00, 0x00,
  0x00, 0x00, 0x00, 0x00, 0x00, 0x00, 0x00, 0x00, 0x00, 0x00, 0x00, 0x00, 0x00, 0x00, 0x00, 0x00, 0x00, 0x00, 0x00, 0x00, 0x00, 0x00, 0x00, 0x00,
  0x00, 0x00, 0x00, 0x00, 0x00, 0x00, 0x00, 0x00, 0x00, 0x00, 0x00, 0x00, 0x00, 0x00, 0x00, 0x00, 0x00, 0x00, 0x00, 0x00, 0x00, 0x00, 0x00, 0x00,
  0x00, 0x00, 0x00, 0x00, 0x00, 0x00, 0x00, 0x00, 0x00, 0x00, 0x00, 0x00, 0x00, 0x00, 0x00, 0x00, 0x00, 0x00, 0x00, 0x00, 0x00, 0x00, 0x00, 0x00,
  0x00, 0x00, 0x00, 0x00, 0x00, 0x00, 0x00, 0x00, 0x00, 0x00, 0x00, 0x00, 0x00, 0x00, 0x00, 0x00, 0x00, 0x00, 0x00, 0x00, 0x00, 0x00, 0x00, 0x00,
  0x00, 0x00, 0x00, 0x00, 0x00, 0x00, 0x00, 0x00, 0x00, 0x00, 0x00, 0x00, 0x00, 0x00, 0x00, 0x00, 0x00, 0x00, 0x00, 0x00, 0x00, 0x00, 0x00, 0x00,
  0x00, 0x00, 0x00, 0x00, 0x00, 0x00, 0x00, 0x00, 0x00, 0x00, 0x00, 0x00, 0x00, 0x00, 0x00, 0x00, 0x00, 0x00, 0x00, 0x00, 0x00, 0x00, 0x00, 0x00,
  0x00, 0x00, 0x00, 0x00, 0x00, 0x00, 0x00, 0x00, 0x00, 0x00, 0x00, 0x00, 0x00, 0x00, 0x00, 0x00, 0x00, 0x00, 0x00, 0x00, 0x00, 0x00, 0x00, 0x00,
  0x00, 0x00, 0x00, 0x00, 0x00, 0x00, 0x00, 0x00, 0x00, 0x00, 0x00, 0x00, 0x00, 0x00, 0x00, 0x00, 0x00, 0x00, 0x00, 0x00, 0x00, 0x00, 0x00, 0x00,
  0x00, 0x00, 0x00, 0x00, 0x00, 0x00, 0x00, 0x00, 0x00, 0x00, 0x00, 0x00, 0x00, 0x00, 0x00, 0x00, 0x00, 0x00, 0x00, 0x00, 0x00, 0x00, 0x00, 0x00,
  0x00, 0x00, 0x00, 0x00, 0x00, 0x00, 0x00, 0x00, 0x00, 0x00, 0x00, 0x00, 0x00, 0x00, 0x00, 0x00, 0x00, 0x00, 0x00, 0x00, 0x00, 0x00, 0x00, 0x00,
  0x00, 0x00, 0x00, 0x00, 0x00, 0x00, 0x00, 0x00, 0x00, 0x00, 0x00, 0x00, 0x00, 0x00, 0x00, 0x00, 0x00, 0x00, 0x00, 0x00, 0x00, 0x00, 0x00, 0x00,
  0x00, 0x00, 0x00, 0x00, 0x00, 0x00, 0x00, 0x00, 0x7f, 0x7f, 0x7f, 0x02, 0xff, 0xff, 0xff, 0x15, 0xfb, 0xfb, 0xfb, 0xdb, 0xff, 0xff, 0xff, 0xff,
  0xf8, 0xf8, 0xf8, 0x75, 0xff, 0xff, 0xff, 0x18, 0xaa, 0xaa, 0xaa, 0x03, 0x7f, 0xbf, 0x00, 0x04, 0x55, 0xff, 0x00, 0x03, 0x7a, 0xe0, 0x3d, 0x19,
  0x81, 0xe2, 0x4a, 0x90, 0x80, 0xdf, 0x49, 0xa9, 0x80, 0xdd, 0x48, 0xa9, 0x82, 0xe3, 0x4b, 0x92, 0x7f, 0xda, 0x3f, 0x1c, 0x55, 0xff, 0x00, 0x03,
  0x7f, 0xbf, 0x00, 0x04, 0xff, 0xff, 0xff, 0x02, 0xff, 0xff, 0xff, 0x17, 0xf8, 0xf8, 0xf8, 0x71, 0xfd, 0xfd, 0xfd, 0xff, 0xfb, 0xfb, 0xfb, 0xe0,
  0xf5, 0xf5, 0xf5, 0x1a, 0xff, 0xff, 0xff, 0x01, 0xff, 0xff, 0xff, 0x02, 0x00, 0x00, 0x00, 0x00, 0x00, 0x00, 0x00, 0x00, 0x00, 0x00, 0x00, 0x00,
  0x00, 0x00, 0x00, 0x00, 0x00, 0x00, 0x00, 0x00, 0x00, 0x00, 0x00, 0x00, 0x00, 0x00, 0x00, 0x00, 0x00, 0x00, 0x00, 0x00, 0x00, 0x00, 0x00, 0x00,
  0x00, 0x00, 0x00, 0x00, 0x00, 0x00, 0x00, 0x00, 0x00, 0x00, 0x00, 0x00, 0x00, 0x00, 0x00, 0x00, 0x00, 0x00, 0x00, 0x00, 0x00, 0x00, 0x00, 0x00,
  0x00, 0x00, 0x00, 0x00, 0x00, 0x00, 0x00, 0x00, 0x00, 0x00, 0x00, 0x00, 0x00, 0x00, 0x00, 0x00, 0x00, 0x00, 0x00, 0x00, 0x00, 0x00, 0x00, 0x00,
  0x00, 0x00, 0x00, 0x00, 0x00, 0x00, 0x00, 0x00, 0x00, 0x00, 0x00, 0x00, 0x00, 0x00, 0x00, 0x00, 0x00, 0x00, 0x00, 0x00, 0x00, 0x00, 0x00, 0x00,
  0x00, 0x00, 0x00, 0x00, 0x00, 0x00, 0x00, 0x00, 0x00, 0x00, 0x00, 0x00, 0x00, 0x00, 0x00, 0x00, 0x00, 0x00, 0x00, 0x00, 0x00, 0x00, 0x00, 0x00,
  0x00, 0x00, 0x00, 0x00, 0x00, 0x00, 0x00, 0x00, 0x00, 0x00, 0x00, 0x00, 0x00, 0x00, 0x00, 0x00, 0x00, 0x00, 0x00, 0x00, 0x00, 0x00, 0x00, 0x00,
  0x00, 0x00, 0x00, 0x00, 0x00, 0x00, 0x00, 0x00, 0x00, 0x00, 0x00, 0x00, 0x00, 0x00, 0x00, 0x00, 0x00, 0x00, 0x00, 0x00, 0x00, 0x00, 0x00, 0x00,
  0x00, 0x00, 0x00, 0x00, 0x00, 0x00, 0x00, 0x00, 0x00, 0x00, 0x00, 0x00, 0x00, 0x00, 0x00, 0x00, 0x00, 0x00, 0x00, 0x00, 0x00, 0x00, 0x00, 0x00,
  0x00, 0x00, 0x00, 0x00, 0x00, 0x00, 0x00, 0x00, 0x00, 0x00, 0x00, 0x00, 0x00, 0x00, 0x00, 0x00, 0x00, 0x00, 0x00, 0x00, 0x00, 0x00, 0x00, 0x00,
  0x00, 0x00, 0x00, 0x00, 0x00, 0x00, 0x00, 0x00, 0x00, 0x00, 0x00, 0x00, 0x00, 0x00, 0x00, 0x00, 0x00, 0x00, 0x00, 0x00, 0x00, 0x00, 0x00, 0x00,
  0x00, 0x00, 0x00, 0x00, 0x00, 0x00, 0x00, 0x00, 0x00, 0x00, 0x00, 0x00, 0x00, 0x00, 0x00, 0x00, 0x00, 0x00, 0x00, 0x00, 0x00, 0x00, 0x00, 0x00,
  0x00, 0x00, 0x00, 0x00, 0x00, 0x00, 0x00, 0x00, 0x00, 0x00, 0x00, 0x00, 0x00, 0x00, 0x00, 0x00, 0x00, 0x00, 0x00, 0x00, 0x00, 0x00, 0x00, 0x00,
  0x00, 0x00, 0x00, 0x00, 0x00, 0x00, 0x00, 0x00, 0x00, 0x00, 0x00, 0x00, 0x00, 0x00, 0x00, 0x00, 0x00, 0x00, 0x00, 0x00, 0x00, 0x00, 0x00, 0x00,
  0x00, 0x00, 0x00, 0x00, 0x00, 0x00, 0x00, 0x00, 0x00, 0x00, 0x00, 0x00, 0x00, 0x00, 0x00, 0x00, 0x00, 0x00, 0x00, 0x00, 0x00, 0x00, 0x00, 0x00,
  0x00, 0x00, 0x00, 0x00, 0x00, 0x00, 0x00, 0x00, 0x00, 0x00, 0x00, 0x00, 0x00, 0x00, 0x00, 0x00, 0x00, 0x00, 0x00, 0x00, 0x00, 0x00, 0x00, 0x00,
  0x00, 0x00, 0x00, 0x00, 0x00, 0x00, 0x00, 0x00, 0x00, 0x00, 0x00, 0x00, 0x00, 0x00, 0x00, 0x00, 0x00, 0x00, 0x00, 0x00, 0x00, 0x00, 0x00, 0x00,
  0x00, 0x00, 0x00, 0x00, 0x00, 0x00, 0x00, 0x00, 0x00, 0x00, 0x00, 0x00, 0x00, 0x00, 0x00, 0x00, 0x00, 0x00, 0x00, 0x00, 0x00, 0x00, 0x00, 0x00,
  0x00, 0x00, 0x00, 0x00, 0x00, 0x00, 0x00, 0x00, 0x00, 0x00, 0x00, 0x00, 0x00, 0x00, 0x00, 0x00, 0x00, 0x00, 0x00, 0x00, 0x00, 0x00, 0x00, 0x00,
  0x00, 0x00, 0x00, 0x00, 0x00, 0x00, 0x00, 0x00, 0x00, 0x00, 0x00, 0x00, 0x00, 0x00, 0x00, 0x00, 0x00, 0x00, 0x00, 0x00, 0x00, 0x00, 0x00, 0x00,
  0x00, 0x00, 0x00, 0x00, 0x00, 0x00, 0x00, 0x00, 0x00, 0x00, 0x00, 0x00, 0x00, 0x00, 0x00, 0x00, 0x00, 0x00, 0x00, 0x00, 0x00, 0x00, 0x00, 0x00,
  0x00, 0x00, 0x00, 0x00, 0x00, 0x00, 0x00, 0x00, 0x00, 0x00, 0x00, 0x00, 0x00, 0x00, 0x00, 0x00, 0x00, 0x00, 0x00, 0x00, 0x00, 0x00, 0x00, 0x00,
  0x00, 0x00, 0x00, 0x00, 0x00, 0x00, 0x00, 0x00, 0x00, 0x00, 0x00, 0x00, 0x00, 0x00, 0x00, 0x00, 0x00, 0x00, 0x00, 0x00, 0x00, 0x00, 0x00, 0x00,
  0x00, 0x00, 0x00, 0x00, 0x00, 0x00, 0x00, 0x00, 0x00, 0x00, 0x00, 0x00, 0x00, 0x00, 0x00, 0x00, 0x00, 0x00, 0x00, 0x00, 0x00, 0x00, 0x00, 0x00,
  0x00, 0x00, 0x00, 0x00, 0x00, 0x00, 0x00, 0x00, 0x00, 0x00, 0x00, 0x00, 0x00, 0x00, 0x00, 0x00, 0x00, 0x00, 0x00, 0x00, 0x00, 0x00, 0x00, 0x00,
  0x00, 0x00, 0x00, 0x00, 0x00, 0x00, 0x00, 0x00, 0x00, 0x00, 0x00, 0x00, 0x00, 0x00, 0x00, 0x00, 0x00, 0x00, 0x00, 0x00, 0x00, 0x00, 0x00, 0x00,
  0x00, 0x00, 0x00, 0x00, 0x00, 0x00, 0x00, 0x00, 0x00, 0x00, 0x00, 0x00, 0x00, 0x00, 0x00, 0x00, 0x00, 0x00, 0x00, 0x00, 0x00, 0x00, 0x00, 0x00,
  0x00, 0x00, 0x00, 0x00, 0x00, 0x00, 0x00, 0x00, 0x00, 0x00, 0x00, 0x00, 0x00, 0x00, 0x00, 0x00, 0x00, 0x00, 0x00, 0x00, 0x00, 0x00, 0x00, 0x00,
  0x00, 0x00, 0x00, 0x00, 0x00, 0x00, 0x00, 0x00, 0x00, 0x00, 0x00, 0x00, 0x00, 0x00, 0x00, 0x00, 0x00, 0x00, 0x00, 0x00, 0x00, 0x00, 0x00, 0x00,
  0x00, 0x00, 0x00, 0x00, 0x00, 0x00, 0x00, 0x00, 0x00, 0x00, 0x00, 0x00, 0x00, 0x00, 0x00, 0x00, 0x00, 0x00, 0x00, 0x00, 0x00, 0x00, 0x00, 0x00,
  0x00, 0x00, 0x00, 0x00, 0xfa, 0xfa, 0xfa, 0xb3, 0xfc, 0xfc, 0xfc, 0xfe, 0xfa, 0xfa, 0xfa, 0x36, 0x00, 0x00, 0x00, 0x00, 0x00, 0x00, 0x00, 0x00,
  0x00, 0x00, 0x00, 0x00, 0x00, 0x00, 0x00, 0x00, 0x00, 0x00, 0x00, 0x00, 0x7f, 0xde, 0x49, 0x76, 0x90, 0xfa, 0x53, 0xff, 0x80, 0xdd, 0x49, 0xdd,
  0x7f, 0xdd, 0x49, 0xdc, 0x90, 0xfa, 0x53, 0xff, 0x7e, 0xdc, 0x48, 0x7f, 0x00, 0x00, 0x00, 0x00, 0x00, 0x00, 0x00, 0x00, 0x00, 0x00, 0x00, 0x00,
  0x00, 0x00, 0x00, 0x00, 0x00, 0x00, 0x00, 0x00, 0xf9, 0xf9, 0xf9, 0x31, 0xfc, 0xfc, 0xfc, 0xfa, 0xfa, 0xfa, 0xfa, 0xbd, 0x00, 0x00, 0x00, 0x00,
  0xff, 0xff, 0xff, 0x02, 0x00, 0x00, 0x00, 0x00, 0x00, 0x00, 0x00, 0x00, 0x00, 0x00, 0x00, 0x00, 0x00, 0x00, 0x00, 0x00, 0x00, 0x00, 0x00, 0x00,
  0x00, 0x00, 0x00, 0x00, 0x00, 0x00, 0x00, 0x00, 0x00, 0x00, 0x00, 0x00, 0x00, 0x00, 0x00, 0x00, 0xff, 0xff, 0xff, 0x03, 0xff, 0xff, 0xff, 0x03,
  0xff, 0xff, 0xff, 0x03, 0xff, 0xff, 0xff, 0x03, 0xff, 0xff, 0xff, 0x03, 0xff, 0xff, 0xff, 0x03, 0xff, 0xff, 0xff, 0x03, 0xff, 0xff, 0xff, 0x03,
  0xff, 0xff, 0xff, 0x03, 0xff, 0xff, 0xff, 0x03, 0xff, 0xff, 0xff, 0x03, 0x00, 0x00, 0x00, 0x00, 0x00, 0x00, 0x00, 0x00, 0x00, 0x00, 0x00, 0x00,
  0x00, 0x00, 0x00, 0x00, 0xff, 0xff, 0xff, 0x01, 0xff, 0xff, 0xff, 0x03, 0xff, 0xff, 0xff, 0x03, 0xff, 0xff, 0xff, 0x03, 0xff, 0xff, 0xff, 0x03,
  0xff, 0xff, 0xff, 0x03, 0xff, 0xff, 0xff, 0x03, 0xff, 0xff, 0xff, 0x03, 0xff, 0xff, 0xff, 0x03, 0xff, 0xff, 0xff, 0x03, 0xff, 0xff, 0xff, 0x02,
  0x00, 0x00, 0x00, 0x00, 0x00, 0x00, 0x00, 0x00, 0x00, 0x00, 0x00, 0x00, 0xff, 0xff, 0xff, 0x02, 0xff, 0xff, 0xff, 0x03, 0xff, 0xff, 0xff, 0x03,
  0x00, 0x00, 0x00, 0x00, 0x00, 0x00, 0x00, 0x00, 0x00, 0x00, 0x00, 0x00, 0x00, 0x00, 0x00, 0x00, 0x00, 0x00, 0x00, 0x00, 0xff, 0xff, 0xff, 0x01,
  0xff, 0xff, 0xff, 0x03, 0xff, 0xff, 0xff, 0x03, 0xff, 0xff, 0xff, 0x01, 0x00, 0x00, 0x00, 0x00, 0x00, 0x00, 0x00, 0x00, 0x00, 0x00, 0x00, 0x00,
  0x00, 0x00, 0x00, 0x00, 0x00, 0x00, 0x00, 0x00, 0xff, 0xff, 0xff, 0x03, 0xff, 0xff, 0xff, 0x03, 0xff, 0xff, 0xff, 0x02, 0x00, 0x00, 0x00, 0x00,
  0x00, 0x00, 0x00, 0x00, 0xff, 0xff, 0xff, 0x03, 0xff, 0xff, 0xff, 0x03, 0xff, 0xff, 0xff, 0x03, 0xff, 0xff, 0xff, 0x03, 0xff, 0xff, 0xff, 0x03,
  0xff, 0xff, 0xff, 0x03, 0xff, 0xff, 0xff, 0x03, 0xff, 0xff, 0xff, 0x03, 0xff, 0xff, 0xff, 0x03, 0xff, 0xff, 0xff, 0x03, 0xff, 0xff, 0xff, 0x03,
  0xff, 0xff, 0xff, 0x03, 0x00, 0x00, 0x00, 0x00, 0x00, 0x00, 0x00, 0x00, 0xff, 0xff, 0xff, 0x02, 0xff, 0xff, 0xff, 0x03, 0xff, 0xff, 0xff, 0x03,
  0xff, 0xff, 0xff, 0x03, 0xff, 0xff, 0xff, 0x03, 0xff, 0xff, 0xff, 0x03, 0xff, 0xff, 0xff, 0x03, 0xff, 0xff, 0xff, 0x03, 0xff, 0xff, 0xff, 0x03,
  0xff, 0xff, 0xff, 0x03, 0xff, 0xff, 0xff, 0x03, 0xff, 0xff, 0xff, 0x01, 0x00, 0x00, 0x00, 0x00, 0x00, 0x00, 0x00, 0x00, 0x00, 0x00, 0x00, 0x00,
  0x00, 0x00, 0x00, 0x00, 0x00, 0xff, 0x00, 0x01, 0xaa, 0xff, 0x55, 0x03, 0xaa, 0xff, 0x55, 0x03, 0xaa, 0xff, 0x55, 0x03, 0xaa, 0xff, 0x55, 0x03,
  0xaa, 0xff, 0x55, 0x03, 0xaa, 0xff, 0x55, 0x03, 0xaa, 0xff, 0x55, 0x03, 0xaa, 0xff, 0x55, 0x03, 0xaa, 0xff, 0x55, 0x03, 0x7f, 0xff, 0x7f, 0x02,
  0x00, 0x00, 0x00, 0x00, 0x00, 0x00, 0x00, 0x00, 0x00, 0x00, 0x00, 0x00, 0x00, 0x00, 0x00, 0x00, 0x00, 0x00, 0x00, 0x00, 0x55, 0xaa, 0x55, 0x03,
  0xaa, 0xff, 0x55, 0x03, 0xaa, 0xff, 0x55, 0x03, 0xaa, 0xff, 0x55, 0x03, 0xaa, 0xff, 0x55, 0x03, 0xaa, 0xff, 0x55, 0x03, 0xaa, 0xff, 0x55, 0x03,
  0xaa, 0xff, 0x55, 0x03, 0xaa, 0xff, 0x55, 0x03, 0xaa, 0xff, 0x55, 0x03, 0xaa, 0xff, 0x55, 0x03, 0xff, 0xff, 0x00, 0x01, 0x00, 0x00, 0x00, 0x00,
  0x00, 0x00, 0x00, 0x01, 0xaa, 0xff, 0x55, 0x03, 0xaa, 0xff, 0x55, 0x03, 0xaa, 0xff, 0x55, 0x03, 0xaa, 0xff, 0x55, 0x03, 0xaa, 0xff, 0x55, 0x03,
  0xaa, 0xff, 0x55, 0x03, 0xaa, 0xff, 0x55, 0x03, 0xaa, 0xff, 0x55, 0x03, 0xaa, 0xff, 0x55, 0x03, 0xaa, 0xff, 0x55, 0x03, 0x55, 0xaa, 0x55, 0x03,
  0x00, 0x00, 0x00, 0x00, 0x00, 0x00, 0x00, 0x00, 0x00, 0x00, 0x00, 0x00, 0x00, 0x00, 0x00, 0x00, 0x55, 0xff, 0x55, 0x03, 0xaa, 0xff, 0x55, 0x03,
  0xaa, 0xff, 0x55, 0x03, 0xaa, 0xff, 0x55, 0x03, 0xaa, 0xff, 0x55, 0x03, 0xaa, 0xff, 0x55, 0x03, 0xaa, 0xff, 0x55, 0x03, 0xaa, 0xff, 0x55, 0x03,
  0xaa, 0xff, 0x55, 0x03, 0xaa, 0xff, 0x55, 0x03, 0xaa, 0xff, 0x55, 0x03, 0x7f, 0xff, 0x7f, 0x02, 0x00, 0x00, 0x00, 0x00, 0x00, 0x00, 0x00, 0x00,
  0x7f, 0xff, 0x7f, 0x02, 0xaa, 0xff, 0x55, 0x03, 0xaa, 0xff, 0x55, 0x03, 0xaa, 0xff, 0x55, 0x03, 0xaa, 0xff, 0x55, 0x03, 0xaa, 0xff, 0x55, 0x03,
  0xaa, 0xff, 0x55, 0x03, 0xaa, 0xff, 0x55, 0x03, 0xaa, 0xff, 0x55, 0x03, 0xaa, 0xff, 0x55, 0x03, 0xaa, 0xff, 0x55, 0x03, 0x55, 0xff, 0x55, 0x03,
  0x00, 0x00, 0x00, 0x00, 0x00, 0x00, 0x00, 0x00, 0x7f, 0xff, 0x7f, 0x02, 0xaa, 0xff, 0x55, 0x03, 0xaa, 0xff, 0x55, 0x03, 0x00, 0xff, 0x00, 0x01,
  0x00, 0x00, 0x00, 0x00, 0x00, 0x00, 0x00, 0x00, 0x00, 0x00, 0x00, 0x00, 0x00, 0x00, 0x00, 0x00, 0x00, 0x00, 0x00, 0x00, 0x00, 0x00, 0x00, 0x00,
  0xff, 0xff, 0x00, 0x01, 0xaa, 0xff, 0x55, 0x03, 0xaa, 0xff, 0x55, 0x03, 0x00, 0x00, 0x00, 0x00, 0xfa, 0xfa, 0xfa, 0x36, 0xff, 0xff, 0xff, 0xff,
  0xf8, 0xf8, 0xf8, 0x73, 0x00, 0x00, 0x00, 0x00, 0xff, 0xff, 0xff, 0x07, 0xff, 0xff, 0x7f, 0x02, 0x99, 0xff, 0x66, 0x05, 0x83, 0xe2, 0x4a, 0x59,
  0x81, 0xdf, 0x4c, 0x72, 0x80, 0xdd, 0x4a, 0xc0, 0x82, 0xe1, 0x4b, 0xfc, 0x80, 0xdd, 0x49, 0x87, 0x7f, 0xde, 0x49, 0x84, 0x80, 0xde, 0x4a, 0xfc,
  0x80, 0xdd, 0x4a, 0xc6, 0x81, 0xdf, 0x4c, 0x72, 0x83, 0xe2, 0x4b, 0x5b, 0xaa, 0xff, 0x55, 0x06, 0xff, 0xff, 0xff, 0x01, 0xdf, 0xdf, 0xdf, 0x08,
  0x00, 0x00, 0x00, 0x00, 0xfa, 0xfa, 0xfa, 0x6a, 0xff, 0xff, 0xff, 0xff, 0xff, 0xff, 0xff, 0x39, 0x00, 0x00, 0x00, 0x00, 0xff, 0xff, 0xff, 0x03,
  0x00, 0x00, 0x00, 0x00, 0x00, 0x00, 0x00, 0x00, 0x00, 0x00, 0x00, 0x00, 0x00, 0x00, 0x00, 0x00, 0x00, 0x00, 0x00, 0x00, 0x00, 0x00, 0x00, 0x00,
  0x00, 0x00, 0x00, 0x00, 0x00, 0x00, 0x00, 0x00, 0x00, 0x00, 0x00, 0x00, 0x00, 0x00, 0x00, 0x00, 0x00, 0x00, 0x00, 0x00, 0x00, 0x00, 0x00, 0x00,
  0x00, 0x00, 0x00, 0x00, 0x00, 0x00, 0x00, 0x00, 0x00, 0x00, 0x00, 0x00, 0x00, 0x00, 0x00, 0x00, 0x00, 0x00, 0x00, 0x00, 0x00, 0x00, 0x00, 0x00,
  0x00, 0x00, 0x00, 0x00, 0x00, 0x00, 0x00, 0x00, 0xff, 0xff, 0xff, 0x01, 0x00, 0x00, 0x00, 0x00, 0xff, 0xff, 0xff, 0x01, 0x00, 0x00, 0x00, 0x00,
  0x00, 0x00, 0x00, 0x00, 0x00, 0x00, 0x00, 0x00, 0x00, 0x00, 0x00, 0x00, 0x00, 0x00, 0x00, 0x00, 0x00, 0x00, 0x00, 0x00, 0x00, 0x00, 0x00, 0x00,
  0x00, 0x00, 0x00, 0x00, 0x00, 0x00, 0x00, 0x00, 0x00, 0x00, 0x00, 0x00, 0x00, 0x00, 0x00, 0x00, 0xff, 0xff, 0xff, 0x02, 0x00, 0x00, 0x00, 0x00,
  0x00, 0x00, 0x00, 0x00, 0x00, 0x00, 0x00, 0x00, 0x00, 0x00, 0x00, 0x00, 0x00, 0x00, 0x00, 0x00, 0x00, 0x00, 0x00, 0x00, 0x00, 0x00, 0x00, 0x00,
  0x00, 0x00, 0x00, 0x00, 0x00, 0x00, 0x00, 0x00, 0x00, 0x00, 0x00, 0x00, 0x00, 0x00, 0x00, 0x00, 0x00, 0x00, 0x00, 0x00, 0x00, 0x00, 0x00, 0x00,
  0x00, 0x00, 0x00, 0x00, 0x00, 0x00, 0x00, 0x00, 0x00, 0x00, 0x00, 0x00, 0x00, 0x00, 0x00, 0x00, 0x00, 0x00, 0x00, 0x00, 0xff, 0xff, 0xff, 0x01,
  0x00, 0x00, 0x00, 0x00, 0x00, 0x00, 0x00, 0x00, 0x00, 0x00, 0x00, 0x00, 0x00, 0x00, 0x00, 0x00, 0x00, 0x00, 0x00, 0x00, 0x00, 0x00, 0x00, 0x00,
  0x00, 0x00, 0x00, 0x00, 0x00, 0x00, 0x00, 0x00, 0x00, 0x00, 0x00, 0x00, 0x00, 0x00, 0x00, 0x00, 0x00, 0x00, 0x00, 0x00, 0x00, 0x00, 0x00, 0x00,
  0x00, 0x00, 0x00, 0x00, 0x00, 0x00, 0x00, 0x00, 0x00, 0x00, 0x00, 0x00, 0x00, 0x00, 0x00, 0x00, 0x00, 0x00, 0x00, 0x00, 0x00, 0x00, 0x00, 0x00,
  0x00, 0x00, 0x00, 0x00, 0x00, 0x00, 0x00, 0x00, 0x00, 0x00, 0x00, 0x00, 0x00, 0x00, 0x00, 0x00, 0x00, 0x00, 0x00, 0x00, 0x00, 0x00, 0x00, 0x00,
  0x00, 0x00, 0x00, 0x00, 0x00, 0x00, 0x00, 0x00, 0x00, 0x00, 0x00, 0x00, 0x00, 0x00, 0x00, 0x00, 0x00, 0x00, 0x00, 0x00, 0x00, 0x00, 0x00, 0x00,
  0x00, 0x00, 0x00, 0x00, 0xff, 0xff, 0xff, 0x02, 0x00, 0x00, 0x00, 0x00, 0x00, 0x00, 0x00, 0x00, 0x00, 0xff, 0x00, 0x01, 0x00, 0x00, 0x00, 0x00,
  0x00, 0x00, 0x00, 0x00, 0x00, 0x00, 0x00, 0x00, 0x00, 0x00, 0x00, 0x00, 0x00, 0x00, 0x00, 0x00, 0x00, 0x00, 0x00, 0x00, 0x00, 0x00, 0x00, 0x00,
  0x00, 0x00, 0x00, 0x00, 0x00, 0x00, 0x00, 0x00, 0x00, 0x00, 0x00, 0x00, 0x00, 0x00, 0x00, 0x00, 0x7f, 0xff, 0x7f, 0x02, 0x00, 0x00, 0x00, 0x00,
  0x00, 0x00, 0x00, 0x00, 0x00, 0x00, 0x00, 0x00, 0x7f, 0x7f, 0x00, 0x02, 0x00, 0x00, 0x00, 0x00, 0x00, 0x00, 0x00, 0x00, 0x00, 0x00, 0x00, 0x00,
  0x00, 0x00, 0x00, 0x00, 0x00, 0x00, 0x00, 0x00, 0x00, 0x00, 0x00, 0x00, 0x00, 0x00, 0x00, 0x00, 0x00, 0x00, 0x00, 0x00, 0x00, 0x00, 0x00, 0x00,
  0x00, 0x00, 0x00, 0x00, 0x00, 0x00, 0x00, 0x00, 0x00, 0x00, 0x00, 0x00, 0x00, 0x00, 0x00, 0x00, 0x00, 0x00, 0x00, 0x00, 0x00, 0x00, 0x00, 0x00,
  0x00, 0x00, 0x00, 0x00, 0x00, 0x00, 0x00, 0x00, 0x00, 0x00, 0x00, 0x00, 0x00, 0x00, 0x00, 0x00, 0x00, 0x00, 0x00, 0x00, 0x00, 0x00, 0x00, 0x00,
  0x00, 0x00, 0x00, 0x00, 0x00, 0x00, 0x00, 0x00, 0x00, 0x00, 0x00, 0x00, 0x00, 0x00, 0x00, 0x00, 0x00, 0x00, 0x00, 0x00, 0x00, 0xff, 0x00, 0x01,
  0x00, 0x00, 0x00, 0x00, 0x00, 0x00, 0x00, 0x00, 0x00, 0x00, 0x00, 0x00, 0x00, 0x00, 0x00, 0x00, 0x00, 0x00, 0x00, 0x00, 0x00, 0x00, 0x00, 0x00,
  0x00, 0x00, 0x00, 0x00, 0x00, 0x00, 0x00, 0x00, 0x00, 0x00, 0x00, 0x00, 0x00, 0x00, 0x00, 0x00, 0x00, 0x00, 0x00, 0x00, 0x00, 0x00, 0x00, 0x00,
  0x00, 0x00, 0x00, 0x00, 0x00, 0x00, 0x00, 0x00, 0x00, 0x00, 0x00, 0x00, 0x00, 0x00, 0x00, 0x00, 0x00, 0x00, 0x00, 0x00, 0x00, 0x00, 0x00, 0x00,
  0x00, 0x00, 0x00, 0x00, 0x00, 0x00, 0x00, 0x00, 0x00, 0x00, 0x00, 0x00, 0x00, 0x00, 0x00, 0x00, 0x00, 0x00, 0x00, 0x00, 0x00, 0x00, 0x00, 0x00,
  0x00, 0x00, 0x00, 0x00, 0x00, 0x00, 0x00, 0x00, 0x00, 0x00, 0x00, 0x00, 0x00, 0x00, 0x00, 0x00, 0x00, 0x00, 0x00, 0x00, 0x00, 0x00, 0x00, 0x00,
  0x00, 0x00, 0x00, 0x00, 0x00, 0x00, 0x00, 0x00, 0x00, 0x00, 0x00, 0x00, 0x00, 0x00, 0x00, 0x00, 0x00, 0x00, 0x00, 0x00, 0x00, 0x00, 0x00, 0x00,
  0x00, 0x00, 0x00, 0x00, 0x00, 0x00, 0x00, 0x00, 0x00, 0x00, 0x00, 0x00, 0x00, 0x00, 0x00, 0x00, 0x00, 0x00, 0x00, 0x00, 0x00, 0x00, 0x00, 0x00,
  0x00, 0x00, 0x00, 0x00, 0x00, 0x00, 0x00, 0x00, 0xf9, 0xf9, 0xf9, 0x8a, 0xfc, 0xfc, 0xfc, 0xfb, 0xf0, 0xf0, 0xf0, 0x11, 0xff, 0xff, 0xff, 0x02,
  0xaa, 0xff, 0xaa, 0x03, 0x00, 0x00, 0x00, 0x00, 0x7e, 0xdd, 0x49, 0x9f, 0x8f, 0xf7, 0x52, 0xff, 0x86, 0xe9, 0x4d, 0xff, 0x82, 0xe2, 0x4b, 0xff,
  0x81, 0xe0, 0x4a, 0xff, 0x8a, 0xef, 0x50, 0xff, 0x8a, 0xf0, 0x50, 0xff, 0x81, 0xe0, 0x4b, 0xff, 0x82, 0xe1, 0x4b, 0xff, 0x86, 0xe9, 0x4d, 0xff,
  0x8f, 0xf8, 0x53, 0xff, 0x7f, 0xdd, 0x49, 0xa6, 0x00, 0xff, 0x00, 0x01, 0xaa, 0xff, 0xaa, 0x03, 0xff, 0xff, 0xff, 0x02, 0xff, 0xff, 0xff, 0x0c,
  0xfb, 0xfb, 0xfb, 0xfb, 0xfb, 0xfb, 0xfb, 0x89, 0x00, 0x00, 0x00, 0x00, 0xff, 0xff, 0xff, 0x04, 0x00, 0x00, 0x00, 0x00, 0x00, 0x00, 0x00, 0x00,
  0x00, 0x00, 0x00, 0x00, 0x00, 0x00, 0x00, 0x00, 0x00, 0x00, 0x00, 0x00, 0xff, 0xff, 0xff, 0x01, 0x00, 0x00, 0x00, 0x00, 0xff, 0xff, 0xff, 0x0a,
  0xf7, 0xf7, 0xf7, 0x41, 0xfb, 0xfb, 0xfb, 0x41, 0xfb, 0xfb, 0xfb, 0x40, 0xfb, 0xfb, 0xfb, 0x40, 0xf7, 0xf7, 0xf7, 0x41, 0xf7, 0xf7, 0xf7, 0x41,
  0xf7, 0xf7, 0xf7, 0x41, 0xf7, 0xf7, 0xf7, 0x41, 0xfb, 0xfb, 0xfb, 0x40, 0xff, 0xff, 0xff, 0x40, 0xff, 0xff, 0xff, 0x35, 0x00, 0x00, 0x00, 0x00,
  0x00, 0x00, 0x00, 0x00, 0xff, 0xff, 0xff, 0x01, 0x00, 0x00, 0x00, 0x00, 0xff, 0xff, 0xff, 0x02, 0xfb, 0xfb, 0xfb, 0x44, 0xff, 0xff, 0xff, 0x50,
  0xf8, 0xf8, 0xf8, 0x50, 0xfb, 0xfb, 0xfb, 0x50, 0xfb, 0xfb, 0xfb, 0x50, 0xfb, 0xfb, 0xfb, 0x50, 0xfb, 0xfb, 0xfb, 0x50, 0xfb, 0xfb, 0xfb, 0x4f,
  0xff, 0xff, 0xff, 0x4f, 0xf8, 0xf8, 0xf8, 0x28, 0x00, 0x00, 0x00, 0x00, 0xff, 0xff, 0xff, 0x02, 0x00, 0x00, 0x00, 0x00, 0xf9, 0xf9, 0xf9, 0x30,
  0xff, 0xff, 0xff, 0x52, 0xf7, 0xf7, 0xf7, 0x43, 0x00, 0x00, 0x00, 0x00, 0x00, 0x00, 0x00, 0x00, 0x00, 0x00, 0x00, 0x00, 0x00, 0x00, 0x00, 0x00,
  0x00, 0x00, 0x00, 0x00, 0xff, 0xff, 0xff, 0x0a, 0xfb, 0xfb, 0xfb, 0x50, 0xff, 0xff, 0xff, 0x51, 0xf2, 0xf2, 0xf2, 0x14, 0x00, 0x00, 0x00, 0x00,
  0xff, 0xff, 0xff, 0x01, 0x00, 0x00, 0x00, 0x00, 0x00, 0x00, 0x00, 0x00, 0x00, 0x00, 0x00, 0x00, 0xfa, 0xfa, 0xfa, 0x3a, 0xff, 0xff, 0xff, 0x52,
  0xfa, 0xfa, 0xfa, 0x3b, 0x00, 0x00, 0x00, 0x00, 0x00, 0x00, 0x00, 0x00, 0xfb, 0xfb, 0xfb, 0x40, 0xfb, 0xfb, 0xfb, 0x52, 0xf8, 0xf8, 0xf8, 0x50,
  0xfb, 0xfb, 0xfb, 0x50, 0xfb, 0xfb, 0xfb, 0x50, 0xfb, 0xfb, 0xfb, 0x50, 0xfb, 0xfb, 0xfb, 0x50, 0xfb, 0xfb, 0xfb, 0x50, 0xfb, 0xfb, 0xfb, 0x50,
  0xfb, 0xfb, 0xfb, 0x4f, 0xff, 0xff, 0xff, 0x51, 0xfb, 0xfb, 0xfb, 0x41, 0x00, 0x00, 0x00, 0x00, 0x00, 0x00, 0x00, 0x00, 0xf9, 0xf9, 0xf9, 0x2d,
  0xff, 0xff, 0xff, 0x41, 0xfb, 0xfb, 0xfb, 0x40, 0xfb, 0xfb, 0xfb, 0x40, 0xf7, 0xf7, 0xf7, 0x41, 0xf7, 0xf7, 0xf7, 0x41, 0xf7, 0xf7, 0xf7, 0x41,
  0xf7, 0xf7, 0xf7, 0x41, 0xfb, 0xfb, 0xfb, 0x40, 0xfb, 0xfb, 0xfb, 0x40, 0xfb, 0xfb, 0xfb, 0x41, 0xf4, 0xf4, 0xf4, 0x18, 0x00, 0x00, 0x00, 0x00,
  0xff, 0xff, 0xff, 0x01, 0x00, 0xff, 0x00, 0x01, 0x00, 0x00, 0x00, 0x00, 0x7f, 0x7f, 0x00, 0x02, 0x85, 0xe4, 0x4c, 0x43, 0x82, 0xe2, 0x4c, 0x50,
  0x7f, 0xdb, 0x49, 0x50, 0x7f, 0xdf, 0x49, 0x50, 0x7f, 0xdf, 0x49, 0x50, 0x7f, 0xdf, 0x49, 0x50, 0x7f, 0xdf, 0x49, 0x50, 0x81, 0xde, 0x4a, 0x4f,
  0x87, 0xe8, 0x4d, 0x4f, 0x7f, 0xdf, 0x46, 0x28, 0x00, 0x00, 0x00, 0x00, 0xff, 0xff, 0x00, 0x01, 0x00, 0x00, 0x00, 0x00, 0x00, 0xff, 0x00, 0x01,
  0x00, 0x00, 0x00, 0x00, 0x81, 0xdd, 0x4c, 0x35, 0x85, 0xe5, 0x4c, 0x50, 0x81, 0xde, 0x4a, 0x4f, 0x7f, 0xdf, 0x49, 0x50, 0x7f, 0xdf, 0x49, 0x50,
  0x7f, 0xdf, 0x49, 0x50, 0x7f, 0xdf, 0x49, 0x50, 0x7f, 0xdf, 0x49, 0x50, 0x7f, 0xdf, 0x49, 0x50, 0x81, 0xde, 0x4a, 0x4f, 0x84, 0xe8, 0x4b, 0x51,
  0x7f, 0xda, 0x48, 0x1c, 0x00, 0x00, 0x00, 0x00, 0x7f, 0xd4, 0x3f, 0x0c, 0x81, 0xdf, 0x4a, 0x41, 0x81, 0xdf, 0x4a, 0x41, 0x7f, 0xdf, 0x4b, 0x40,
  0x7f, 0xdf, 0x4b, 0x40, 0x7d, 0xdb, 0x4a, 0x41, 0x7d, 0xdb, 0x4a, 0x41, 0x7d, 0xdb, 0x4a, 0x41, 0x7d, 0xdb, 0x4a, 0x41, 0x7f, 0xdf, 0x4b, 0x40,
  0x83, 0xe3, 0x4b, 0x40, 0x86, 0xe6, 0x4c, 0x35, 0x00, 0x00, 0x00, 0x00, 0x00, 0x00, 0x00, 0x00, 0x00, 0x00, 0x00, 0x00, 0xff, 0xff, 0x00, 0x01,
  0x7f, 0xde, 0x48, 0x46, 0x84, 0xe5, 0x4b, 0x51, 0x7f, 0xdf, 0x49, 0x50, 0x7f, 0xdf, 0x49, 0x50, 0x7f, 0xdf, 0x49, 0x50, 0x7f, 0xdf, 0x49, 0x50,
  0x7f, 0xdf, 0x49, 0x50, 0x7f, 0xdf, 0x49, 0x50, 0x7f, 0xdf, 0x49, 0x50, 0x81, 0xde, 0x4a, 0x4f, 0x84, 0xe8, 0x4b, 0x51, 0x81, 0xdc, 0x49, 0x3b,
  0x00, 0x00, 0x00, 0x00, 0x00, 0x00, 0x00, 0x00, 0x81, 0xe0, 0x49, 0x3b, 0x85, 0xe6, 0x4d, 0x52, 0x7f, 0xdb, 0x49, 0x50, 0x7f, 0xdf, 0x49, 0x50,
  0x7f, 0xdf, 0x49, 0x50, 0x7f, 0xdf, 0x49, 0x50, 0x7f, 0xdf, 0x49, 0x50, 0x7f, 0xdf, 0x49, 0x50, 0x7f, 0xdf, 0x49, 0x50, 0x7f, 0xdb, 0x49, 0x50,
  0x81, 0xe2, 0x4b, 0x51, 0x81, 0xdd, 0x49, 0x45, 0xaa, 0xff, 0x55, 0x03, 0x00, 0x00, 0x00, 0x00, 0x7f, 0xdb, 0x47, 0x32, 0x85, 0xec, 0x4d, 0x52,
  0x81, 0xe1, 0x4c, 0x4d, 0xaa, 0xff, 0x55, 0x03, 0xff, 0xff, 0x00, 0x01, 0x00, 0xff, 0x00, 0x01, 0x00, 0x00, 0x00, 0x00, 0x00, 0x00, 0x00, 0x00,
  0xff, 0xff, 0x00, 0x01, 0x00, 0x00, 0x00, 0x00, 0x7f, 0xdf, 0x4a, 0x18, 0x85, 0xec, 0x4d, 0x52, 0x7d, 0xdd, 0x4a, 0x4b, 0x7f, 0xdf, 0x3f, 0x08,
  0xf9, 0xf9, 0xf9, 0xad, 0xfa, 0xfa, 0xfa, 0xe8, 0xff, 0xff, 0xff, 0x02, 0x00, 0x00, 0x00, 0x00, 0x00, 0x00, 0x00, 0x00, 0x7f, 0xe2, 0x46, 0x12,
  0x83, 0xe3, 0x4c, 0xff, 0x80, 0xdd, 0x49, 0x9f, 0x7c, 0xdc, 0x44, 0x25, 0x7f, 0xda, 0x48, 0x2a, 0x82, 0xdf, 0x48, 0x31, 0x7d, 0xdc, 0x4b, 0x33,
  0x7f, 0xe0, 0x4c, 0x32, 0x7f, 0xdb, 0x47, 0x32, 0x7f, 0xe0, 0x48, 0x2a, 0x7f, 0xe2, 0x46, 0x24, 0x80, 0xde, 0x4a, 0x97, 0x85, 0xe7, 0x4d, 0xff,
  0x85, 0xdd, 0x4d, 0x17, 0x00, 0x00, 0x00, 0x00, 0x00, 0xff, 0x00, 0x01, 0x00, 0x00, 0x00, 0x00, 0xf9, 0xf9, 0xf9, 0xe6, 0xf9, 0xf9, 0xf9, 0xab,
  0x00, 0x00, 0x00, 0x00, 0xff, 0xff, 0xff, 0x03, 0x00, 0x00, 0x00, 0x00, 0x00, 0x00, 0x00, 0x00, 0x00, 0x00, 0x00, 0x00, 0x00, 0x00, 0x00, 0x00,
  0x00, 0x00, 0x00, 0x00, 0xff, 0xff, 0xff, 0x02, 0x00, 0x00, 0x00, 0x00, 0xf8, 0xf8, 0xf8, 0x2a, 0xff, 0xff, 0xff, 0xff, 0xff, 0xff, 0xff, 0xff,
  0xff, 0xff, 0xff, 0xff, 0xff, 0xff, 0xff, 0xff, 0xff, 0xff, 0xff, 0xff, 0xff, 0xff, 0xff, 0xff, 0xff, 0xff, 0xff, 0xff, 0xff, 0xff, 0xff, 0xff,
  0xff, 0xff, 0xff, 0xff, 0xff, 0xff, 0xff, 0xff, 0xff, 0xff, 0xff, 0xff, 0xfa, 0xfa, 0xfa, 0xb7, 0xff, 0xff, 0xff, 0x0e, 0xff, 0xff, 0xff, 0x03,
  0xef, 0xef, 0xef, 0x10, 0xfa, 0xfa, 0xfa, 0xbe, 0xff, 0xff, 0xff, 0xff, 0xff, 0xff, 0xff, 0xff, 0xff, 0xff, 0xff, 0xff, 0xff, 0xff, 0xff, 0xff,
  0xff, 0xff, 0xff, 0xff, 0xff, 0xff, 0xff, 0xff, 0xff, 0xff, 0xff, 0xff, 0xff, 0xff, 0xff, 0xff, 0xff, 0xff, 0xff, 0xff, 0xfd, 0xfd, 0xfd, 0xf8,
  0xf9, 0xf9, 0xf9, 0x63, 0x00, 0x00, 0x00, 0x00, 0x00, 0x00, 0x00, 0x00, 0xf9, 0xf9, 0xf9, 0x62, 0xff, 0xff, 0xff, 0xff, 0xfc, 0xfc, 0xfc, 0xff,
  0xf8, 0xf8, 0xf8, 0x25, 0x00, 0x00, 0x00, 0x00, 0xff, 0xff, 0xff, 0x02, 0xff, 0xff, 0xff, 0x04, 0xff, 0xff, 0xff, 0x01, 0xf9, 0xf9, 0xf9, 0x5c,
  0xff, 0xff, 0xff, 0xff, 0xff, 0xff, 0xff, 0xff, 0xfa, 0xfa, 0xfa, 0x7f, 0x00, 0x00, 0x00, 0x00, 0xff, 0xff, 0xff, 0x04, 0xff, 0xff, 0xff, 0x01,
  0x00, 0x00, 0x00, 0x00, 0xff, 0xff, 0xff, 0x11, 0xf9, 0xf9, 0xf9, 0xf0, 0xff, 0xff, 0xff, 0xff, 0xf9, 0xf9, 0xf9, 0x86, 0x00, 0x00, 0x00, 0x00,
  0x00, 0x00, 0x00, 0x00, 0xfa, 0xfa, 0xfa, 0xd6, 0xff, 0xff, 0xff, 0xff, 0xff, 0xff, 0xff, 0xff, 0xff, 0xff, 0xff, 0xff, 0xff, 0xff, 0xff, 0xff,
  0xff, 0xff, 0xff, 0xff, 0xff, 0xff, 0xff, 0xff, 0xff, 0xff, 0xff, 0xff, 0xff, 0xff, 0xff, 0xff, 0xff, 0xff, 0xff, 0xff, 0xff, 0xff, 0xff, 0xff,
  0xfa, 0xfa, 0xfa, 0xdc, 0x00, 0x00, 0x00, 0x00, 0x00, 0x00, 0x00, 0x00, 0xf9, 0xf9, 0xf9, 0xb7, 0xff, 0xff, 0xff, 0xff, 0xff, 0xff, 0xff, 0xff,
  0xff, 0xff, 0xff, 0xff, 0xff, 0xff, 0xff, 0xff, 0xff, 0xff, 0xff, 0xff, 0xff, 0xff, 0xff, 0xff, 0xff, 0xff, 0xff, 0xff, 0xff, 0xff, 0xff, 0xff,
  0xff, 0xff, 0xff, 0xff, 0xff, 0xff, 0xff, 0xff, 0xfc, 0xfc, 0xfc, 0xeb, 0xf7, 0xf7, 0xf7, 0x48, 0x00, 0x00, 0x00, 0x00, 0xff, 0xff, 0xff, 0x02,
  0x77, 0xdd, 0x44, 0x0f, 0x80, 0xde, 0x4a, 0xbd, 0x89, 0xed, 0x4f, 0xff, 0x87, 0xeb, 0x4e, 0xff, 0x88, 0xec, 0x4f, 0xff, 0x88, 0xec, 0x4f, 0xff,
  0x88, 0xec, 0x4f, 0xff, 0x88, 0xec, 0x4f, 0xff, 0x88, 0xec, 0x4f, 0xff, 0x88, 0xec, 0x4f, 0xff, 0x88, 0xeb, 0x4e, 0xff, 0x85, 0xe7, 0x4d, 0xf8,
  0x7f, 0xdd, 0x49, 0x64, 0x00, 0x00, 0x00, 0x00, 0x7f, 0xff, 0x3f, 0x04, 0x00, 0x00, 0x00, 0x00, 0x7f, 0xdd, 0x49, 0x8a, 0x86, 0xe9, 0x4d, 0xff,
  0x87, 0xea, 0x4e, 0xff, 0x88, 0xec, 0x4f, 0xff, 0x88, 0xec, 0x4f, 0xff, 0x88, 0xec, 0x4f, 0xff, 0x88, 0xec, 0x4f, 0xff, 0x88, 0xec, 0x4f, 0xff,
  0x88, 0xec, 0x4f, 0xff, 0x88, 0xec, 0x4f, 0xff, 0x86, 0xe9, 0x4e, 0xff, 0x8f, 0xf9, 0x53, 0xff, 0x80, 0xdc, 0x4b, 0x5f, 0x00, 0x00, 0x00, 0x00,
  0x7f, 0xdf, 0x4a, 0x30, 0x86, 0xe7, 0x4d, 0xff, 0x86, 0xe9, 0x4d, 0xff, 0x87, 0xea, 0x4e, 0xff, 0x87, 0xeb, 0x4e, 0xff, 0x87, 0xea, 0x4e, 0xff,
  0x87, 0xea, 0x4e, 0xff, 0x87, 0xea, 0x4e, 0xff, 0x87, 0xea, 0x4e, 0xff, 0x87, 0xea, 0x4e, 0xff, 0x86, 0xe9, 0x4e, 0xff, 0x86, 0xe9, 0x4d, 0xff,
  0x80, 0xde, 0x4a, 0xb5, 0x7f, 0xd4, 0x3f, 0x0c, 0x00, 0xff, 0x00, 0x01, 0x6d, 0xda, 0x48, 0x07, 0x80, 0xdd, 0x49, 0xe7, 0x8b, 0xf1, 0x50, 0xff,
  0x86, 0xe9, 0x4d, 0xff, 0x88, 0xec, 0x4f, 0xff, 0x88, 0xec, 0x4f, 0xff, 0x88, 0xec, 0x4f, 0xff, 0x88, 0xec, 0x4f, 0xff, 0x88, 0xec, 0x4f, 0xff,
  0x88, 0xec, 0x4f, 0xff, 0x86, 0xe9, 0x4e, 0xff, 0x8f, 0xf9, 0x53, 0xff, 0x7f, 0xdd, 0x49, 0xc8, 0x00, 0x00, 0x00, 0x00, 0x00, 0x00, 0x00, 0x00,
  0x80, 0xde, 0x49, 0xc5, 0x8e, 0xf6, 0x52, 0xff, 0x85, 0xe7, 0x4d, 0xff, 0x88, 0xec, 0x4f, 0xff, 0x88, 0xec, 0x4f, 0xff, 0x88, 0xec, 0x4f, 0xff,
  0x88, 0xec, 0x4f, 0xff, 0x88, 0xec, 0x4f, 0xff, 0x88, 0xec, 0x4f, 0xff, 0x87, 0xea, 0x4e, 0xff, 0x8c, 0xf3, 0x51, 0xff, 0x80, 0xdd, 0x49, 0xeb,
  0x7f, 0xcc, 0x4c, 0x0a, 0x00, 0x00, 0x00, 0x00, 0x80, 0xde, 0x48, 0xa5, 0x8e, 0xf7, 0x52, 0xff, 0x8a, 0xf0, 0x50, 0xff, 0x7f, 0xdc, 0x48, 0x9a,
  0x00, 0x00, 0x00, 0x00, 0x7f, 0xff, 0x3f, 0x04, 0x00, 0x00, 0x00, 0x00, 0x00, 0x00, 0x00, 0x00, 0xaa, 0xff, 0x55, 0x03, 0x00, 0x00, 0x00, 0x00,
  0x81, 0xdf, 0x48, 0x51, 0x90, 0xfb, 0x53, 0xff, 0x80, 0xde, 0x4a, 0xf7, 0x7f, 0xd7, 0x44, 0x1a, 0xf9, 0xf9, 0xf9, 0xb3, 0xfa, 0xfa, 0xfa, 0xe2,
  0x00, 0x00, 0x00, 0x00, 0x00, 0x00, 0x00, 0x01, 0x00, 0x00, 0x00, 0x00, 0x83, 0xdb, 0x46, 0x1d, 0x85, 0xe7, 0x4d, 0xfe, 0x7f, 0xde, 0x49, 0x76,
  0x00, 0x00, 0x00, 0x00, 0x00, 0x00, 0x00, 0x00, 0x00, 0x00, 0x00, 0x00, 0x00, 0x00, 0x00, 0x00, 0x00, 0x00, 0x00, 0x00, 0x00, 0x00, 0x00, 0x00,
  0x00, 0x00, 0x00, 0x00, 0x00, 0x00, 0x00, 0x00, 0x7f, 0xe0, 0x49, 0x6c, 0x87, 0xea, 0x4e, 0xfe, 0x83, 0xda, 0x48, 0x23, 0x00, 0x00, 0x00, 0x00,
  0x7f, 0xff, 0x00, 0x02, 0x00, 0x00, 0x00, 0x00, 0xf9, 0xf9, 0xf9, 0xdf, 0xf9, 0xf9, 0xf9, 0xb1, 0x00, 0x00, 0x00, 0x00, 0xff, 0xff, 0xff, 0x03,
  0x00, 0x00, 0x00, 0x00, 0x00, 0x00, 0x00, 0x00, 0x00, 0x00, 0x00, 0x00, 0x00, 0x00, 0x00, 0x00, 0x00, 0x00, 0x00, 0x00, 0xff, 0xff, 0xff, 0x02,
  0x00, 0x00, 0x00, 0x00, 0xf8, 0xf8, 0xf8, 0x28, 0xf9, 0xf9, 0xf9, 0xfa, 0xfa, 0xfa, 0xfa, 0xfd, 0xf9, 0xf9, 0xf9, 0xf5, 0xf9, 0xf9, 0xf9, 0xf2,
  0xf9, 0xf9, 0xf9, 0xf3, 0xf9, 0xf9, 0xf9, 0xf3, 0xf9, 0xf9, 0xf9, 0xf3, 0xf9, 0xf9, 0xf9, 0xf3, 0xf9, 0xf9, 0xf9, 0xf3, 0xf9, 0xf9, 0xf9, 0xf3,
  0xf9, 0xf9, 0xf9, 0xfa, 0xff, 0xff, 0xff, 0xff, 0xfa, 0xfa, 0xfa, 0x6c, 0x00, 0x00, 0x00, 0x00, 0xfa, 0xfa, 0xfa, 0x73, 0xff, 0xff, 0xff, 0xff,
  0xf9, 0xf9, 0xf9, 0xf8, 0xfa, 0xfa, 0xfa, 0xf2, 0xf9, 0xf9, 0xf9, 0xf3, 0xf9, 0xf9, 0xf9, 0xf3, 0xf9, 0xf9, 0xf9, 0xf3, 0xf9, 0xf9, 0xf9, 0xf3,
  0xf9, 0xf9, 0xf9, 0xf3, 0xf9, 0xf9, 0xf9, 0xf2, 0xf9, 0xf9, 0xf9, 0xf5, 0xff, 0xff, 0xff, 0xff, 0xf9, 0xf9, 0xf9, 0xef, 0xef, 0xef, 0xef, 0x10,
  0x00, 0x00, 0x00, 0x00, 0xff, 0xff, 0xff, 0x0d, 0xfa, 0xfa, 0xfa, 0xe3, 0xff, 0xff, 0xff, 0xfe, 0xfa, 0xfa, 0xfa, 0x79, 0x00, 0x00, 0x00, 0x00,
  0xff, 0xff, 0xff, 0x04, 0xff, 0xff, 0xff, 0x02, 0x00, 0x00, 0x00, 0x00, 0xf9, 0xf9, 0xf9, 0xb8, 0xff, 0xff, 0xff, 0xfb, 0xfd, 0xfd, 0xfd, 0xfb,
  0xf9, 0xf9, 0xf9, 0xd6, 0xff, 0xff, 0xff, 0x04, 0xff, 0xff, 0xff, 0x01, 0xcc, 0xcc, 0xcc, 0x05, 0xff, 0xff, 0xff, 0x01, 0xf9, 0xf9, 0xf9, 0x5b,
  0xff, 0xff, 0xff, 0xff, 0xfb, 0xfb, 0xfb, 0xf4, 0xf7, 0xf7, 0xf7, 0x23, 0x00, 0x00, 0x00, 0x00, 0x00, 0x00, 0x00, 0x00, 0xf9, 0xf9, 0xf9, 0xc9,
  0xff, 0xff, 0xff, 0xfc, 0xf9, 0xf9, 0xf9, 0xf6, 0xf9, 0xf9, 0xf9, 0xf1, 0xf9, 0xf9, 0xf9, 0xf3, 0xf9, 0xf9, 0xf9, 0xf3, 0xf9, 0xf9, 0xf9, 0xf3,
  0xf9, 0xf9, 0xf9, 0xf3, 0xf9, 0xf9, 0xf9, 0xf3, 0xf9, 0xf9, 0xf9, 0xf1, 0xff, 0xff, 0xff, 0xf3, 0xf9, 0xf9, 0xf9, 0xc5, 0x00, 0x00, 0x00, 0x00,
  0x00, 0x00, 0x00, 0x00, 0xfa, 0xfa, 0xfa, 0xad, 0xff, 0xff, 0xff, 0xfd, 0xf9, 0xf9, 0xf9, 0xf7, 0xf9, 0xf9, 0xf9, 0xf2, 0xf9, 0xf9, 0xf9, 0xf3,
  0xf9, 0xf9, 0xf9, 0xf3, 0xf9, 0xf9, 0xf9, 0xf3, 0xf9, 0xf9, 0xf9, 0xf3, 0xfa, 0xfa, 0xfa, 0xf3, 0xf9, 0xf9, 0xf9, 0xf2, 0xfa, 0xfa, 0xfa, 0xf5,
  0xff, 0xff, 0xff, 0xff, 0xfa, 0xfa, 0xfa, 0xd3, 0xbf, 0xbf, 0x7f, 0x04, 0x00, 0x00, 0x00, 0x00, 0x80, 0xde, 0x4a, 0x6d, 0x8d, 0xf5, 0x52, 0xff,
  0x7f, 0xde, 0x4a, 0xf8, 0x80, 0xdd, 0x49, 0xf3, 0x80, 0xdd, 0x49, 0xf3, 0x80, 0xdd, 0x49, 0xf3, 0x80, 0xdd, 0x49, 0xf3, 0x80, 0xdd, 0x49, 0xf3,
  0x80, 0xdd, 0x49, 0xf3, 0x7f, 0xdd, 0x49, 0xf2, 0x7e, 0xdd, 0x49, 0xf5, 0x85, 0xe7, 0x4d, 0xff, 0x7f, 0xde, 0x4a, 0xf0, 0x7f, 0xe2, 0x46, 0x12,
  0x00, 0x00, 0x00, 0x00, 0x7f, 0xd9, 0x4a, 0x30, 0x85, 0xe6, 0x4d, 0xff, 0x81, 0xe0, 0x4b, 0xff, 0x7f, 0xde, 0x4a, 0xf8, 0x7f, 0xdd, 0x49, 0xf2,
  0x80, 0xdd, 0x49, 0xf3, 0x80, 0xdd, 0x49, 0xf3, 0x80, 0xdd, 0x49, 0xf3, 0x80, 0xdd, 0x49, 0xf3, 0x80, 0xdd, 0x49, 0xf3, 0x80, 0xdd, 0x49, 0xf3,
  0x7f, 0xdd, 0x49, 0xf0, 0x86, 0xea, 0x4d, 0xf3, 0x81, 0xde, 0x4b, 0x55, 0x00, 0x00, 0x00, 0x00, 0x82, 0xdd, 0x49, 0x2d, 0x80, 0xdd, 0x49, 0xfc,
  0x80, 0xde, 0x49, 0xfd, 0x81, 0xde, 0x49, 0xf5, 0x7f, 0xde, 0x49, 0xf2, 0x80, 0xde, 0x4a, 0xf3, 0x80, 0xde, 0x49, 0xf3, 0x80, 0xde, 0x49, 0xf3,
  0x80, 0xde, 0x49, 0xf3, 0x80, 0xde, 0x4a, 0xf3, 0x80, 0xde, 0x4a, 0xf3, 0x7f, 0xdd, 0x49, 0xfa, 0x8d, 0xf5, 0x51, 0xff, 0x7f, 0xdd, 0x49, 0x64,
  0x00, 0x00, 0x00, 0x00, 0x8d, 0xe2, 0x55, 0x09, 0x80, 0xdf, 0x4a, 0xd8, 0x84, 0xe5, 0x4b, 0xfc, 0x80, 0xdd, 0x49, 0xf5, 0x80, 0xde, 0x4a, 0xf1,
  0x80, 0xdd, 0x49, 0xf3, 0x80, 0xdd, 0x49, 0xf3, 0x80, 0xdd, 0x49, 0xf3, 0x80, 0xdd, 0x49, 0xf3, 0x80, 0xdd, 0x49, 0xf3, 0x7f, 0xdd, 0x49, 0xf0,
  0x86, 0xea, 0x4d, 0xf3, 0x7e, 0xde, 0x4a, 0xb3, 0x00, 0x00, 0x00, 0x00, 0x00, 0x00, 0x00, 0x00, 0x80, 0xdd, 0x49, 0xb9, 0x87, 0xea, 0x4d, 0xfc,
  0x80, 0xdd, 0x49, 0xf5, 0x80, 0xde, 0x4a, 0xf1, 0x80, 0xdd, 0x49, 0xf3, 0x80, 0xdd, 0x49, 0xf3, 0x80, 0xdd, 0x49, 0xf3, 0x80, 0xdd, 0x49, 0xf3,
  0x80, 0xdd, 0x49, 0xf3, 0x80, 0xdd, 0x49, 0xf1, 0x84, 0xe4, 0x4b, 0xf3, 0x80, 0xde, 0x4a, 0xd2, 0x8d, 0xe2, 0x55, 0x09, 0x00, 0x00, 0x00, 0x00,
  0x80, 0xde, 0x48, 0x9b, 0x88, 0xec, 0x4e, 0xfc, 0x7f, 0xdd, 0x49, 0xf6, 0x88, 0xec, 0x4f, 0xff, 0x7f, 0xdb, 0x48, 0x74, 0x00, 0x00, 0x00, 0x00,
  0x66, 0xcc, 0x33, 0x05, 0x00, 0x00, 0x00, 0x00, 0xaa, 0xff, 0x55, 0x03, 0x00, 0x00, 0x00, 0x00, 0x81, 0xdd, 0x4c, 0x4d, 0x88, 0xed, 0x4e, 0xfc,
  0x80, 0xdf, 0x49, 0xe8, 0x7a, 0xd6, 0x47, 0x19, 0xf9, 0xf9, 0xf9, 0xb3, 0xfa, 0xfa, 0xfa, 0xe3, 0x00, 0x00, 0x00, 0x00, 0x00, 0x00, 0x00, 0x01,
  0x00, 0x00, 0x00, 0x00, 0x7b, 0xdb, 0x46, 0x1d, 0x85, 0xe7, 0x4d, 0xfd, 0x80, 0xde, 0x4b, 0x77, 0x00, 0x00, 0x00, 0x00, 0x00, 0x00, 0x00, 0x00,
  0x00, 0x00, 0x00, 0x00, 0x00, 0x00, 0x00, 0x00, 0x00, 0x00, 0x00, 0x00, 0x00, 0x00, 0x00, 0x00, 0x00, 0x00, 0x00, 0x00, 0x00, 0x00, 0x00, 0x00,
  0x7e, 0xe0, 0x48, 0x6d, 0x87, 0xea, 0x4e, 0xfd, 0x7b, 0xda, 0x48, 0x23, 0x00, 0x00, 0x00, 0x00, 0x7f, 0xff, 0x00, 0x02, 0x00, 0x00, 0x00, 0x00,
  0xf9, 0xf9, 0xf9, 0xe0, 0xf9, 0xf9, 0xf9, 0xb1, 0x00, 0x00, 0x00, 0x00, 0xff, 0xff, 0xff, 0x03, 0x00, 0x00, 0x00, 0x00, 0x00, 0x00, 0x00, 0x00,
  0x00, 0x00, 0x00, 0x00, 0x00, 0x00, 0x00, 0x00, 0x00, 0x00, 0x00, 0x00, 0xff, 0xff, 0xff, 0x02, 0x00, 0x00, 0x00, 0x00, 0xff, 0xff, 0xff, 0x27,
  0xf9, 0xf9, 0xf9, 0xfb, 0xff, 0xff, 0xff, 0xff, 0xfb, 0xfb, 0xfb, 0x50, 0xf5, 0xf5, 0xf5, 0x1b, 0xff, 0xff, 0xff, 0x1f, 0xf6, 0xf6, 0xf6, 0x1d,
  0xf6, 0xf6, 0xf6, 0x1d, 0xf6, 0xf6, 0xf6, 0x1d, 0xff, 0xff, 0xff, 0x1d, 0xff, 0xff, 0xff, 0x1d, 0xfa, 0xfa, 0xfa, 0xcc, 0xff, 0xff, 0xff, 0xfd,
  0xf9, 0xf9, 0xf9, 0x8b, 0x00, 0x00, 0x00, 0x00, 0xf9, 0xf9, 0xf9, 0x92, 0xff, 0xff, 0xff, 0xfd, 0xf9, 0xf9, 0xf9, 0xc5, 0xff, 0xff, 0xff, 0x1c,
  0xff, 0xff, 0xff, 0x1e, 0xf6, 0xf6, 0xf6, 0x1d, 0xf6, 0xf6, 0xf6, 0x1d, 0xf6, 0xf6, 0xf6, 0x1d, 0xff, 0xff, 0xff, 0x1f, 0xf5, 0xf5, 0xf5, 0x1b,
  0xf9, 0xf9, 0xf9, 0x58, 0xff, 0xff, 0xff, 0xfe, 0xf9, 0xf9, 0xf9, 0xf9, 0xf7, 0xf7, 0xf7, 0x23, 0x00, 0x00, 0x00, 0x00, 0x00, 0x00, 0x00, 0x00,
  0xfb, 0xfb, 0xfb, 0x99, 0xff, 0xff, 0xff, 0xfe, 0xf8, 0xf8, 0xf8, 0xcf, 0xff, 0xff, 0xff, 0x03, 0xff, 0xff, 0xff, 0x02, 0x00, 0x00, 0x00, 0x00,
  0xf7, 0xf7, 0xf7, 0x21, 0xfb, 0xfb, 0xfb, 0xf7, 0xfe, 0xfe, 0xfe, 0xff, 0xfb, 0xfb, 0xfb, 0xff, 0xfe, 0xfe, 0xfe, 0xff, 0xfa, 0xfa, 0xfa, 0x3c,
  0x00, 0x00, 0x00, 0x00, 0xff, 0xff, 0xff, 0x05, 0x00, 0x00, 0x00, 0x00, 0xf7, 0xf7, 0xf7, 0xb4, 0xff, 0xff, 0xff, 0xfe, 0xf8, 0xf8, 0xf8, 0xba,
  0x00, 0x00, 0x00, 0x00, 0xff, 0xff, 0xff, 0x02, 0x00, 0x00, 0x00, 0x00, 0xf9, 0xf9, 0xf9, 0xc7, 0xff, 0xff, 0xff, 0xff, 0xf9, 0xf9, 0xf9, 0x91,
  0xff, 0xff, 0xff, 0x1c, 0xff, 0xff, 0xff, 0x22, 0xf6, 0xf6, 0xf6, 0x1f, 0xf6, 0xf6, 0xf6, 0x1f, 0xf6, 0xf6, 0xf6, 0x1f, 0xf6, 0xf6, 0xf6, 0x1f,
  0xff, 0xff, 0xff, 0x1e, 0xff, 0xff, 0xff, 0x1d, 0xff, 0xff, 0xff, 0x17, 0xff, 0xff, 0xff, 0x03, 0x00, 0x00, 0x00, 0x00, 0xf9, 0xf9, 0xf9, 0xab,
  0xff, 0xff, 0xff, 0xff, 0xf9, 0xf9, 0xf9, 0xaa, 0xf5, 0xf5, 0xf5, 0x1b, 0xf7, 0xf7, 0xf7, 0x20, 0xf6, 0xf6, 0xf6, 0x1d, 0xf6, 0xf6, 0xf6, 0x1d,
  0xf6, 0xf6, 0xf6, 0x1d, 0xff, 0xff, 0xff, 0x20, 0xff, 0xff, 0xff, 0x1a, 0xfa, 0xfa, 0xfa, 0x73, 0xff, 0xff, 0xff, 0xfe, 0xf9, 0xf9, 0xf9, 0xe3,
  0xdf, 0xff, 0xcf, 0x10, 0x00, 0x00, 0x00, 0x00, 0x81, 0xde, 0x4a, 0x8c, 0x8e, 0xf6, 0x52, 0xfd, 0x80, 0xde, 0x4a, 0xc6, 0x7b, 0xde, 0x4a, 0x1f,
  0x83, 0xe6, 0x4a, 0x1f, 0x7b, 0xde, 0x4a, 0x1f, 0x7b, 0xde, 0x4a, 0x1f, 0x7b, 0xde, 0x4a, 0x1f, 0x7b, 0xe0, 0x4d, 0x21, 0x7b, 0xdb, 0x46, 0x1d,
  0x82, 0xdf, 0x48, 0x58, 0x84, 0xe4, 0x4c, 0xfd, 0x80, 0xdd, 0x49, 0xf7, 0x7f, 0xdf, 0x46, 0x28, 0x00, 0x00, 0x00, 0x00, 0x7d, 0xdd, 0x4c, 0x4d,
  0x86, 0xe9, 0x4e, 0xfe, 0x80, 0xde, 0x49, 0xf5, 0x7d, 0xda, 0x48, 0x3f, 0x7a, 0xd9, 0x4b, 0x1b, 0x7f, 0xdd, 0x4c, 0x1e, 0x7b, 0xdb, 0x46, 0x1d,
  0x7b, 0xdb, 0x46, 0x1d, 0x7b, 0xdb, 0x46, 0x1d, 0x7b, 0xdb, 0x46, 0x1d, 0x7b, 0xdb, 0x46, 0x1d, 0x7f, 0xe3, 0x48, 0x1c, 0x83, 0xe4, 0x4f, 0x1d,
  0x7f, 0xe9, 0x55, 0x0c, 0x00, 0x00, 0x00, 0x00, 0x7f, 0xe0, 0x48, 0x2a, 0x80, 0xde, 0x49, 0xfd, 0x83, 0xe4, 0x4c, 0xff, 0x81, 0xdd, 0x47, 0x4b,
  0x7a, 0xd9, 0x4b, 0x1b, 0x7b, 0xde, 0x4a, 0x1f, 0x7b, 0xdb, 0x46, 0x1d, 0x7b, 0xdb, 0x46, 0x1d, 0x7b, 0xdb, 0x46, 0x1d, 0x7b, 0xe4, 0x46, 0x1d,
  0x83, 0xe4, 0x46, 0x1d, 0x80, 0xdd, 0x49, 0xd0, 0x8e, 0xf5, 0x51, 0xfd, 0x80, 0xdd, 0x49, 0x83, 0x00, 0x00, 0x00, 0x00, 0x7f, 0xcc, 0x4c, 0x0a,
  0x80, 0xdd, 0x49, 0xd7, 0x8c, 0xf3, 0x51, 0xff, 0x81, 0xde, 0x4a, 0x7e, 0x7f, 0xda, 0x48, 0x1c, 0x7f, 0xe1, 0x4b, 0x22, 0x7b, 0xde, 0x4a, 0x1f,
  0x7b, 0xde, 0x4a, 0x1f, 0x7b, 0xde, 0x4a, 0x1f, 0x7b, 0xde, 0x4a, 0x1f, 0x7f, 0xdd, 0x4c, 0x1e, 0x83, 0xe4, 0x4f, 0x1d, 0x85, 0xda, 0x48, 0x15,
  0xff, 0xff, 0xff, 0x01, 0x00, 0x00, 0x00, 0x00, 0x7f, 0xdd, 0x49, 0xb8, 0x8e, 0xf7, 0x52, 0xff, 0x7f, 0xdf, 0x4a, 0xa0, 0x7f, 0xe3, 0x48, 0x1c,
  0x7f, 0xd9, 0x4b, 0x22, 0x7b, 0xde, 0x4a, 0x1f, 0x7b, 0xde, 0x4a, 0x1f, 0x7b, 0xde, 0x4a, 0x1f, 0x7b, 0xde, 0x4a, 0x1f, 0x7b, 0xde, 0x4a, 0x1f,
  0x83, 0xe4, 0x4f, 0x1d, 0x84, 0xe0, 0x47, 0x19, 0x7f, 0xff, 0x3f, 0x04, 0x00, 0x00, 0x00, 0x00, 0x81, 0xde, 0x49, 0x9c, 0x87, 0xec, 0x4f, 0xff,
  0x80, 0xdd, 0x4a, 0xfe, 0x83, 0xe2, 0x4c, 0xff, 0x84, 0xe5, 0x4c, 0xff, 0x7f, 0xdb, 0x49, 0x50, 0x00, 0x00, 0x00, 0x00, 0x7f, 0xbf, 0x3f, 0x04,
  0xaa, 0xff, 0x55, 0x03, 0x00, 0x00, 0x00, 0x00, 0x7f, 0xde, 0x47, 0x4e, 0x89, 0xee, 0x4f, 0xff, 0x80, 0xde, 0x49, 0xeb, 0x7f, 0xdf, 0x4a, 0x18,
  0xf9, 0xf9, 0xf9, 0xb3, 0xfa, 0xfa, 0xfa, 0xe3, 0x00, 0x00, 0x00, 0x00, 0x00, 0x00, 0x00, 0x00, 0x00, 0x00, 0x00, 0x00, 0x85, 0xe6, 0x48, 0x15,
  0x85, 0xe7, 0x4d, 0xff, 0x7f, 0xdd, 0x4a, 0x9a, 0x82, 0xde, 0x4b, 0x2f, 0x7d, 0xdb, 0x47, 0x39, 0x82, 0xda, 0x48, 0x31, 0x82, 0xda, 0x48, 0x31,
  0x82, 0xda, 0x48, 0x31, 0x82, 0xdf, 0x48, 0x31, 0x7d, 0xdb, 0x47, 0x39, 0x7c, 0xda, 0x48, 0x31, 0x7f, 0xdf, 0x49, 0x92, 0x88, 0xeb, 0x4e, 0xff,
  0x84, 0xd9, 0x4b, 0x1b, 0x00, 0x00, 0x00, 0x00, 0x7f, 0x7f, 0x00, 0x02, 0x00, 0x00, 0x00, 0x00, 0xf9, 0xf9, 0xf9, 0xe0, 0xf9, 0xf9, 0xf9, 0xb1,
  0x00, 0x00, 0x00, 0x00, 0xff, 0xff, 0xff, 0x03, 0x00, 0x00, 0x00, 0x00, 0x00, 0x00, 0x00, 0x00, 0x00, 0x00, 0x00, 0x00, 0x00, 0x00, 0x00, 0x00,
  0x00, 0x00, 0x00, 0x00, 0xff, 0xff, 0xff, 0x02, 0x00, 0x00, 0x00, 0x00, 0xff, 0xff, 0xff, 0x27, 0xf9, 0xf9, 0xf9, 0xfb, 0xff, 0xff, 0xff, 0xff,
  0xfa, 0xfa, 0xfa, 0x35, 0x00, 0x00, 0x00, 0x00, 0x00, 0x00, 0x00, 0x00, 0x00, 0x00, 0x00, 0x00, 0x00, 0x00, 0x00, 0x00, 0x00, 0x00, 0x00, 0x00,
  0x00, 0x00, 0x00, 0x00, 0x00, 0x00, 0x00, 0x00, 0xf9, 0xf9, 0xf9, 0xc3, 0xff, 0xff, 0xff, 0xff, 0xf9, 0xf9, 0xf9, 0x88, 0x00, 0x00, 0x00, 0x00,
  0xf9, 0xf9, 0xf9, 0x8e, 0xff, 0xff, 0xff, 0xff, 0xfa, 0xfa, 0xfa, 0xba, 0x00, 0x00, 0x00, 0x00, 0x00, 0x00, 0x00, 0x00, 0x00, 0x00, 0x00, 0x00,
  0x00, 0x00, 0x00, 0x00, 0x00, 0x00, 0x00, 0x00, 0x00, 0x00, 0x00, 0x00, 0x00, 0x00, 0x00, 0x00, 0xf6, 0xf6, 0xf6, 0x3b, 0xff, 0xff, 0xff, 0xff,
  0xf9, 0xf9, 0xf9, 0xf8, 0xf7, 0xf7, 0xf7, 0x22, 0x00, 0x00, 0x00, 0x00, 0x00, 0x00, 0x00, 0x00, 0xfb, 0xfb, 0xfb, 0x41, 0xfe, 0xfe, 0xfe, 0xff,
  0xfb, 0xfb, 0xfb, 0xfe, 0xfa, 0xfa, 0xfa, 0x39, 0x00, 0x00, 0x00, 0x00, 0x00, 0x00, 0x00, 0x00, 0xfa, 0xfa, 0xfa, 0x73, 0xff, 0xff, 0xff, 0xff,
  0xf9, 0xf9, 0xf9, 0xe9, 0xf9, 0xf9, 0xf9, 0xe5, 0xff, 0xff, 0xff, 0xfe, 0xf9, 0xf9, 0xf9, 0x96, 0x00, 0x00, 0x00, 0x00, 0x00, 0x00, 0x00, 0x00,
  0xff, 0xff, 0xff, 0x1f, 0xfb, 0xfb, 0xfb, 0xf4, 0xff, 0xff, 0xff, 0xff, 0xf9, 0xf9, 0xf9, 0x62, 0x00, 0x00, 0x00, 0x00, 0xff, 0xff, 0xff, 0x04,
  0x00, 0x00, 0x00, 0x00, 0xf9, 0xf9, 0xf9, 0xc7, 0xff, 0xff, 0xff, 0xff, 0xfa, 0xfa, 0xfa, 0x7a, 0x00, 0x00, 0x00, 0x00, 0x00, 0x00, 0x00, 0x00,
  0x00, 0x00, 0x00, 0x00, 0x00, 0x00, 0x00, 0x00, 0x00, 0x00, 0x00, 0x00, 0x00, 0x00, 0x00, 0x00, 0x00, 0x00, 0x00, 0x00, 0x00, 0x00, 0x00, 0x00,
  0x00, 0x00, 0x00, 0x00, 0xff, 0xff, 0xff, 0x03, 0x00, 0x00, 0x00, 0x00, 0xf9, 0xf9, 0xf9, 0xab, 0xff, 0xff, 0xff, 0xff, 0xfa, 0xfa, 0xfa, 0x9b,
  0x00, 0x00, 0x00, 0x00, 0xff, 0xff, 0xff, 0x01, 0x00, 0x00, 0x00, 0x00, 0x00, 0x00, 0x00, 0x00, 0x00, 0x00, 0x00, 0x00, 0xff, 0xff, 0xff, 0x01,
  0x00, 0x00, 0x00, 0x00, 0xfc, 0xfc, 0xfc, 0x5c, 0xff, 0xff, 0xff, 0xff, 0xf9, 0xf9, 0xf9, 0xe1, 0xdf, 0xff, 0xcf, 0x10, 0x00, 0x00, 0x00, 0x00,
  0x80, 0xdd, 0x4a, 0x89, 0x8f, 0xf9, 0x53, 0xff, 0x80, 0xdd, 0x4a, 0xb9, 0x00, 0x00, 0x00, 0x00, 0x00, 0x00, 0x00, 0x00, 0x00, 0x00, 0x00, 0x00,
  0x00, 0x00, 0x00, 0x00, 0x00, 0x00, 0x00, 0x00, 0x00, 0x00, 0x00, 0x00, 0x00, 0x00, 0x00, 0x00, 0x00, 0x00, 0x00, 0x00, 0x82, 0xde, 0x47, 0x27,
  0x7f, 0xe0, 0x48, 0x2a, 0x9f, 0xff, 0x5f, 0x08, 0x00, 0x00, 0x00, 0x00, 0x81, 0xdc, 0x49, 0x49, 0x88, 0xeb, 0x4e, 0xff, 0x7f, 0xdd, 0x49, 0xee,
  0x87, 0xe1, 0x4b, 0x11, 0x00, 0x00, 0x00, 0x00, 0x00, 0x00, 0x00, 0x00, 0x00, 0x00, 0x00, 0x00, 0x00, 0x00, 0x00, 0x00, 0x00, 0x00, 0x00, 0x00,
  0x00, 0x00, 0x00, 0x00, 0x00, 0x00, 0x00, 0x00, 0x00, 0x00, 0x00, 0x00, 0x00, 0x00, 0x00, 0x00, 0x00, 0x00, 0x00, 0x00, 0x00, 0x00, 0x00, 0x00,
  0x7f, 0xe0, 0x48, 0x2a, 0x80, 0xde, 0x49, 0xfd, 0x83, 0xe4, 0x4c, 0xff, 0x7c, 0xde, 0x46, 0x2f, 0x00, 0x00, 0x00, 0x00, 0x00, 0x00, 0x00, 0x00,
  0x00, 0x00, 0x00, 0x00, 0x00, 0x00, 0x00, 0x00, 0x00, 0x00, 0x00, 0x00, 0x00, 0x00, 0x00, 0x00, 0x00, 0x00, 0x00, 0x00, 0x80, 0xdd, 0x49, 0xc8,
  0x8f, 0xf7, 0x52, 0xff, 0x81, 0xdf, 0x49, 0x80, 0x00, 0x00, 0x00, 0x00, 0x7f, 0xcc, 0x4c, 0x0a, 0x80, 0xdd, 0x49, 0xd7, 0x8e, 0xf6, 0x52, 0xff,
  0x82, 0xdd, 0x49, 0x64, 0x00, 0x00, 0x00, 0x00, 0x00, 0x00, 0x00, 0x00, 0x00, 0x00, 0x00, 0x00, 0x00, 0x00, 0x00, 0x00, 0x00, 0x00, 0x00, 0x00,
  0x00, 0x00, 0x00, 0x00, 0x00, 0x00, 0x00, 0x00, 0x00, 0x00, 0x00, 0x00, 0x00, 0x00, 0x00, 0x00, 0x7f, 0xff, 0x7f, 0x02, 0x00, 0x00, 0x00, 0x00,
  0x7f, 0xdd, 0x49, 0xb8, 0x8f, 0xfa, 0x53, 0xff, 0x7f, 0xdc, 0x49, 0x8e, 0x00, 0x00, 0x00, 0x00, 0x00, 0x00, 0x00, 0x00, 0x00, 0x00, 0x00, 0x00,
  0x00, 0x00, 0x00, 0x00, 0x00, 0x00, 0x00, 0x00, 0x00, 0x00, 0x00, 0x00, 0x00, 0x00, 0x00, 0x00, 0x00, 0x00, 0x00, 0x00, 0x00, 0x00, 0x00, 0x00,
  0xaa, 0xff, 0x55, 0x03, 0x00, 0x00, 0x00, 0x00, 0x81, 0xdd, 0x4a, 0x9a, 0x8e, 0xf7, 0x52, 0xff, 0x7f, 0xdd, 0x4a, 0xc0, 0x7f, 0xdd, 0x49, 0xcc,
  0x89, 0xed, 0x4f, 0xff, 0x82, 0xe2, 0x4b, 0xf2, 0x7f, 0xd9, 0x4a, 0x30, 0x00, 0x00, 0x00, 0x00, 0x6d, 0xda, 0x48, 0x07, 0x00, 0x00, 0x00, 0x00,
  0x7f, 0xde, 0x4b, 0x4e, 0x89, 0xee, 0x4f, 0xff, 0x80, 0xde, 0x49, 0xeb, 0x7a, 0xd6, 0x47, 0x19, 0xf9, 0xf9, 0xf9, 0xb3, 0xfa, 0xfa, 0xfa, 0xe3,
  0x00, 0x00, 0x00, 0x00, 0x00, 0x00, 0x00, 0x00, 0x7f, 0xff, 0x7f, 0x02, 0x7f, 0x7f, 0x7f, 0x02, 0x7f, 0xde, 0x49, 0xa4, 0x8c, 0xf4, 0x51, 0xff,
  0x81, 0xe0, 0x4b, 0xff, 0x83, 0xe3, 0x4c, 0xff, 0x8c, 0xf2, 0x51, 0xff, 0x8c, 0xf2, 0x51, 0xff, 0x8c, 0xf2, 0x51, 0xff, 0x8c, 0xf3, 0x51, 0xff,
  0x83, 0xe4, 0x4c, 0xff, 0x81, 0xe0, 0x4b, 0xff, 0x8d, 0xf4, 0x51, 0xff, 0x80, 0xde, 0x49, 0xab, 0x55, 0xaa, 0x55, 0x03, 0x7f, 0xff, 0x7f, 0x02,
  0x00, 0x00, 0x00, 0x00, 0x00, 0x00, 0x00, 0x00, 0xf9, 0xf9, 0xf9, 0xe0, 0xf9, 0xf9, 0xf9, 0xb1, 0x00, 0x00, 0x00, 0x00, 0xff, 0xff, 0xff, 0x03,
  0x00, 0x00, 0x00, 0x00, 0x00, 0x00, 0x00, 0x00, 0x00, 0x00, 0x00, 0x00, 0x00, 0x00, 0x00, 0x00, 0x00, 0x00, 0x00, 0x00, 0xff, 0xff, 0xff, 0x02,
  0x00, 0x00, 0x00, 0x00, 0xff, 0xff, 0xff, 0x27, 0xf9, 0xf9, 0xf9, 0xfb, 0xff, 0xff, 0xff, 0xff, 0xf9, 0xf9, 0xf9, 0x2d, 0x00, 0x00, 0x00, 0x00,
  0x00, 0x00, 0x00, 0x00, 0x00, 0x00, 0x00, 0x00, 0x00, 0x00, 0x00, 0x00, 0x00, 0x00, 0x00, 0x00, 0x00, 0x00, 0x00, 0x00, 0x00, 0x00, 0x00, 0x00,
  0xf9, 0xf9, 0xf9, 0xc1, 0xff, 0xff, 0xff, 0xff, 0xf9, 0xf9, 0xf9, 0x88, 0x00, 0x00, 0x00, 0x00, 0xf9, 0xf9, 0xf9, 0x8f, 0xff, 0xff, 0xff, 0xff,
  0xfa, 0xfa, 0xfa, 0xbc, 0xff, 0xff, 0xff, 0x02, 0xff, 0xff, 0xff, 0x04, 0xff, 0xff, 0xff, 0x02, 0xff, 0xff, 0xff, 0x02, 0xff, 0xff, 0xff, 0x02,
  0xff, 0xff, 0xff, 0x05, 0x7f, 0x7f, 0x7f, 0x02, 0xfb, 0xfb, 0xfb, 0x41, 0xff, 0xff, 0xff, 0xff, 0xf9, 0xf9, 0xf9, 0xf9, 0xf7, 0xf7, 0xf7, 0x22,
  0x00, 0x00, 0x00, 0x00, 0xff, 0xff, 0xff, 0x02, 0xff, 0xff, 0xff, 0x05, 0xf9, 0xf9, 0xf9, 0xd6, 0xff, 0xff, 0xff, 0xff, 0xf9, 0xf9, 0xf9, 0x91,
  0x00, 0x00, 0x00, 0x00, 0xff, 0xff, 0xff, 0x03, 0xf9, 0xf9, 0xf9, 0xc9, 0xff, 0xff, 0xff, 0xfe, 0xf9, 0xf9, 0xf9, 0x91, 0xfa, 0xfa, 0xfa, 0x76,
  0xff, 0xff, 0xff, 0xff, 0xfa, 0xfa, 0xfa, 0xe3, 0xff, 0xff, 0xff, 0x10, 0xff, 0xff, 0xff, 0x01, 0xfa, 0xfa, 0xfa, 0x72, 0xff, 0xff, 0xff, 0xff,
  0xf9, 0xf9, 0xf9, 0xed, 0xff, 0xff, 0xff, 0x15, 0x00, 0x00, 0x00, 0x00, 0xff, 0xff, 0xff, 0x02, 0x00, 0x00, 0x00, 0x00, 0xf9, 0xf9, 0xf9, 0xc8,
  0xff, 0xff, 0xff, 0xff, 0xfb, 0xfb, 0xfb, 0x96, 0xff, 0xff, 0xff, 0x28, 0xf9, 0xf9, 0xf9, 0x2e, 0xf8, 0xf8, 0xf8, 0x2a, 0xf8, 0xf8, 0xf8, 0x2a,
  0xf8, 0xf8, 0xf8, 0x2a, 0xf9, 0xf9, 0xf9, 0x2b, 0xf8, 0xf8, 0xf8, 0x27, 0xff, 0xff, 0xff, 0x05, 0xff, 0xff, 0xff, 0x01, 0xff, 0xff, 0xff, 0x03,
  0x00, 0x00, 0x00, 0x00, 0xf9, 0xf9, 0xf9, 0xab, 0xff, 0xff, 0xff, 0xff, 0xf9, 0xf9, 0xf9, 0x98, 0x00, 0x00, 0x00, 0x00, 0x00, 0x00, 0x00, 0x00,
  0x00, 0x00, 0x00, 0x00, 0x00, 0x00, 0x00, 0x00, 0x00, 0x00, 0x00, 0x00, 0x00, 0x00, 0x00, 0x00, 0x00, 0x00, 0x00, 0x00, 0xfc, 0xfc, 0xfc, 0x56,
  0xff, 0xff, 0xff, 0xff, 0xf9, 0xf9, 0xf9, 0xe1, 0xdf, 0xff, 0xcf, 0x10, 0x00, 0x00, 0x00, 0x00, 0x81, 0xde, 0x4a, 0x8c, 0x8e, 0xf6, 0x52, 0xfc,
  0x80, 0xdf, 0x49, 0xc8, 0x7f, 0xe0, 0x48, 0x2a, 0x82, 0xdb, 0x47, 0x2b, 0x7f, 0xe0, 0x48, 0x2a, 0x7f, 0xe0, 0x48, 0x2a, 0x7f, 0xe0, 0x48, 0x2a,
  0x7f, 0xe0, 0x48, 0x2a, 0x7f, 0xda, 0x48, 0x2a, 0x85, 0xe5, 0x4c, 0x28, 0x7f, 0xbf, 0x3f, 0x04, 0x00, 0x00, 0x00, 0x00, 0xaa, 0xff, 0x55, 0x03,
  0x00, 0x00, 0x00, 0x00, 0x81, 0xdc, 0x49, 0x49, 0x88, 0xeb, 0x4e, 0xff, 0x80, 0xdd, 0x49, 0xef, 0x84, 0xe2, 0x4b, 0x1b, 0x7f, 0x7f, 0x00, 0x02,
  0xaa, 0xaa, 0x00, 0x03, 0x7f, 0x7f, 0x00, 0x02, 0x7f, 0x7f, 0x00, 0x02, 0x7f, 0x7f, 0x00, 0x02, 0x7f, 0x7f, 0x00, 0x02, 0x7f, 0x7f, 0x00, 0x02,
  0x7f, 0x7f, 0x00, 0x02, 0x7f, 0x7f, 0x00, 0x02, 0x55, 0xaa, 0x55, 0x03, 0x00, 0x00, 0x00, 0x00, 0x7f, 0xe0, 0x48, 0x2a, 0x80, 0xde, 0x49, 0xfd,
  0x83, 0xe4, 0x4c, 0xff, 0x7c, 0xde, 0x47, 0x27, 0x00, 0x00, 0x00, 0x00, 0x00, 0x00, 0x00, 0x00, 0x00, 0x00, 0x00, 0x00, 0x00, 0x00, 0x00, 0x00,
  0x00, 0x00, 0x00, 0x00, 0x00, 0x00, 0x00, 0x00, 0x00, 0x00, 0x00, 0x00, 0x80, 0xde, 0x49, 0xc6, 0x8f, 0xf7, 0x52, 0xff, 0x81, 0xdf, 0x49, 0x80,
  0x00, 0x00, 0x00, 0x00, 0x7f, 0xcc, 0x4c, 0x0a, 0x7f, 0xdd, 0x49, 0xd8, 0x8c, 0xf2, 0x51, 0xff, 0x80, 0xde, 0x4a, 0x85, 0x7f, 0xdf, 0x4c, 0x28,
  0x7f, 0xdd, 0x48, 0x2e, 0x7f, 0xe0, 0x48, 0x2a, 0x7f, 0xe0, 0x48, 0x2a, 0x7f, 0xda, 0x48, 0x2a, 0x82, 0xe1, 0x4d, 0x2b, 0x82, 0xdc, 0x4b, 0x25,
  0x55, 0xaa, 0x55, 0x03, 0xff, 0xff, 0x00, 0x01, 0x7f, 0xff, 0x7f, 0x02, 0x00, 0x00, 0x00, 0x00, 0x7f, 0xdd, 0x49, 0xb8, 0x8e, 0xf6, 0x52, 0xff,
  0x80, 0xde, 0x4a, 0xa5, 0x7c, 0xd9, 0x4a, 0x29, 0x7f, 0xd8, 0x48, 0x2e, 0x7f, 0xe0, 0x48, 0x2a, 0x7f, 0xe0, 0x48, 0x2a, 0x7f, 0xe0, 0x48, 0x2a,
  0x7f, 0xe0, 0x48, 0x2a, 0x82, 0xdf, 0x4a, 0x29, 0x6d, 0xda, 0x48, 0x07, 0xff, 0xff, 0x00, 0x01, 0xaa, 0xff, 0x55, 0x03, 0x00, 0x00, 0x00, 0x00,
  0x80, 0xdd, 0x49, 0x99, 0x91, 0xfc, 0x54, 0xff, 0x7f, 0xdd, 0x49, 0xa2, 0x83, 0xde, 0x4a, 0x1f, 0x83, 0xe3, 0x4b, 0xef, 0x87, 0xeb, 0x4e, 0xff,
  0x81, 0xe1, 0x4a, 0xde, 0x85, 0xdd, 0x42, 0x17, 0x00, 0xff, 0x00, 0x01, 0x00, 0x00, 0x00, 0x00, 0x7f, 0xde, 0x4b, 0x4e, 0x89, 0xee, 0x4f, 0xff,
  0x80, 0xde, 0x49, 0xeb, 0x7a, 0xd6, 0x47, 0x19, 0xf9, 0xf9, 0xf9, 0xb3, 0xfa, 0xfa, 0xfa, 0xe3, 0x00, 0x00, 0x00, 0x00, 0x00, 0x00, 0x00, 0x00,
  0x7f, 0xff, 0x7f, 0x02, 0x00, 0x00, 0x00, 0x01, 0x7f, 0xff, 0x7f, 0x02, 0x84, 0xe2, 0x4b, 0x51, 0x81, 0xe0, 0x4a, 0xef, 0x7f, 0xdd, 0x49, 0xee,
  0x7f, 0xdd, 0x49, 0x7a, 0x7f, 0xdc, 0x47, 0x7c, 0x7f, 0xdc, 0x47, 0x7c, 0x80, 0xdd, 0x49, 0x79, 0x7e, 0xdc, 0x49, 0xeb, 0x81, 0xdf, 0x4a, 0xf3,
  0x84, 0xe4, 0x4b, 0x55, 0x7f, 0xbf, 0x3f, 0x04, 0x00, 0x00, 0x00, 0x00, 0xff, 0xff, 0x00, 0x01, 0x00, 0x00, 0x00, 0x00, 0x00, 0x00, 0x00, 0x00,
  0xf9, 0xf9, 0xf9, 0xe0, 0xf9, 0xf9, 0xf9, 0xb1, 0x00, 0x00, 0x00, 0x00, 0xff, 0xff, 0xff, 0x03, 0x00, 0x00, 0x00, 0x00, 0x00, 0x00, 0x00, 0x00,
  0x00, 0x00, 0x00, 0x00, 0x00, 0x00, 0x00, 0x00, 0x00, 0x00, 0x00, 0x00, 0xff, 0xff, 0xff, 0x02, 0x00, 0x00, 0x00, 0x00, 0xff, 0xff, 0xff, 0x27,
  0xf9, 0xf9, 0xf9, 0xfb, 0xfe, 0xfe, 0xfe, 0xff, 0xfa, 0xfa, 0xfa, 0x77, 0xfb, 0xfb, 0xfb, 0x4d, 0xf8, 0xf8, 0xf8, 0x52, 0xf8, 0xf8, 0xf8, 0x50,
  0xf8, 0xf8, 0xf8, 0x50, 0xf8, 0xf8, 0xf8, 0x50, 0xfb, 0xfb, 0xfb, 0x50, 0xf8, 0xf8, 0xf8, 0x50, 0xf9, 0xf9, 0xf9, 0xd6, 0xff, 0xff, 0xff, 0xfc,
  0xf9, 0xf9, 0xf9, 0x8b, 0x00, 0x00, 0x00, 0x00, 0xf9, 0xf9, 0xf9, 0x8f, 0xff, 0xff, 0xff, 0xff, 0xfa, 0xfa, 0xfa, 0xbc, 0x00, 0x00, 0x00, 0x00,
  0xff, 0xff, 0xff, 0x02, 0x00, 0x00, 0x00, 0x00, 0x00, 0x00, 0x00, 0x00, 0x00, 0x00, 0x00, 0x00, 0xff, 0xff, 0xff, 0x03, 0x00, 0x00, 0x00, 0x00,
  0xfb, 0xfb, 0xfb, 0x40, 0xff, 0xff, 0xff, 0xff, 0xf9, 0xf9, 0xf9, 0xf9, 0xf7, 0xf7, 0xf7, 0x22, 0x00, 0x00, 0x00, 0x00, 0xff, 0xff, 0xff, 0x06,
  0x00, 0x00, 0x00, 0x00, 0xf9, 0xf9, 0xf9, 0x83, 0xff, 0xff, 0xff, 0xff, 0xfa, 0xfa, 0xfa, 0xe3, 0xff, 0xff, 0xff, 0x03, 0xf9, 0xf9, 0xf9, 0x31,
  0xfb, 0xfb, 0xfb, 0xfd, 0xff, 0xff, 0xff, 0xff, 0xfa, 0xfa, 0xfa, 0x3f, 0xf6, 0xf6, 0xf6, 0x1f, 0xfb, 0xfb, 0xfb, 0xfc, 0xff, 0xff, 0xff, 0xff,
  0xf8, 0xf8, 0xf8, 0x54, 0x00, 0x00, 0x00, 0x00, 0xf9, 0xf9, 0xf9, 0xca, 0xff, 0xff, 0xff, 0xfe, 0xfa, 0xfa, 0xfa, 0xa4, 0x00, 0x00, 0x00, 0x00,
  0xff, 0xff, 0xff, 0x03, 0xff, 0xff, 0xff, 0x01, 0x00, 0x00, 0x00, 0x00, 0xf9, 0xf9, 0xf9, 0xcb, 0xff, 0xff, 0xff, 0xff, 0xf8, 0xf8, 0xf8, 0xfc,
  0xf9, 0xf9, 0xf9, 0xfb, 0xf9, 0xf9, 0xf9, 0xfc, 0xf9, 0xf9, 0xf9, 0xfc, 0xf9, 0xf9, 0xf9, 0xfc, 0xf9, 0xf9, 0xf9, 0xfb, 0xfd, 0xfd, 0xfd, 0xfc,
  0xf9, 0xf9, 0xf9, 0xea, 0xff, 0xff, 0xff, 0x14, 0x00, 0x00, 0x00, 0x00, 0xff, 0xff, 0xff, 0x04, 0x00, 0x00, 0x00, 0x00, 0xf9, 0xf9, 0xf9, 0xac,
  0xff, 0xff, 0xff, 0xff, 0xfa, 0xfa, 0xfa, 0xbc, 0xfb, 0xfb, 0xfb, 0x4d, 0xfb, 0xfb, 0xfb, 0x52, 0xf8, 0xf8, 0xf8, 0x50, 0xfb, 0xfb, 0xfb, 0x50,
  0xf8, 0xf8, 0xf8, 0x51, 0xf8, 0xf8, 0xf8, 0x54, 0xf8, 0xf8, 0xf8, 0x4e, 0xf9, 0xf9, 0xf9, 0x93, 0xff, 0xff, 0xff, 0xfc, 0xfa, 0xfa, 0xfa, 0xe4,
  0xeb, 0xff, 0xd7, 0x0d, 0x00, 0x00, 0x00, 0x00, 0x7f, 0xdd, 0x4a, 0x6a, 0x8d, 0xf5, 0x52, 0xff, 0x80, 0xdd, 0x49, 0xfd, 0x80, 0xde, 0x4a, 0xfb,
  0x7f, 0xdd, 0x49, 0xfc, 0x7f, 0xdd, 0x49, 0xfc, 0x7f, 0xdd, 0x49, 0xfc, 0x7f, 0xdd, 0x49, 0xfc, 0x7f, 0xdd, 0x49, 0xfc, 0x80, 0xdd, 0x4a, 0xfb,
  0x81, 0xe0, 0x4a, 0xfa, 0x84, 0xe6, 0x4c, 0xe5, 0x81, 0xde, 0x4a, 0x4f, 0x00, 0x00, 0x00, 0x00, 0x00, 0x00, 0x00, 0x00, 0x81, 0xdc, 0x49, 0x49,
  0x88, 0xeb, 0x4e, 0xff, 0x80, 0xdd, 0x49, 0xef, 0x84, 0xe0, 0x47, 0x19, 0x00, 0x00, 0x00, 0x00, 0xff, 0xff, 0x00, 0x01, 0x00, 0x00, 0x00, 0x00,
  0x00, 0x00, 0x00, 0x00, 0x00, 0x00, 0x00, 0x00, 0x00, 0x00, 0x00, 0x00, 0x00, 0x00, 0x00, 0x00, 0x00, 0x00, 0x00, 0x00, 0x00, 0x00, 0x00, 0x00,
  0x7f, 0xff, 0x7f, 0x02, 0x00, 0x00, 0x00, 0x00, 0x7f, 0xe0, 0x48, 0x2a, 0x80, 0xde, 0x49, 0xfd, 0x82, 0xe3, 0x4b, 0xff, 0x7f, 0xde, 0x48, 0x74,
  0x7f, 0xde, 0x47, 0x4e, 0x81, 0xdf, 0x4b, 0x51, 0x7f, 0xdf, 0x49, 0x50, 0x7f, 0xdf, 0x49, 0x50, 0x81, 0xdf, 0x48, 0x51, 0x81, 0xdf, 0x48, 0x51,
  0x81, 0xdc, 0x48, 0x51, 0x80, 0xdc, 0x4a, 0xd9, 0x8d, 0xf4, 0x51, 0xfd, 0x80, 0xdd, 0x49, 0x83, 0x00, 0x00, 0x00, 0x00, 0x7f, 0xcc, 0x4c, 0x0a,
  0x80, 0xde, 0x4a, 0xdb, 0x84, 0xe5, 0x4c, 0xff, 0x80, 0xdd, 0x49, 0xfb, 0x80, 0xdd, 0x4a, 0xfb, 0x7f, 0xdd, 0x49, 0xfc, 0x7f, 0xdd, 0x49, 0xfc,
  0x7f, 0xdd, 0x49, 0xfc, 0x7f, 0xde, 0x49, 0xfa, 0x83, 0xe3, 0x4b, 0xfc, 0x80, 0xdd, 0x49, 0xdd, 0x6d, 0xda, 0x48, 0x07, 0x00, 0x00, 0x00, 0x00,
  0x55, 0xff, 0x55, 0x03, 0x00, 0x00, 0x00, 0x00, 0x80, 0xde, 0x49, 0xbb, 0x87, 0xea, 0x4e, 0xff, 0x7e, 0xdd, 0x4a, 0xfb, 0x80, 0xdd, 0x4a, 0xfb,
  0x7f, 0xdd, 0x49, 0xfc, 0x7f, 0xdd, 0x49, 0xfc, 0x7f, 0xdd, 0x49, 0xfc, 0x80, 0xdd, 0x4a, 0xfb, 0x80, 0xdf, 0x4a, 0xfc, 0x7f, 0xdd, 0x4a, 0xf4,
  0x7f, 0xdf, 0x47, 0x20, 0x00, 0x00, 0x00, 0x00, 0x99, 0xff, 0x66, 0x05, 0x00, 0x00, 0x00, 0x00, 0x80, 0xdd, 0x49, 0x99, 0x90, 0xfa, 0x53, 0xff,
  0x80, 0xde, 0x4a, 0xb3, 0x00, 0x00, 0x00, 0x00, 0x7d, 0xdc, 0x49, 0x49, 0x83, 0xe3, 0x4b, 0xfc, 0x88, 0xeb, 0x4e, 0xff, 0x80, 0xde, 0x4a, 0xc3,
  0x91, 0xff, 0x48, 0x07, 0x7f, 0x7f, 0x00, 0x02, 0x81, 0xde, 0x4a, 0x4f, 0x89, 0xee, 0x4f, 0xff, 0x80, 0xde, 0x49, 0xeb, 0x7a, 0xd6, 0x47, 0x19,
  0xf9, 0xf9, 0xf9, 0xb3, 0xfa, 0xfa, 0xfa, 0xe3, 0x00, 0x00, 0x00, 0x00, 0x00, 0x00, 0x00, 0x00, 0xff, 0xff, 0xff, 0x01, 0x00, 0x00, 0x00, 0x00,
  0xaa, 0xff, 0x55, 0x03, 0x00, 0x00, 0x00, 0x00, 0x7e, 0xdc, 0x48, 0x77, 0x8b, 0xf1, 0x51, 0xfe, 0x7c, 0xdb, 0x47, 0x2b, 0x00, 0x00, 0x00, 0x00,
  0x00, 0x00, 0x00, 0x00, 0x83, 0xda, 0x48, 0x23, 0x8a, 0xef, 0x50, 0xfd, 0x7f, 0xdd, 0x49, 0x80, 0x00, 0x00, 0x00, 0x00, 0x55, 0xaa, 0x55, 0x03,
  0x00, 0x00, 0x00, 0x00, 0x00, 0x00, 0x00, 0x00, 0x00, 0x00, 0x00, 0x00, 0x00, 0x00, 0x00, 0x00, 0xf9, 0xf9, 0xf9, 0xe0, 0xf9, 0xf9, 0xf9, 0xb1,
  0x00, 0x00, 0x00, 0x00, 0xff, 0xff, 0xff, 0x03, 0x00, 0x00, 0x00, 0x00, 0x00, 0x00, 0x00, 0x00, 0x00, 0x00, 0x00, 0x00, 0x00, 0x00, 0x00, 0x00,
  0x00, 0x00, 0x00, 0x00, 0xff, 0xff, 0xff, 0x02, 0x00, 0x00, 0x00, 0x00, 0xf8, 0xf8, 0xf8, 0x28, 0xf9, 0xf9, 0xf9, 0xfc, 0xfb, 0xfb, 0xfb, 0xff,
  0xff, 0xff, 0xff, 0xff, 0xff, 0xff, 0xff, 0xff, 0xff, 0xff, 0xff, 0xff, 0xff, 0xff, 0xff, 0xff, 0xff, 0xff, 0xff, 0xff, 0xff, 0xff, 0xff, 0xff,
  0xff, 0xff, 0xff, 0xff, 0xff, 0xff, 0xff, 0xff, 0xff, 0xff, 0xff, 0xff, 0xff, 0xff, 0xff, 0xff, 0xfc, 0xfc, 0xfc, 0x55, 0x00, 0x00, 0x00, 0x00,
  0xfb, 0xfb, 0xfb, 0x8d, 0xff, 0xff, 0xff, 0xff, 0xfa, 0xfa, 0xfa, 0xbc, 0x00, 0x00, 0x00, 0x00, 0xff, 0xff, 0xff, 0x02, 0x00, 0x00, 0x00, 0x00,
  0x00, 0x00, 0x00, 0x00, 0x00, 0x00, 0x00, 0x00, 0xff, 0xff, 0xff, 0x03, 0x00, 0x00, 0x00, 0x00, 0xfb, 0xfb, 0xfb, 0x40, 0xff, 0xff, 0xff, 0xff,
  0xf9, 0xf9, 0xf9, 0xf9, 0xf7, 0xf7, 0xf7, 0x22, 0x00, 0x00, 0x00, 0x00, 0xff, 0xff, 0xff, 0x04, 0x00, 0x00, 0x00, 0x00, 0xf9, 0xf9, 0xf9, 0x2d,
  0xfb, 0xfb, 0xfb, 0xfa, 0xff, 0xff, 0xff, 0xff, 0xfa, 0xfa, 0xfa, 0x3b, 0xf8, 0xf8, 0xf8, 0x7c, 0xff, 0xff, 0xff, 0xff, 0xfa, 0xfa, 0xfa, 0xdc,
  0xff, 0xff, 0xff, 0x09, 0x00, 0x00, 0x00, 0x00, 0xf9, 0xf9, 0xf9, 0xc4, 0xff, 0xff, 0xff, 0xfe, 0xfa, 0xfa, 0xfa, 0xa0, 0xff, 0xff, 0xff, 0x21,
  0xfc, 0xfc, 0xfc, 0xfd, 0xff, 0xff, 0xff, 0xff, 0xfb, 0xfb, 0xfb, 0x4b, 0xff, 0xff, 0xff, 0x01, 0xff, 0xff, 0xff, 0x04, 0xff, 0xff, 0xff, 0x01,
  0x00, 0x00, 0x00, 0x00, 0xf9, 0xf9, 0xf9, 0xcb, 0xff, 0xff, 0xff, 0xff, 0xfb, 0xfb, 0xfb, 0xff, 0xff, 0xff, 0xff, 0xff, 0xff, 0xff, 0xff, 0xff,
  0xff, 0xff, 0xff, 0xff, 0xff, 0xff, 0xff, 0xff, 0xfe, 0xfe, 0xfe, 0xff, 0xff, 0xff, 0xff, 0xff, 0xf9, 0xf9, 0xf9, 0xf2, 0xff, 0xff, 0xff, 0x14,
  0x00, 0x00, 0x00, 0x00, 0xff, 0xff, 0xff, 0x04, 0x00, 0x00, 0x00, 0x00, 0xf9, 0xf9, 0xf9, 0xaf, 0xff, 0xff, 0xff, 0xff, 0xfe, 0xfe, 0xfe, 0xff,
  0xff, 0xff, 0xff, 0xff, 0xff, 0xff, 0xff, 0xff, 0xff, 0xff, 0xff, 0xff, 0xff, 0xff, 0xff, 0xff, 0xff, 0xff, 0xff, 0xff, 0xff, 0xff, 0xff, 0xff,
  0xff, 0xff, 0xff, 0xff, 0xff, 0xff, 0xff, 0xff, 0xff, 0xff, 0xff, 0xff, 0xf9, 0xf9, 0xf9, 0xbd, 0x00, 0xff, 0x00, 0x01, 0xaa, 0xff, 0xaa, 0x03,
  0x7f, 0xd4, 0x55, 0x0c, 0x80, 0xdf, 0x49, 0xb0, 0x84, 0xe4, 0x4c, 0xff, 0x82, 0xe2, 0x4b, 0xff, 0x83, 0xe3, 0x4b, 0xff, 0x83, 0xe3, 0x4c, 0xff,
  0x83, 0xe3, 0x4c, 0xff, 0x83, 0xe3, 0x4c, 0xff, 0x83, 0xe3, 0x4b, 0xff, 0x83, 0xe2, 0x4b, 0xff, 0x81, 0xe0, 0x4b, 0xff, 0x87, 0xeb, 0x4e, 0xff,
  0x80, 0xde, 0x49, 0xe8, 0x7f, 0xdf, 0x4f, 0x10, 0x00, 0x00, 0x00, 0x00, 0x81, 0xdf, 0x49, 0x49, 0x88, 0xeb, 0x4e, 0xff, 0x80, 0xdd, 0x49, 0xef,
  0x84, 0xe0, 0x47, 0x19, 0x00, 0x00, 0x00, 0x00, 0xff, 0xff, 0x00, 0x01, 0x00, 0x00, 0x00, 0x00, 0x00, 0x00, 0x00, 0x00, 0x00, 0x00, 0x00, 0x00,
  0x00, 0x00, 0x00, 0x00, 0x00, 0x00, 0x00, 0x00, 0x00, 0x00, 0x00, 0x00, 0x00, 0x00, 0x00, 0x00, 0x7f, 0xff, 0x7f, 0x02, 0x00, 0x00, 0x00, 0x00,
  0x7f, 0xe0, 0x48, 0x2a, 0x80, 0xdd, 0x4a, 0xfe, 0x80, 0xdf, 0x4a, 0xff, 0x87, 0xeb, 0x4e, 0xff, 0x89, 0xed, 0x4f, 0xff, 0x89, 0xed, 0x4f, 0xff,
  0x89, 0xed, 0x4f, 0xff, 0x87, 0xea, 0x4e, 0xff, 0x86, 0xe9, 0x4e, 0xff, 0x87, 0xe9, 0x4e, 0xff, 0x89, 0xed, 0x4f, 0xff, 0x84, 0xe6, 0x4c, 0xff,
  0x8b, 0xf1, 0x50, 0xff, 0x7d, 0xdb, 0x4a, 0x4f, 0x00, 0x00, 0x00, 0x00, 0x71, 0xe2, 0x55, 0x09, 0x80, 0xde, 0x4a, 0xdb, 0x84, 0xe5, 0x4c, 0xff,
  0x81, 0xdf, 0x4a, 0xff, 0x83, 0xe3, 0x4b, 0xff, 0x83, 0xe3, 0x4b, 0xff, 0x83, 0xe3, 0x4c, 0xff, 0x83, 0xe3, 0x4c, 0xff, 0x82, 0xe2, 0x4b, 0xff,
  0x87, 0xe9, 0x4e, 0xff, 0x7e, 0xdc, 0x49, 0xe5, 0x6d, 0xda, 0x48, 0x07, 0x00, 0x00, 0x00, 0x00, 0x55, 0xff, 0x55, 0x03, 0x00, 0x00, 0x00, 0x00,
  0x80, 0xde, 0x49, 0xbb, 0x87, 0xea, 0x4e, 0xff, 0x7f, 0xdd, 0x4a, 0xfe, 0x83, 0xe3, 0x4b, 0xff, 0x83, 0xe3, 0x4b, 0xff, 0x83, 0xe3, 0x4c, 0xff,
  0x83, 0xe3, 0x4c, 0xff, 0x83, 0xe2, 0x4c, 0xff, 0x84, 0xe5, 0x4c, 0xff, 0x80, 0xde, 0x49, 0xfc, 0x7b, 0xe0, 0x45, 0x21, 0x00, 0x00, 0x00, 0x00,
  0x99, 0xff, 0x66, 0x05, 0x00, 0x00, 0x00, 0x00, 0x80, 0xdd, 0x49, 0x99, 0x90, 0xfa, 0x53, 0xff, 0x80, 0xde, 0x4a, 0xae, 0x7f, 0x7f, 0x00, 0x02,
  0x00, 0x00, 0x00, 0x00, 0x7f, 0xda, 0x4a, 0x6a, 0x86, 0xe8, 0x4d, 0xff, 0x88, 0xeb, 0x4f, 0xff, 0x80, 0xdd, 0x48, 0xa5, 0x00, 0x00, 0x00, 0x00,
  0x7f, 0xdf, 0x49, 0x50, 0x89, 0xee, 0x4f, 0xff, 0x80, 0xde, 0x49, 0xeb, 0x7a, 0xd6, 0x47, 0x19, 0xf9, 0xf9, 0xf9, 0xb3, 0xfa, 0xfa, 0xfa, 0xe3,
  0x00, 0x00, 0x00, 0x00, 0x00, 0x00, 0x00, 0x00, 0xff, 0xff, 0xff, 0x01, 0x00, 0x00, 0x00, 0x00, 0x7f, 0xff, 0x00, 0x02, 0x7f, 0xbf, 0x3f, 0x04,
  0x7f, 0xda, 0x48, 0x0e, 0x84, 0xe5, 0x4c, 0xf0, 0x80, 0xde, 0x4a, 0xc7, 0x00, 0x00, 0x00, 0x00, 0x00, 0x00, 0x00, 0x00, 0x80, 0xdd, 0x4a, 0xbf,
  0x85, 0xe6, 0x4d, 0xf4, 0x87, 0xe1, 0x4b, 0x11, 0x7f, 0xbf, 0x3f, 0x04, 0x7f, 0xff, 0x00, 0x02, 0x00, 0x00, 0x00, 0x00, 0x00, 0x00, 0x00, 0x00,
  0x00, 0x00, 0x00, 0x00, 0x00, 0x00, 0x00, 0x00, 0xf9, 0xf9, 0xf9, 0xe0, 0xf9, 0xf9, 0xf9, 0xb1, 0x00, 0x00, 0x00, 0x00, 0xff, 0xff, 0xff, 0x03,
  0x00, 0x00, 0x00, 0x00, 0x00, 0x00, 0x00, 0x00, 0x00, 0x00, 0x00, 0x00, 0x00, 0x00, 0x00, 0x00, 0x00, 0x00, 0x00, 0x00, 0xff, 0xff, 0xff, 0x02,
  0x00, 0x00, 0x00, 0x00, 0xf8, 0xf8, 0xf8, 0x28, 0xf9, 0xf9, 0xf9, 0xfc, 0xfb, 0xfb, 0xfb, 0xff, 0xf9, 0xf9, 0xf9, 0xef, 0xf9, 0xf9, 0xf9, 0xec,
  0xf9, 0xf9, 0xf9, 0xec, 0xf9, 0xf9, 0xf9, 0xec, 0xf9, 0xf9, 0xf9, 0xec, 0xf9, 0xf9, 0xf9, 0xec, 0xfa, 0xfa, 0xfa, 0xeb, 0xfa, 0xfa, 0xfa, 0xea,
  0xfd, 0xfd, 0xfd, 0xe2, 0xf8, 0xf8, 0xf8, 0x7f, 0xff, 0xff, 0xff, 0x03, 0x00, 0x00, 0x00, 0x00, 0xf9, 0xf9, 0xf9, 0x8a, 0xff, 0xff, 0xff, 0xff,
  0xf9, 0xf9, 0xf9, 0xbc, 0xff, 0xff, 0xff, 0x01, 0xff, 0xff, 0xff, 0x03, 0xff, 0xff, 0xff, 0x01, 0xff, 0xff, 0xff, 0x01, 0xff, 0xff, 0xff, 0x01,
  0xff, 0xff, 0xff, 0x04, 0xff, 0xff, 0xff, 0x01, 0xf7, 0xf7, 0xf7, 0x41, 0xff, 0xff, 0xff, 0xff, 0xf9, 0xf9, 0xf9, 0xf9, 0xff, 0xff, 0xff, 0x21,
  0x00, 0x00, 0x00, 0x00, 0xff, 0xff, 0xff, 0x02, 0xff, 0xff, 0xff, 0x02, 0x00, 0x00, 0x00, 0x00, 0xf9, 0xf9, 0xf9, 0xc4, 0xff, 0xff, 0xff, 0xfe,
  0xf9, 0xf9, 0xf9, 0xb3, 0xfa, 0xfa, 0xfa, 0xcf, 0xff, 0xff, 0xff, 0xff, 0xfb, 0xfb, 0xfb, 0x8a, 0x00, 0x00, 0x00, 0x00, 0x00, 0x00, 0x00, 0x01,
  0xfa, 0xfa, 0xfa, 0x6b, 0xff, 0xff, 0xff, 0xff, 0xf9, 0xf9, 0xf9, 0xe0, 0xfa, 0xfa, 0xfa, 0xa7, 0xff, 0xff, 0xff, 0xff, 0xf9, 0xf9, 0xf9, 0xe0,
  0xe5, 0xe5, 0xe5, 0x0a, 0x00, 0x00, 0x00, 0x00, 0xff, 0xff, 0xff, 0x01, 0xff, 0xff, 0xff, 0x01, 0x00, 0x00, 0x00, 0x00, 0xf9, 0xf9, 0xf9, 0xc8,
  0xff, 0xff, 0xff, 0xff, 0xfa, 0xfa, 0xfa, 0x9c, 0xfa, 0xfa, 0xfa, 0x35, 0xfa, 0xfa, 0xfa, 0x39, 0xfa, 0xfa, 0xfa, 0x36, 0xfa, 0xfa, 0xfa, 0x36,
  0xf5, 0xf5, 0xf5, 0x36, 0xff, 0xff, 0xff, 0x36, 0xf9, 0xf9, 0xf9, 0x32, 0xff, 0xff, 0xff, 0x05, 0xff, 0xff, 0xff, 0x01, 0xff, 0xff, 0xff, 0x03,
  0x00, 0x00, 0x00, 0x00, 0xfa, 0xfa, 0xfa, 0xae, 0xff, 0xff, 0xff, 0xff, 0xf9, 0xf9, 0xf9, 0xf5, 0xf9, 0xf9, 0xf9, 0xec, 0xfa, 0xfa, 0xfa, 0xec,
  0xfa, 0xfa, 0xfa, 0xeb, 0xf9, 0xf9, 0xf9, 0xf1, 0xfe, 0xfe, 0xfe, 0xff, 0xf9, 0xf9, 0xf9, 0xfb, 0xf9, 0xf9, 0xf9, 0xf7, 0xfb, 0xfb, 0xfb, 0xe4,
  0xfc, 0xfc, 0xfc, 0xbe, 0xf7, 0xf7, 0xf7, 0x22, 0xff, 0xff, 0xff, 0x01, 0xff, 0xff, 0xff, 0x02, 0x00, 0x00, 0x00, 0x00, 0x00, 0x00, 0x00, 0x00,
  0x86, 0xe4, 0x49, 0x26, 0x81, 0xde, 0x4a, 0x37, 0x81, 0xe2, 0x48, 0x35, 0x7f, 0xdd, 0x46, 0x36, 0x7f, 0xdd, 0x46, 0x36, 0x7f, 0xdd, 0x46, 0x36,
  0x7f, 0xdf, 0x48, 0x38, 0x81, 0xdd, 0x48, 0x35, 0x7f, 0xdd, 0x4a, 0x6a, 0x84, 0xe4, 0x4c, 0xfd, 0x7f, 0xde, 0x49, 0xfa, 0x7f, 0xdf, 0x46, 0x28,
  0x00, 0x00, 0x00, 0x00, 0x7f, 0xdf, 0x4b, 0x4a, 0x87, 0xeb, 0x4e, 0xff, 0x80, 0xdd, 0x49, 0xef, 0x84, 0xd9, 0x42, 0x1b, 0xff, 0xff, 0x00, 0x01,
  0xff, 0xff, 0x00, 0x02, 0xff, 0xff, 0x00, 0x01, 0xff, 0xff, 0x00, 0x01, 0xff, 0xff, 0x00, 0x01, 0xff, 0xff, 0x00, 0x01, 0xff, 0xff, 0x00, 0x01,
  0xff, 0xff, 0x00, 0x01, 0xff, 0xff, 0x00, 0x01, 0x7f, 0xff, 0x7f, 0x02, 0x00, 0x00, 0x00, 0x00, 0x7f, 0xe0, 0x48, 0x2a, 0x80, 0xdd, 0x4a, 0xfe,
  0x80, 0xdf, 0x4a, 0xff, 0x80, 0xde, 0x49, 0xee, 0x7f, 0xdd, 0x49, 0xec, 0x80, 0xde, 0x4a, 0xec, 0x7f, 0xdd, 0x49, 0xec, 0x7f, 0xdd, 0x4a, 0xfe,
  0x80, 0xdf, 0x4a, 0xfc, 0x80, 0xde, 0x49, 0xfc, 0x81, 0xdf, 0x4a, 0xe9, 0x84, 0xe6, 0x4c, 0xe2, 0x7e, 0xdc, 0x49, 0x7d, 0x00, 0x00, 0x00, 0x00,
  0x00, 0xff, 0x00, 0x01, 0x7f, 0xd4, 0x55, 0x06, 0x7f, 0xdd, 0x49, 0xd8, 0x8b, 0xf2, 0x51, 0xff, 0x80, 0xdf, 0x49, 0x8b, 0x81, 0xdd, 0x48, 0x35,
  0x81, 0xdf, 0x47, 0x39, 0x7f, 0xdd, 0x46, 0x36, 0x7f, 0xdd, 0x46, 0x36, 0x81, 0xdd, 0x48, 0x35, 0x81, 0xde, 0x4a, 0x37, 0x82, 0xde, 0x4b, 0x2f,
  0x7f, 0xff, 0x7f, 0x02, 0x00, 0xff, 0x00, 0x01, 0x7f, 0xff, 0x7f, 0x02, 0x00, 0x00, 0x00, 0x00, 0x7f, 0xdd, 0x49, 0xb8, 0x8d, 0xf6, 0x52, 0xff,
  0x7f, 0xde, 0x49, 0xaa, 0x81, 0xdd, 0x48, 0x35, 0x7d, 0xdb, 0x47, 0x39, 0x7f, 0xdd, 0x46, 0x36, 0x7f, 0xdd, 0x46, 0x36, 0x7f, 0xdd, 0x46, 0x36,
  0x7f, 0xdd, 0x4b, 0x36, 0x7f, 0xdc, 0x49, 0x34, 0x7f, 0xdf, 0x3f, 0x08, 0x00, 0xff, 0x00, 0x01, 0x7f, 0xbf, 0x3f, 0x04, 0x00, 0x00, 0x00, 0x00,
  0x80, 0xdd, 0x49, 0x99, 0x90, 0xfa, 0x53, 0xff, 0x80, 0xde, 0x4a, 0xae, 0x00, 0x00, 0x00, 0x00, 0x6d, 0xda, 0x48, 0x07, 0x00, 0x00, 0x00, 0x00,
  0x7f, 0xdc, 0x49, 0x8e, 0x88, 0xeb, 0x4f, 0xff, 0x89, 0xed, 0x4f, 0xff, 0x7f, 0xdd, 0x49, 0x6c, 0x7f, 0xe0, 0x4a, 0x3a, 0x8a, 0xf0, 0x50, 0xff,
  0x80, 0xde, 0x49, 0xeb, 0x7f, 0xdf, 0x4a, 0x18, 0xf9, 0xf9, 0xf9, 0xb3, 0xfa, 0xfa, 0xfa, 0xe3, 0x00, 0x00, 0x00, 0x00, 0x00, 0x00, 0x00, 0x00,
  0xff, 0xff, 0xff, 0x01, 0x00, 0x00, 0x00, 0x00, 0x00, 0x00, 0x00, 0x00, 0xaa, 0xff, 0x55, 0x03, 0x00, 0x00, 0x00, 0x00, 0x7f, 0xdb, 0x49, 0x7a,
  0x8e, 0xf7, 0x52, 0xff, 0x80, 0xde, 0x49, 0xbb, 0x80, 0xdd, 0x49, 0xb9, 0x8e, 0xf6, 0x52, 0xff, 0x7e, 0xda, 0x49, 0x83, 0x00, 0x00, 0x00, 0x00,
  0x7f, 0xbf, 0x3f, 0x04, 0x00, 0x00, 0x00, 0x00, 0x00, 0x00, 0x00, 0x00, 0x00, 0x00, 0x00, 0x00, 0x00, 0x00, 0x00, 0x00, 0x00, 0x00, 0x00, 0x00,
  0xf9, 0xf9, 0xf9, 0xe0, 0xf9, 0xf9, 0xf9, 0xb1, 0x00, 0x00, 0x00, 0x00, 0xff, 0xff, 0xff, 0x03, 0x00, 0x00, 0x00, 0x00, 0x00, 0x00, 0x00, 0x00,
  0x00, 0x00, 0x00, 0x00, 0x00, 0x00, 0x00, 0x00, 0x00, 0x00, 0x00, 0x00, 0xff, 0xff, 0xff, 0x02, 0x00, 0x00, 0x00, 0x00, 0xff, 0xff, 0xff, 0x27,
  0xf9, 0xf9, 0xf9, 0xfb, 0xff, 0xff, 0xff, 0xff, 0xf7, 0xf7, 0xf7, 0x45, 0xff, 0xff, 0xff, 0x10, 0xff, 0xff, 0xff, 0x13, 0xff, 0xff, 0xff, 0x10,
  0xff, 0xff, 0xff, 0x10, 0xff, 0xff, 0xff, 0x10, 0xff, 0xff, 0xff, 0x10, 0xff, 0xff, 0xff, 0x10, 0xe5, 0xe5, 0xe5, 0x0a, 0x00, 0x00, 0x00, 0x00,
  0xff, 0xff, 0xff, 0x04, 0x00, 0x00, 0x00, 0x00, 0xfb, 0xfb, 0xfb, 0x89, 0xff, 0xff, 0xff, 0xff, 0xf9, 0xf9, 0xf9, 0xbb, 0x00, 0x00, 0x00, 0x00,
  0x00, 0x00, 0x00, 0x00, 0x00, 0x00, 0x00, 0x00, 0x00, 0x00, 0x00, 0x00, 0x00, 0x00, 0x00, 0x00, 0x00, 0x00, 0x00, 0x00, 0x00, 0x00, 0x00, 0x00,
  0xfa, 0xfa, 0xfa, 0x3c, 0xff, 0xff, 0xff, 0xff, 0xf9, 0xf9, 0xf9, 0xf8, 0xf7, 0xf7, 0xf7, 0x22, 0x00, 0x00, 0x00, 0x00, 0xff, 0xff, 0xff, 0x02,
  0xff, 0xff, 0xff, 0x04, 0x00, 0x00, 0x00, 0x00, 0xfa, 0xfa, 0xfa, 0x6d, 0xff, 0xff, 0xff, 0xff, 0xf9, 0xf9, 0xf9, 0xff, 0xfb, 0xfb, 0xfb, 0xff,
  0xfc, 0xfc, 0xfc, 0xfe, 0xfa, 0xfa, 0xfa, 0x33, 0x00, 0x00, 0x00, 0x00, 0x00, 0x00, 0x00, 0x00, 0xf5, 0xf5, 0xf5, 0x1b, 0xfa, 0xfa, 0xfa, 0xf4,
  0xfd, 0xfd, 0xfd, 0xff, 0xf9, 0xf9, 0xf9, 0xfe, 0xff, 0xff, 0xff, 0xff, 0xfb, 0xfb, 0xfb, 0x8f, 0x00, 0x00, 0x00, 0x00, 0xff, 0xff, 0xff, 0x04,
  0x00, 0x00, 0x00, 0x00, 0xff, 0xff, 0xff, 0x01, 0x00, 0x00, 0x00, 0x00, 0xf9, 0xf9, 0xf9, 0xc7, 0xff, 0xff, 0xff, 0xff, 0xfa, 0xfa, 0xfa, 0x7a,
  0x00, 0x00, 0x00, 0x00, 0x00, 0x00, 0x00, 0x00, 0x00, 0x00, 0x00, 0x00, 0x00, 0x00, 0x00, 0x00, 0x00, 0x00, 0x00, 0x00, 0x00, 0x00, 0x00, 0x00,
  0x00, 0x00, 0x00, 0x00, 0x00, 0x00, 0x00, 0x00, 0x00, 0x00, 0x00, 0x00, 0xff, 0xff, 0xff, 0x03, 0x00, 0x00, 0x00, 0x00, 0xf9, 0xf9, 0xf9, 0xab,
  0xff, 0xff, 0xff, 0xff, 0xfa, 0xfa, 0xfa, 0xa3, 0xff, 0xff, 0xff, 0x10, 0xf2, 0xf2, 0xf2, 0x15, 0xff, 0xff, 0xff, 0x12, 0xff, 0xff, 0xff, 0x1b,
  0xf9, 0xf9, 0xf9, 0xc8, 0xff, 0xff, 0xff, 0xff, 0xfc, 0xfc, 0xfc, 0xf5, 0xf8, 0xf8, 0xf8, 0x4f, 0x00, 0x00, 0x00, 0x00, 0x00, 0x00, 0x00, 0x00,
  0x00, 0xff, 0x00, 0x01, 0x00, 0x00, 0x00, 0x00, 0x88, 0xdd, 0x55, 0x0f, 0x8b, 0xee, 0x52, 0x1f, 0x73, 0xd0, 0x45, 0x0b, 0x00, 0x00, 0x00, 0x00,
  0x00, 0x00, 0x00, 0x00, 0x00, 0x00, 0x00, 0x00, 0x00, 0x00, 0x00, 0x00, 0x00, 0x00, 0x00, 0x00, 0x00, 0x00, 0x00, 0x00, 0x00, 0x00, 0x00, 0x00,
  0x84, 0xe0, 0x47, 0x32, 0x85, 0xe6, 0x4d, 0xff, 0x7f, 0xde, 0x4a, 0xf8, 0x86, 0xe4, 0x49, 0x26, 0x00, 0x00, 0x00, 0x00, 0x82, 0xdf, 0x4b, 0x4a,
  0x88, 0xeb, 0x4e, 0xff, 0x7f, 0xdd, 0x49, 0xee, 0x86, 0xe4, 0x43, 0x13, 0x00, 0x00, 0x00, 0x00, 0x00, 0x00, 0x00, 0x00, 0x00, 0x00, 0x00, 0x00,
  0x00, 0x00, 0x00, 0x00, 0x00, 0x00, 0x00, 0x00, 0x00, 0x00, 0x00, 0x00, 0x00, 0x00, 0x00, 0x00, 0x00, 0x00, 0x00, 0x00, 0x00, 0x00, 0x00, 0x00,
  0x00, 0xff, 0xff, 0x01, 0x00, 0x00, 0x00, 0x00, 0x7f, 0xe0, 0x48, 0x2a, 0x80, 0xde, 0x49, 0xfd, 0x83, 0xe4, 0x4c, 0xff, 0x81, 0xde, 0x48, 0x3f,
  0x7f, 0xdf, 0x4f, 0x10, 0x79, 0xda, 0x48, 0x15, 0x78, 0xd2, 0x4b, 0x11, 0x7e, 0xde, 0x4b, 0x55, 0x83, 0xe3, 0x4c, 0xff, 0x85, 0xe7, 0x4d, 0xfd,
  0x80, 0xdf, 0x4a, 0xc2, 0x7f, 0xd4, 0x3f, 0x0c, 0x00, 0x00, 0x00, 0x00, 0x7f, 0x7f, 0x00, 0x02, 0x00, 0x00, 0x00, 0x00, 0x7f, 0xd4, 0x55, 0x06,
  0x80, 0xdd, 0x49, 0xd7, 0x8e, 0xf6, 0x52, 0xff, 0x82, 0xdd, 0x49, 0x64, 0x00, 0x00, 0x00, 0x00, 0x00, 0x00, 0x00, 0x00, 0x00, 0x00, 0x00, 0x00,
  0x00, 0x00, 0x00, 0x00, 0x00, 0x00, 0x00, 0x00, 0x00, 0x00, 0x00, 0x00, 0x00, 0x00, 0x00, 0x00, 0x00, 0x00, 0x00, 0x00, 0x00, 0x00, 0x00, 0x00,
  0x7f, 0xff, 0x7f, 0x02, 0x00, 0x00, 0x00, 0x00, 0x7f, 0xdd, 0x49, 0xb8, 0x8f, 0xfa, 0x53, 0xff, 0x7f, 0xdc, 0x49, 0x8e, 0x00, 0x00, 0x00, 0x00,
  0x00, 0x00, 0x00, 0x00, 0x00, 0x00, 0x00, 0x00, 0x00, 0x00, 0x00, 0x00, 0x00, 0x00, 0x00, 0x00, 0x00, 0x00, 0x00, 0x00, 0x00, 0x00, 0x00, 0x00,
  0x00, 0x00, 0x00, 0x00, 0x00, 0x00, 0x00, 0x00, 0xaa, 0xff, 0x55, 0x03, 0x00, 0x00, 0x00, 0x00, 0x80, 0xdd, 0x49, 0x99, 0x90, 0xfa, 0x53, 0xff,
  0x80, 0xdd, 0x4a, 0xaf, 0x00, 0x00, 0x00, 0x00, 0x7f, 0xbf, 0x3f, 0x04, 0x7f, 0xbf, 0x3f, 0x04, 0x00, 0x00, 0x00, 0x00, 0x80, 0xdf, 0x49, 0xb1,
  0x89, 0xee, 0x50, 0xff, 0x7e, 0xdd, 0x49, 0xf9, 0x7f, 0xdd, 0x49, 0xa6, 0x83, 0xe3, 0x4c, 0xff, 0x80, 0xdd, 0x49, 0xee, 0x7a, 0xd6, 0x47, 0x19,
  0xf9, 0xf9, 0xf9, 0xb3, 0xfa, 0xfa, 0xfa, 0xe3, 0x00, 0x00, 0x00, 0x00, 0x00, 0x00, 0x00, 0x00, 0xff, 0xff, 0xff, 0x01, 0xaa, 0xff, 0x55, 0x03,
  0x7f, 0xff, 0x3f, 0x04, 0x66, 0xcc, 0x33, 0x05, 0x66, 0xcc, 0x66, 0x05, 0x7f, 0xe2, 0x46, 0x12, 0x80, 0xe0, 0x4b, 0xbe, 0x81, 0xe0, 0x4a, 0xe9,
  0x81, 0xe0, 0x4a, 0xe9, 0x81, 0xe0, 0x4b, 0xc1, 0x85, 0xe6, 0x48, 0x15, 0x99, 0xcc, 0x66, 0x05, 0x99, 0xcc, 0x33, 0x05, 0x7f, 0xbf, 0x3f, 0x04,
  0x7f, 0xbf, 0x3f, 0x04, 0x00, 0x00, 0x00, 0x00, 0x00, 0x00, 0x00, 0x00, 0x00, 0x00, 0x00, 0x00, 0xf9, 0xf9, 0xf9, 0xe0, 0xf9, 0xf9, 0xf9, 0xb1,
  0x00, 0x00, 0x00, 0x00, 0xff, 0xff, 0xff, 0x03, 0x00, 0x00, 0x00, 0x00, 0x00, 0x00, 0x00, 0x00, 0x00, 0x00, 0x00, 0x00, 0x00, 0x00, 0x00, 0x00,
  0x00, 0x00, 0x00, 0x00, 0xff, 0xff, 0xff, 0x02, 0x00, 0x00, 0x00, 0x00, 0xff, 0xff, 0xff, 0x27, 0xf9, 0xf9, 0xf9, 0xfb, 0xff, 0xff, 0xff, 0xff,
  0xff, 0xff, 0xff, 0x34, 0x00, 0x00, 0x00, 0x00, 0x00, 0x00, 0x00, 0x00, 0x00, 0x00, 0x00, 0x00, 0x00, 0x00, 0x00, 0x00, 0x00, 0x00, 0x00, 0x00,
  0x00, 0x00, 0x00, 0x00, 0x00, 0x00, 0x00, 0x00, 0x00, 0x00, 0x00, 0x00, 0xff, 0xff, 0xff, 0x03, 0xff, 0xff, 0xff, 0x04, 0x00, 0x00, 0x00, 0x00,
  0xfb, 0xfb, 0xfb, 0x8c, 0xff, 0xff, 0xff, 0xfd, 0xfb, 0xfb, 0xfb, 0xc1, 0xff, 0xff, 0xff, 0x10, 0xff, 0xff, 0xff, 0x12, 0xff, 0xff, 0xff, 0x10,
  0xff, 0xff, 0xff, 0x10, 0xff, 0xff, 0xff, 0x10, 0xff, 0xff, 0xff, 0x13, 0xff, 0xff, 0xff, 0x10, 0xfb, 0xfb, 0xfb, 0x4e, 0xff, 0xff, 0xff, 0xfe,
  0xf9, 0xf9, 0xf9, 0xf9, 0xf7, 0xf7, 0xf7, 0x23, 0x00, 0x00, 0x00, 0x00, 0xff, 0xff, 0xff, 0x02, 0x7f, 0x7f, 0x7f, 0x02, 0x00, 0x00, 0x00, 0x00,
  0xff, 0xff, 0xff, 0x1b, 0xfa, 0xfa, 0xfa, 0xf5, 0xfa, 0xfa, 0xfa, 0xfd, 0xff, 0xff, 0xff, 0xfe, 0xfa, 0xfa, 0xfa, 0xcd, 0xff, 0xff, 0xff, 0x02,
  0xff, 0xff, 0xff, 0x01, 0xff, 0xff, 0xff, 0x03, 0x00, 0x00, 0x00, 0x00, 0xf9, 0xf9, 0xf9, 0xaf, 0xff, 0xff, 0xff, 0xfe, 0xf9, 0xf9, 0xf9, 0xfa,
  0xfc, 0xfc, 0xfc, 0xfe, 0xfa, 0xfa, 0xfa, 0x36, 0x00, 0x00, 0x00, 0x00, 0xff, 0xff, 0xff, 0x03, 0x00, 0x00, 0x00, 0x00, 0xff, 0xff, 0xff, 0x01,
  0x00, 0x00, 0x00, 0x00, 0xf9, 0xf9, 0xf9, 0xc7, 0xff, 0xff, 0xff, 0xff, 0xfb, 0xfb, 0xfb, 0x8b, 0xff, 0xff, 0xff, 0x13, 0xf3, 0xf3, 0xf3, 0x17,
  0xff, 0xff, 0xff, 0x13, 0xff, 0xff, 0xff, 0x13, 0xff, 0xff, 0xff, 0x13, 0xff, 0xff, 0xff, 0x13, 0xf1, 0xf1, 0xf1, 0x13, 0xff, 0xff, 0xff, 0x11,
  0xff, 0xff, 0xff, 0x0d, 0xff, 0xff, 0xff, 0x03, 0x00, 0x00, 0x00, 0x00, 0xf9, 0xf9, 0xf9, 0xab, 0xff, 0xff, 0xff, 0xff, 0xfa, 0xfa, 0xfa, 0x9b,
  0x00, 0x00, 0x00, 0x00, 0x00, 0x00, 0x00, 0x00, 0x00, 0x00, 0x00, 0x00, 0x00, 0x00, 0x00, 0x00, 0xf5, 0xf5, 0xf5, 0x1a, 0xfb, 0xfb, 0xfb, 0xe1,
  0xff, 0xff, 0xff, 0xff, 0xfb, 0xfb, 0xfb, 0xe5, 0xf8, 0xf8, 0xf8, 0x25, 0x00, 0x00, 0x00, 0x00, 0xaa, 0xff, 0x7f, 0x06, 0x00, 0x00, 0x00, 0x00,
  0x7f, 0xdc, 0x4a, 0x86, 0x8e, 0xf6, 0x52, 0xf5, 0x80, 0xde, 0x4a, 0xbd, 0x86, 0xe4, 0x50, 0x13, 0x7f, 0xd8, 0x3f, 0x14, 0x86, 0xe4, 0x50, 0x13,
  0x86, 0xe4, 0x50, 0x13, 0x86, 0xe4, 0x50, 0x13, 0x7f, 0xdc, 0x45, 0x16, 0x86, 0xd6, 0x43, 0x13, 0x81, 0xde, 0x4a, 0x4f, 0x84, 0xe5, 0x4c, 0xfe,
  0x80, 0xde, 0x49, 0xf9, 0x85, 0xdf, 0x46, 0x28, 0x00, 0x00, 0x00, 0x00, 0x7d, 0xdd, 0x48, 0x4d, 0x87, 0xe9, 0x4d, 0xfd, 0x81, 0xde, 0x4a, 0xf5,
  0x7f, 0xdd, 0x4b, 0x36, 0x7f, 0xdf, 0x4f, 0x10, 0x7f, 0xe2, 0x46, 0x12, 0x7f, 0xdf, 0x4f, 0x10, 0x7f, 0xdf, 0x4f, 0x10, 0x7f, 0xdf, 0x4f, 0x10,
  0x7f, 0xdf, 0x4f, 0x10, 0x7f, 0xdf, 0x4f, 0x10, 0x7f, 0xdf, 0x4f, 0x10, 0x8f, 0xef, 0x4f, 0x10, 0x7f, 0xdf, 0x5f, 0x08, 0x00, 0x00, 0x00, 0x00,
  0x7f, 0xe0, 0x48, 0x2a, 0x80, 0xde, 0x49, 0xfd, 0x83, 0xe4, 0x4c, 0xff, 0x7c, 0xd9, 0x46, 0x2f, 0x00, 0x00, 0x00, 0x00, 0x00, 0x00, 0x00, 0x00,
  0x00, 0x00, 0x00, 0x00, 0x00, 0x00, 0x00, 0x00, 0x7f, 0xdc, 0x48, 0x70, 0x87, 0xea, 0x4e, 0xff, 0x86, 0xe9, 0x4d, 0xff, 0x7e, 0xdd, 0x4a, 0x97,
  0x00, 0x00, 0x00, 0x00, 0x7f, 0xff, 0x3f, 0x04, 0x00, 0x00, 0x00, 0x00, 0x7f, 0xd4, 0x55, 0x06, 0x80, 0xdd, 0x49, 0xd7, 0x8c, 0xf4, 0x52, 0xff,
  0x7f, 0xdd, 0x4a, 0x78, 0x86, 0xe4, 0x43, 0x13, 0x79, 0xdd, 0x42, 0x17, 0x86, 0xe4, 0x50, 0x13, 0x86, 0xe4, 0x50, 0x13, 0x86, 0xe4, 0x50, 0x13,
  0x86, 0xe4, 0x50, 0x13, 0x7f, 0xe2, 0x46, 0x12, 0x8f, 0xef, 0x4f, 0x10, 0x7f, 0xe9, 0x55, 0x0c, 0x7f, 0xff, 0x7f, 0x02, 0x00, 0x00, 0x00, 0x00,
  0x80, 0xdd, 0x49, 0xb7, 0x8e, 0xf8, 0x53, 0xff, 0x7f, 0xde, 0x49, 0x9c, 0x86, 0xe4, 0x43, 0x13, 0x79, 0xd2, 0x42, 0x17, 0x86, 0xe4, 0x50, 0x13,
  0x86, 0xe4, 0x50, 0x13, 0x86, 0xe4, 0x50, 0x13, 0x86, 0xe4, 0x50, 0x13, 0x78, 0xd6, 0x43, 0x13, 0x87, 0xe1, 0x4b, 0x11, 0x7f, 0xda, 0x48, 0x0e,
  0xaa, 0xff, 0x55, 0x03, 0x00, 0x00, 0x00, 0x00, 0x80, 0xdd, 0x49, 0x99, 0x90, 0xfa, 0x53, 0xff, 0x80, 0xdd, 0x4a, 0xaf, 0x00, 0x00, 0x00, 0x00,
  0x55, 0xaa, 0x55, 0x03, 0x7f, 0x7f, 0x00, 0x02, 0x7f, 0x7f, 0x00, 0x02, 0x75, 0xd7, 0x4e, 0x0d, 0x81, 0xe0, 0x4a, 0xd0, 0x87, 0xe9, 0x4e, 0xff,
  0x81, 0xe0, 0x4b, 0xff, 0x82, 0xe1, 0x4b, 0xff, 0x7f, 0xdd, 0x49, 0xee, 0x7f, 0xdf, 0x4a, 0x18, 0xf9, 0xf9, 0xf9, 0xb3, 0xfa, 0xfa, 0xfa, 0xe2,
  0x00, 0x00, 0x00, 0x00, 0x00, 0x00, 0x00, 0x00, 0x01, 0x01, 0x01, 0x00, 0x00, 0x00, 0x00, 0x00, 0x00, 0x00, 0x00, 0x00, 0x00, 0x00, 0x00, 0x00,
  0x00, 0x00, 0x00, 0x00, 0x00, 0x00, 0x00, 0x00, 0x00, 0x00, 0x00, 0x00, 0x00, 0x00, 0x00, 0x00, 0x00, 0x00, 0x00, 0x00, 0x00, 0x00, 0x00, 0x00,
  0x00, 0x00, 0x00, 0x00, 0x00, 0x00, 0x00, 0x00, 0x00, 0x00, 0x00, 0x00, 0x00, 0x00, 0x00, 0x00, 0x00, 0x00, 0x00, 0x00, 0x00, 0x00, 0x00, 0x00,
  0x00, 0x00, 0x00, 0x00, 0x00, 0x00, 0x00, 0x00, 0xf9, 0xf9, 0xf9, 0xdf, 0xf9, 0xf9, 0xf9, 0xb1, 0x00, 0x00, 0x00, 0x00, 0xff, 0xff, 0xff, 0x03,
  0x00, 0x00, 0x00, 0x00, 0x00, 0x00, 0x00, 0x00, 0x00, 0x00, 0x00, 0x00, 0x00, 0x00, 0x00, 0x00, 0x00, 0x00, 0x00, 0x00, 0xff, 0xff, 0xff, 0x02,
  0x00, 0x00, 0x00, 0x00, 0xff, 0xff, 0xff, 0x27, 0xf9, 0xf9, 0xf9, 0xf8, 0xff, 0xff, 0xff, 0xfc, 0xfa, 0xfa, 0xfa, 0x38, 0xff, 0xff, 0xff, 0x01,
  0xff, 0xff, 0xff, 0x04, 0xff, 0xff, 0xff, 0x01, 0xff, 0xff, 0xff, 0x01, 0xff, 0xff, 0xff, 0x01, 0xff, 0xff, 0xff, 0x01, 0xff, 0xff, 0xff, 0x01,
  0xff, 0xff, 0xff, 0x01, 0x00, 0x00, 0x00, 0x00, 0xff, 0xff, 0xff, 0x04, 0x00, 0x00, 0x00, 0x00, 0xfa, 0xfa, 0xfa, 0x72, 0xff, 0xff, 0xff, 0xff,
  0xf9, 0xf9, 0xf9, 0xf6, 0xf9, 0xf9, 0xf9, 0xec, 0xf9, 0xf9, 0xf9, 0xec, 0xf9, 0xf9, 0xf9, 0xec, 0xf9, 0xf9, 0xf9, 0xec, 0xf9, 0xf9, 0xf9, 0xec,
  0xf9, 0xf9, 0xf9, 0xec, 0xf9, 0xf9, 0xf9, 0xec, 0xf9, 0xf9, 0xf9, 0xef, 0xff, 0xff, 0xff, 0xff, 0xf9, 0xf9, 0xf9, 0xf1, 0xff, 0xff, 0xff, 0x10,
  0x00, 0x00, 0x00, 0x00, 0xff, 0xff, 0xff, 0x01, 0x00, 0x00, 0x00, 0x00, 0xaa, 0xaa, 0xaa, 0x03, 0x00, 0x00, 0x00, 0x00, 0xf9, 0xf9, 0xf9, 0xb2,
  0xff, 0xff, 0xff, 0xfc, 0xff, 0xff, 0xff, 0xfe, 0xfc, 0xfc, 0xfc, 0x73, 0x00, 0x00, 0x00, 0x00, 0xff, 0xff, 0xff, 0x04, 0xff, 0xff, 0xff, 0x04,
  0xff, 0xff, 0xff, 0x01, 0xf8, 0xf8, 0xf8, 0x53, 0xfe, 0xfe, 0xfe, 0xff, 0xfd, 0xfd, 0xfd, 0xfc, 0xf8, 0xf8, 0xf8, 0xd0, 0xff, 0xff, 0xff, 0x02,
  0xff, 0xff, 0xff, 0x01, 0x00, 0x00, 0x00, 0x00, 0x00, 0x00, 0x00, 0x00, 0xff, 0xff, 0xff, 0x01, 0x00, 0x00, 0x00, 0x00, 0xf9, 0xf9, 0xf9, 0xc8,
  0xff, 0xff, 0xff, 0xfc, 0xf9, 0xf9, 0xf9, 0xf2, 0xf9, 0xf9, 0xf9, 0xec, 0xf9, 0xf9, 0xf9, 0xec, 0xf9, 0xf9, 0xf9, 0xec, 0xf9, 0xf9, 0xf9, 0xec,
  0xf9, 0xf9, 0xf9, 0xec, 0xf9, 0xf9, 0xf9, 0xec, 0xf9, 0xf9, 0xf9, 0xea, 0xff, 0xff, 0xff, 0xec, 0xfa, 0xfa, 0xfa, 0xbf, 0x00, 0x00, 0x00, 0x00,
  0x00, 0x00, 0x00, 0x00, 0xfa, 0xfa, 0xfa, 0xa9, 0xff, 0xff, 0xff, 0xfc, 0xfa, 0xfa, 0xfa, 0x9b, 0xff, 0xff, 0xff, 0x01, 0xff, 0xff, 0xff, 0x05,
  0xff, 0xff, 0xff, 0x01, 0xff, 0xff, 0xff, 0x04, 0x00, 0x00, 0x00, 0x00, 0xfa, 0xfa, 0xfa, 0x33, 0xfb, 0xfb, 0xfb, 0xf4, 0xff, 0xff, 0xff, 0xff,
  0xfb, 0xfb, 0xfb, 0xd2, 0xff, 0xff, 0xff, 0x0f, 0xaa, 0xff, 0xaa, 0x03, 0x00, 0x00, 0x00, 0x00, 0x7f, 0xdd, 0x49, 0x72, 0x8f, 0xf7, 0x52, 0xff,
  0x7f, 0xdd, 0x4a, 0xf8, 0x7f, 0xdd, 0x49, 0xec, 0x7f, 0xdd, 0x49, 0xec, 0x7f, 0xdd, 0x49, 0xec, 0x7f, 0xdd, 0x49, 0xec, 0x7f, 0xdd, 0x49, 0xec,
  0x7f, 0xdd, 0x49, 0xec, 0x7f, 0xdd, 0x49, 0xec, 0x80, 0xdd, 0x49, 0xef, 0x84, 0xe5, 0x4c, 0xff, 0x7f, 0xdd, 0x49, 0xf2, 0x7f, 0xd8, 0x4c, 0x14,
  0x00, 0x00, 0x00, 0x00, 0x7f, 0xe0, 0x4c, 0x32, 0x85, 0xe7, 0x4d, 0xff, 0x81, 0xdf, 0x4b, 0xff, 0x7f, 0xdd, 0x4a, 0xf4, 0x7f, 0xdd, 0x49, 0xec,
  0x7f, 0xdd, 0x4a, 0xec, 0x7f, 0xdd, 0x49, 0xec, 0x7f, 0xdd, 0x49, 0xec, 0x7f, 0xdd, 0x49, 0xec, 0x7f, 0xdd, 0x49, 0xec, 0x7f, 0xdd, 0x49, 0xec,
  0x7e, 0xdd, 0x49, 0xe9, 0x87, 0xe9, 0x4d, 0xec, 0x82, 0xdf, 0x4a, 0x52, 0x00, 0x00, 0x00, 0x00, 0x82, 0xdd, 0x49, 0x2d, 0x80, 0xde, 0x49, 0xfa,
  0x82, 0xe3, 0x4b, 0xfc, 0x7f, 0xe0, 0x47, 0x32, 0xff, 0xff, 0x00, 0x01, 0xaa, 0xff, 0x55, 0x03, 0xff, 0xff, 0x00, 0x01, 0x66, 0xcc, 0x33, 0x05,
  0x00, 0x00, 0x00, 0x00, 0x7f, 0xdc, 0x4a, 0x94, 0x88, 0xec, 0x4f, 0xff, 0x87, 0xea, 0x4e, 0xff, 0x7e, 0xdc, 0x4a, 0x75, 0x00, 0x00, 0x00, 0x00,
  0x00, 0xff, 0x00, 0x01, 0x7f, 0xd4, 0x55, 0x06, 0x80, 0xdf, 0x4a, 0xd8, 0x84, 0xe5, 0x4c, 0xfc, 0x80, 0xdd, 0x49, 0xf1, 0x7f, 0xdd, 0x49, 0xec,
  0x7f, 0xdd, 0x49, 0xec, 0x7f, 0xdd, 0x49, 0xec, 0x7f, 0xdd, 0x49, 0xec, 0x7f, 0xdd, 0x49, 0xec, 0x7f, 0xdd, 0x49, 0xec, 0x7e, 0xdd, 0x49, 0xe9,
  0x87, 0xe9, 0x4d, 0xec, 0x7f, 0xde, 0x4a, 0xae, 0x00, 0x00, 0x00, 0x00, 0x00, 0x00, 0x00, 0x00, 0x80, 0xdd, 0x49, 0xb9, 0x87, 0xea, 0x4d, 0xfc,
  0x7f, 0xde, 0x49, 0xf2, 0x7f, 0xdd, 0x49, 0xec, 0x7f, 0xdd, 0x49, 0xec, 0x7f, 0xdd, 0x49, 0xec, 0x7f, 0xdd, 0x49, 0xec, 0x7f, 0xdd, 0x49, 0xec,
  0x7f, 0xdd, 0x49, 0xec, 0x7f, 0xdd, 0x49, 0xea, 0x83, 0xe5, 0x4b, 0xec, 0x80, 0xdd, 0x49, 0xcc, 0x8d, 0xe2, 0x55, 0x09, 0x00, 0x00, 0x00, 0x00,
  0x7f, 0xdd, 0x49, 0x98, 0x8f, 0xf9, 0x52, 0xfc, 0x80, 0xdd, 0x49, 0xad, 0x00, 0x00, 0x00, 0x00, 0x55, 0xaa, 0x55, 0x03, 0x00, 0x00, 0x00, 0x00,
  0x7f, 0xff, 0x7f, 0x02, 0x00, 0x00, 0x00, 0x00, 0x7f, 0xd9, 0x4b, 0x22, 0x82, 0xe2, 0x4b, 0xe9, 0x83, 0xe3, 0x4b, 0xfd, 0x81, 0xe0, 0x4a, 0xfc,
  0x81, 0xde, 0x49, 0xeb, 0x7a, 0xe0, 0x47, 0x19, 0xf9, 0xf9, 0xf9, 0xad, 0xf9, 0xf9, 0xf9, 0xe8, 0xff, 0xff, 0xff, 0x01, 0x00, 0x00, 0x00, 0x00,
  0xaa, 0xff, 0x55, 0x03, 0x80, 0xdd, 0x49, 0x73, 0x84, 0xe5, 0x4b, 0x94, 0x7f, 0xdd, 0x49, 0x92, 0x7f, 0xde, 0x4a, 0x94, 0x80, 0xde, 0x49, 0x95,
  0x80, 0xde, 0x49, 0x95, 0x80, 0xde, 0x4a, 0x93, 0x80, 0xde, 0x4a, 0x93, 0x80, 0xde, 0x49, 0x95, 0x80, 0xde, 0x49, 0x95, 0x7f, 0xde, 0x4a, 0x94,
  0x81, 0xdf, 0x4b, 0x92, 0x84, 0xe5, 0x4b, 0x94, 0x7f, 0xde, 0x49, 0x76, 0x7f, 0xbf, 0x3f, 0x04, 0x00, 0x00, 0x00, 0x00, 0x00, 0x00, 0x00, 0x00,
  0xf9, 0xf9, 0xf9, 0xe5, 0xfa, 0xfa, 0xfa, 0xab, 0x00, 0x00, 0x00, 0x00, 0xff, 0xff, 0xff, 0x03, 0x00, 0x00, 0x00, 0x00, 0x00, 0x00, 0x00, 0x00,
  0x00, 0x00, 0x00, 0x00, 0x00, 0x00, 0x00, 0x00, 0x00, 0x00, 0x00, 0x00, 0xff, 0xff, 0xff, 0x02, 0x00, 0x00, 0x00, 0x00, 0xff, 0xff, 0xff, 0x29,
  0xff, 0xff, 0xff, 0xff, 0xff, 0xff, 0xff, 0xff, 0xf6, 0xf6, 0xf6, 0x3b, 0x00, 0x00, 0x00, 0x00, 0xff, 0xff, 0xff, 0x03, 0x00, 0x00, 0x00, 0x00,
  0x00, 0x00, 0x00, 0x00, 0x00, 0x00, 0x00, 0x00, 0x00, 0x00, 0x00, 0x00, 0x00, 0x00, 0x00, 0x00, 0x00, 0x00, 0x00, 0x00, 0x00, 0x00, 0x00, 0x00,
  0xff, 0xff, 0xff, 0x01, 0xff, 0xff, 0xff, 0x01, 0xff, 0xff, 0xff, 0x13, 0xfc, 0xfc, 0xfc, 0xc8, 0xff, 0xff, 0xff, 0xff, 0xff, 0xff, 0xff, 0xff,
  0xff, 0xff, 0xff, 0xff, 0xff, 0xff, 0xff, 0xff, 0xff, 0xff, 0xff, 0xff, 0xff, 0xff, 0xff, 0xff, 0xff, 0xff, 0xff, 0xff, 0xff, 0xff, 0xff, 0xff,
  0xff, 0xff, 0xff, 0xff, 0xfd, 0xfd, 0xfd, 0xfc, 0xfa, 0xfa, 0xfa, 0x6e, 0x00, 0x00, 0x00, 0x00, 0xff, 0xff, 0xff, 0x03, 0x00, 0x00, 0x00, 0x00,
  0x00, 0x00, 0x00, 0x00, 0xff, 0xff, 0xff, 0x04, 0xff, 0xff, 0xff, 0x01, 0xfb, 0xfb, 0xfb, 0x54, 0xff, 0xff, 0xff, 0xff, 0xfa, 0xfa, 0xfa, 0xfe,
  0xf7, 0xf7, 0xf7, 0x20, 0x00, 0x00, 0x00, 0x00, 0xff, 0xff, 0xff, 0x02, 0xff, 0xff, 0xff, 0x01, 0x00, 0x00, 0x00, 0x00, 0xff, 0xff, 0xff, 0x0c,
  0xfa, 0xfa, 0xfa, 0xe8, 0xff, 0xff, 0xff, 0xff, 0xfa, 0xfa, 0xfa, 0x76, 0x00, 0x00, 0x00, 0x00, 0xff, 0xff, 0xff, 0x04, 0x00, 0x00, 0x00, 0x00,
  0x00, 0x00, 0x00, 0x00, 0xff, 0xff, 0xff, 0x01, 0x00, 0x00, 0x00, 0x00, 0xfa, 0xfa, 0xfa, 0xd6, 0xff, 0xff, 0xff, 0xff, 0xff, 0xff, 0xff, 0xff,
  0xff, 0xff, 0xff, 0xff, 0xff, 0xff, 0xff, 0xff, 0xff, 0xff, 0xff, 0xff, 0xff, 0xff, 0xff, 0xff, 0xff, 0xff, 0xff, 0xff, 0xff, 0xff, 0xff, 0xff,
  0xff, 0xff, 0xff, 0xff, 0xff, 0xff, 0xff, 0xff, 0xfa, 0xfa, 0xfa, 0xdd, 0x00, 0x00, 0x00, 0x00, 0x00, 0x00, 0x00, 0x00, 0xfa, 0xfa, 0xfa, 0xb4,
  0xff, 0xff, 0xff, 0xff, 0xfa, 0xfa, 0xfa, 0xa5, 0x00, 0x00, 0x00, 0x00, 0xff, 0xff, 0xff, 0x04, 0x00, 0x00, 0x00, 0x00, 0x00, 0x00, 0x00, 0x00,
  0xff, 0xff, 0xff, 0x04, 0x00, 0x00, 0x00, 0x00, 0xf8, 0xf8, 0xf8, 0x52, 0xfd, 0xfd, 0xfd, 0xff, 0xff, 0xff, 0xff, 0xff, 0xf9, 0xf9, 0xf9, 0xbe,
  0xff, 0xff, 0xff, 0x02, 0x00, 0x00, 0x01, 0x00, 0x78, 0xd6, 0x43, 0x13, 0x81, 0xe0, 0x4a, 0xc7, 0x89, 0xed, 0x4f, 0xff, 0x88, 0xed, 0x4f, 0xff,
  0x89, 0xed, 0x4f, 0xff, 0x89, 0xed, 0x4f, 0xff, 0x89, 0xed, 0x4f, 0xff, 0x89, 0xed, 0x4f, 0xff, 0x89, 0xed, 0x4f, 0xff, 0x89, 0xed, 0x4f, 0xff,
  0x88, 0xec, 0x4f, 0xff, 0x85, 0xe7, 0x4c, 0xfc, 0x81, 0xdf, 0x4b, 0x70, 0x00, 0x00, 0x00, 0x00, 0x7f, 0xff, 0x3f, 0x04, 0xff, 0xff, 0x00, 0x01,
  0x7f, 0xdd, 0x49, 0x96, 0x87, 0xeb, 0x4e, 0xff, 0x87, 0xeb, 0x4e, 0xff, 0x89, 0xed, 0x4f, 0xff, 0x89, 0xed, 0x4f, 0xff, 0x89, 0xed, 0x4f, 0xff,
  0x89, 0xed, 0x4f, 0xff, 0x89, 0xed, 0x4f, 0xff, 0x89, 0xed, 0x4f, 0xff, 0x89, 0xed, 0x4f, 0xff, 0x87, 0xea, 0x4e, 0xff, 0x90, 0xfa, 0x53, 0xff,
  0x80, 0xde, 0x4b, 0x5f, 0x00, 0x00, 0x00, 0x00, 0x7f, 0xdf, 0x4a, 0x30, 0x86, 0xe8, 0x4d, 0xff, 0x8a, 0xf0, 0x50, 0xff, 0x7d, 0xdd, 0x48, 0x35,
  0x00, 0x00, 0x00, 0x00, 0x7f, 0xff, 0x7f, 0x02, 0x00, 0x00, 0x00, 0x00, 0x00, 0xff, 0x00, 0x01, 0xaa, 0xff, 0x55, 0x03, 0xff, 0xff, 0x00, 0x01,
  0x80, 0xdf, 0x49, 0xb4, 0x8b, 0xf1, 0x51, 0xff, 0x8c, 0xf4, 0x51, 0xff, 0x7f, 0xdf, 0x4a, 0x52, 0x00, 0x00, 0x00, 0x00, 0x71, 0xe2, 0x55, 0x09,
  0x80, 0xdd, 0x49, 0xe7, 0x8b, 0xf1, 0x50, 0xff, 0x87, 0xea, 0x4e, 0xff, 0x89, 0xed, 0x4f, 0xff, 0x89, 0xed, 0x4f, 0xff, 0x89, 0xed, 0x4f, 0xff,
  0x89, 0xed, 0x4f, 0xff, 0x89, 0xed, 0x4f, 0xff, 0x89, 0xed, 0x4f, 0xff, 0x87, 0xea, 0x4e, 0xff, 0x90, 0xfa, 0x53, 0xff, 0x80, 0xde, 0x4a, 0xc9,
  0x00, 0x00, 0x00, 0x00, 0x00, 0x00, 0x00, 0x00, 0x80, 0xde, 0x49, 0xc5, 0x8e, 0xf6, 0x52, 0xff, 0x86, 0xe8, 0x4d, 0xff, 0x89, 0xed, 0x4f, 0xff,
  0x89, 0xed, 0x4f, 0xff, 0x89, 0xed, 0x4f, 0xff, 0x89, 0xed, 0x4f, 0xff, 0x89, 0xed, 0x4f, 0xff, 0x89, 0xed, 0x4f, 0xff, 0x88, 0xeb, 0x4e, 0xff,
  0x8d, 0xf5, 0x51, 0xff, 0x80, 0xdd, 0x49, 0xec, 0x7f, 0xe5, 0x4c, 0x0a, 0x00, 0x00, 0x00, 0x00, 0x7f, 0xdd, 0x49, 0xa2, 0x98, 0xff, 0x57, 0xff,
  0x80, 0xdd, 0x4a, 0xb8, 0x00, 0x00, 0x00, 0x00, 0x55, 0xaa, 0x55, 0x03, 0x00, 0x00, 0x00, 0x00, 0x00, 0x00, 0x00, 0x00, 0xaa, 0xff, 0x55, 0x03,
  0x00, 0x00, 0x00, 0x00, 0x7d, 0xd9, 0x47, 0x3d, 0x84, 0xe4, 0x4b, 0xf9, 0x8a, 0xf0, 0x50, 0xff, 0x7f, 0xdd, 0x49, 0xfa, 0x7f, 0xe1, 0x44, 0x1a,
  0xf9, 0xf9, 0xf9, 0x8a, 0xfb, 0xfb, 0xfb, 0xfb, 0xff, 0xff, 0xff, 0x13, 0xff, 0xff, 0xff, 0x02, 0x7f, 0xd4, 0x55, 0x06, 0x80, 0xdd, 0x49, 0xcf,
  0x85, 0xe7, 0x4d, 0xff, 0x80, 0xdd, 0x4a, 0xfe, 0x80, 0xde, 0x4a, 0xfd, 0x7f, 0xdd, 0x4a, 0xfe, 0x80, 0xdd, 0x4a, 0xfe, 0x80, 0xdd, 0x4a, 0xfe,
  0x80, 0xdd, 0x4a, 0xfe, 0x80, 0xdd, 0x4a, 0xfe, 0x7f, 0xdd, 0x4a, 0xfe, 0x80, 0xde, 0x4a, 0xfd, 0x7f, 0xde, 0x4a, 0xff, 0x85, 0xe6, 0x4d, 0xff,
  0x80, 0xdd, 0x4a, 0xd5, 0x8d, 0xe2, 0x55, 0x09, 0xff, 0xff, 0xff, 0x02, 0xff, 0xff, 0xff, 0x0e, 0xfb, 0xfb, 0xfb, 0xfa, 0xfb, 0xfb, 0xfb, 0x89,
  0x00, 0x00, 0x00, 0x00, 0xff, 0xff, 0xff, 0x04, 0x00, 0x00, 0x00, 0x00, 0x00, 0x00, 0x00, 0x00, 0x00, 0x00, 0x00, 0x00, 0x00, 0x00, 0x00, 0x00,
  0x00, 0x00, 0x00, 0x00, 0xff, 0xff, 0xff, 0x01, 0x00, 0x00, 0x00, 0x00, 0xff, 0xff, 0xff, 0x0c, 0xf8, 0xf8, 0xf8, 0x50, 0xff, 0xff, 0xff, 0x51,
  0xff, 0xff, 0xff, 0x12, 0x00, 0x00, 0x00, 0x00, 0xff, 0xff, 0xff, 0x01, 0x00, 0x00, 0x00, 0x00, 0x00, 0x00, 0x00, 0x00, 0x00, 0x00, 0x00, 0x00,
  0x00, 0x00, 0x00, 0x00, 0x00, 0x00, 0x00, 0x00, 0x00, 0x00, 0x00, 0x00, 0x00, 0x00, 0x00, 0x00, 0x00, 0x00, 0x00, 0x00, 0xff, 0xff, 0xff, 0x01,
  0x00, 0x00, 0x00, 0x00, 0xff, 0xff, 0xff, 0x07, 0xfb, 0xfb, 0xfb, 0x45, 0xfb, 0xfb, 0xfb, 0x50, 0xfb, 0xfb, 0xfb, 0x4f, 0xf8, 0xf8, 0xf8, 0x50,
  0xf8, 0xf8, 0xf8, 0x50, 0xf8, 0xf8, 0xf8, 0x50, 0xf8, 0xf8, 0xf8, 0x50, 0xfb, 0xfb, 0xfb, 0x4f, 0xfb, 0xfb, 0xfb, 0x4f, 0xf9, 0xf9, 0xf9, 0x2d,
  0x00, 0x00, 0x00, 0x00, 0xff, 0xff, 0xff, 0x01, 0x00, 0x00, 0x00, 0x00, 0x00, 0x00, 0x00, 0x00, 0x00, 0x00, 0x00, 0x00, 0x00, 0x00, 0x00, 0x00,
  0x00, 0x00, 0x00, 0x00, 0xff, 0xff, 0xff, 0x08, 0xff, 0xff, 0xff, 0x51, 0xfb, 0xfb, 0xfb, 0x42, 0x00, 0x00, 0x00, 0x00, 0x00, 0x00, 0x00, 0x00,
  0x00, 0x00, 0x00, 0x00, 0x00, 0x00, 0x00, 0x00, 0xff, 0xff, 0xff, 0x01, 0x00, 0x00, 0x00, 0x00, 0xfa, 0xfa, 0xfa, 0x37, 0xff, 0xff, 0xff, 0x52,
  0xff, 0xff, 0xff, 0x10, 0x00, 0x00, 0x00, 0x00, 0xff, 0xff, 0xff, 0x01, 0x00, 0x00, 0x00, 0x00, 0x00, 0x00, 0x00, 0x00, 0x00, 0x00, 0x00, 0x00,
  0x00, 0x00, 0x00, 0x00, 0xfb, 0xfb, 0xfb, 0x40, 0xfb, 0xfb, 0xfb, 0x52, 0xf8, 0xf8, 0xf8, 0x50, 0xf8, 0xf8, 0xf8, 0x50, 0xf8, 0xf8, 0xf8, 0x50,
  0xf8, 0xf8, 0xf8, 0x50, 0xf8, 0xf8, 0xf8, 0x50, 0xf8, 0xf8, 0xf8, 0x50, 0xf8, 0xf8, 0xf8, 0x50, 0xfb, 0xfb, 0xfb, 0x4f, 0xfb, 0xfb, 0xfb, 0x51,
  0xfb, 0xfb, 0xfb, 0x41, 0x00, 0x00, 0x00, 0x00, 0x00, 0x00, 0x00, 0x00, 0xfa, 0xfa, 0xfa, 0x36, 0xff, 0xff, 0xff, 0x53, 0xf9, 0xf9, 0xf9, 0x32,
  0x00, 0x00, 0x00, 0x00, 0xff, 0xff, 0xff, 0x01, 0x00, 0x00, 0x00, 0x00, 0x00, 0x00, 0x00, 0x00, 0x00, 0x00, 0x00, 0x00, 0xff, 0xff, 0xff, 0x02,
  0x00, 0x00, 0x00, 0x00, 0xfa, 0xfa, 0xfa, 0x3c, 0xff, 0xff, 0xff, 0x51, 0xfb, 0xfb, 0xfb, 0x4d, 0xff, 0xff, 0xff, 0x03, 0x00, 0x00, 0x00, 0x00,
  0x00, 0x00, 0x00, 0x00, 0x7f, 0xd4, 0x55, 0x06, 0x87, 0xe8, 0x4e, 0x44, 0x82, 0xe2, 0x49, 0x50, 0x81, 0xde, 0x4a, 0x4f, 0x7f, 0xdf, 0x49, 0x50,
  0x7f, 0xdf, 0x49, 0x50, 0x7f, 0xdf, 0x49, 0x50, 0x7f, 0xdf, 0x49, 0x50, 0x7f, 0xdb, 0x49, 0x50, 0x84, 0xe5, 0x4d, 0x4f, 0x7f, 0xdc, 0x4b, 0x2c,
  0x00, 0x00, 0x00, 0x00, 0xff, 0xff, 0x00, 0x01, 0x00, 0xff, 0x00, 0x01, 0x00, 0x00, 0x00, 0x00, 0x00, 0x00, 0x00, 0x00, 0x7f, 0xdf, 0x48, 0x38,
  0x82, 0xe5, 0x4c, 0x50, 0x81, 0xde, 0x4a, 0x4f, 0x7f, 0xdf, 0x49, 0x50, 0x7f, 0xdf, 0x49, 0x50, 0x7f, 0xdf, 0x49, 0x50, 0x7f, 0xdf, 0x49, 0x50,
  0x7f, 0xdf, 0x49, 0x50, 0x7f, 0xdf, 0x49, 0x50, 0x81, 0xde, 0x4a, 0x4f, 0x84, 0xe5, 0x4b, 0x51, 0x7f, 0xda, 0x48, 0x1c, 0x00, 0x00, 0x00, 0x00,
  0x7f, 0xec, 0x48, 0x0e, 0x7f, 0xdf, 0x49, 0x50, 0x84, 0xe2, 0x4b, 0x51, 0x7f, 0xdf, 0x4f, 0x10, 0x00, 0x00, 0x00, 0x00, 0x00, 0xff, 0x00, 0x01,
  0x00, 0x00, 0x00, 0x00, 0x00, 0x00, 0x00, 0x00, 0xff, 0xff, 0x00, 0x01, 0x00, 0x00, 0x00, 0x00, 0x7f, 0xe9, 0x3f, 0x0c, 0x82, 0xe2, 0x4c, 0x50,
  0x88, 0xec, 0x4d, 0x52, 0x7f, 0xdd, 0x48, 0x2e, 0x00, 0x00, 0x00, 0x00, 0xaa, 0xff, 0x55, 0x03, 0x7f, 0xde, 0x48, 0x46, 0x84, 0xe5, 0x4b, 0x51,
  0x7f, 0xdb, 0x49, 0x50, 0x7f, 0xdf, 0x49, 0x50, 0x7f, 0xdf, 0x49, 0x50, 0x7f, 0xdf, 0x49, 0x50, 0x7f, 0xdf, 0x49, 0x50, 0x7f, 0xdf, 0x49, 0x50,
  0x7f, 0xdf, 0x49, 0x50, 0x81, 0xde, 0x4a, 0x4f, 0x84, 0xe5, 0x4b, 0x51, 0x81, 0xdc, 0x49, 0x3b, 0x00, 0x00, 0x00, 0x00, 0x00, 0x00, 0x00, 0x00,
  0x81, 0xe0, 0x49, 0x3b, 0x85, 0xe6, 0x4d, 0x52, 0x81, 0xde, 0x4a, 0x4f, 0x7f, 0xdf, 0x49, 0x50, 0x7f, 0xdf, 0x49, 0x50, 0x7f, 0xdf, 0x49, 0x50,
  0x7f, 0xdf, 0x49, 0x50, 0x7f, 0xdf, 0x49, 0x50, 0x7f, 0xdf, 0x49, 0x50, 0x81, 0xde, 0x4a, 0x4f, 0x82, 0xe5, 0x4c, 0x50, 0x81, 0xdd, 0x49, 0x45,
  0xaa, 0xff, 0x55, 0x03, 0x00, 0x00, 0x00, 0x00, 0x7c, 0xdf, 0x48, 0x31, 0x8d, 0xf2, 0x4f, 0x53, 0x7f, 0xda, 0x48, 0x38, 0x00, 0x00, 0x00, 0x00,
  0x00, 0xff, 0x00, 0x01, 0x00, 0x00, 0x00, 0x00, 0x00, 0x00, 0x00, 0x00, 0x00, 0x00, 0x00, 0x00, 0x7f, 0xff, 0x7f, 0x02, 0x00, 0x00, 0x00, 0x00,
  0x7f, 0xdc, 0x49, 0x34, 0x88, 0xef, 0x4d, 0x52, 0x7d, 0xdd, 0x47, 0x4b, 0x7f, 0xdf, 0x3f, 0x08, 0xfa, 0xfa, 0xfa, 0x39, 0xff, 0xff, 0xff, 0xff,
  0xf8, 0xf8, 0xf8, 0x73, 0x00, 0x00, 0x00, 0x00, 0xff, 0xff, 0xff, 0x06, 0xbf, 0xff, 0x7f, 0x04, 0x9c, 0xff, 0x62, 0x0d, 0x8d, 0xe2, 0x55, 0x09,
  0x7f, 0xd8, 0x4c, 0x14, 0x86, 0xe4, 0x50, 0x13, 0x86, 0xe4, 0x50, 0x13, 0x86, 0xe4, 0x50, 0x13, 0x86, 0xe4, 0x50, 0x13, 0x86, 0xe4, 0x50, 0x13,
  0x86, 0xe4, 0x50, 0x13, 0x7f, 0xd8, 0x4c, 0x14, 0x8d, 0xe2, 0x55, 0x09, 0x9c, 0xff, 0x62, 0x0d, 0xbf, 0xff, 0x7f, 0x04, 0xff, 0xff, 0xff, 0x06,
  0x00, 0x00, 0x00, 0x00, 0xfa, 0xfa, 0xfa, 0x69, 0xff, 0xff, 0xff, 0xff, 0xfa, 0xfa, 0xfa, 0x3c, 0x00, 0x00, 0x00, 0x00, 0xff, 0xff, 0xff, 0x03,
  0x00, 0x00, 0x00, 0x00, 0x00, 0x00, 0x00, 0x00, 0x00, 0x00, 0x00, 0x00, 0x00, 0x00, 0x00, 0x00, 0x00, 0x00, 0x00, 0x00, 0x00, 0x00, 0x00, 0x00,
  0x00, 0x00, 0x00, 0x00, 0x00, 0x00, 0x00, 0x00, 0x00, 0x00, 0x00, 0x00, 0x00, 0x00, 0x00, 0x00, 0x00, 0x00, 0x00, 0x00, 0x00, 0x00, 0x00, 0x00,
  0x00, 0x00, 0x00, 0x00, 0x00, 0x00, 0x00, 0x00, 0x00, 0x00, 0x00, 0x00, 0x00, 0x00, 0x00, 0x00, 0x00, 0x00, 0x00, 0x00, 0x00, 0x00, 0x00, 0x00,
  0x00, 0x00, 0x00, 0x00, 0x00, 0x00, 0x00, 0x00, 0x00, 0x00, 0x00, 0x00, 0x00, 0x00, 0x00, 0x00, 0xff, 0xff, 0xff, 0x01, 0x00, 0x00, 0x00, 0x00,
  0x00, 0x00, 0x00, 0x00, 0x00, 0x00, 0x00, 0x00, 0x00, 0x00, 0x00, 0x00, 0x00, 0x00, 0x00, 0x00, 0x00, 0x00, 0x00, 0x00, 0x00, 0x00, 0x00, 0x00,
  0x00, 0x00, 0x00, 0x00, 0x00, 0x00, 0x00, 0x00, 0x00, 0x00, 0x00, 0x00, 0x00, 0x00, 0x00, 0x00, 0xff, 0xff, 0xff, 0x02, 0x00, 0x00, 0x00, 0x00,
  0x00, 0x00, 0x00, 0x00, 0x00, 0x00, 0x00, 0x00, 0x00, 0x00, 0x00, 0x00, 0x00, 0x00, 0x00, 0x00, 0x00, 0x00, 0x00, 0x00, 0x00, 0x00, 0x00, 0x00,
  0x00, 0x00, 0x00, 0x00, 0x00, 0x00, 0x00, 0x00, 0xff, 0xff, 0xff, 0x01, 0x00, 0x00, 0x00, 0x00, 0x00, 0x00, 0x00, 0x00, 0x00, 0x00, 0x00, 0x00,
  0x00, 0x00, 0x00, 0x00, 0xff, 0xff, 0xff, 0x01, 0x00, 0x00, 0x00, 0x00, 0x00, 0x00, 0x00, 0x00, 0x00, 0x00, 0x00, 0x00, 0x00, 0x00, 0x00, 0x00,
  0x00, 0x00, 0x00, 0x00, 0x00, 0x00, 0x00, 0x00, 0x00, 0x00, 0x00, 0x00, 0x00, 0x00, 0x00, 0x00, 0x00, 0x00, 0x00, 0x00, 0x00, 0x00, 0x00, 0x00,
  0x00, 0x00, 0x00, 0x00, 0x00, 0x00, 0x00, 0x00, 0x00, 0x00, 0x00, 0x00, 0x00, 0x00, 0x00, 0x00, 0x00, 0x00, 0x00, 0x00, 0x00, 0x00, 0x00, 0x00,
  0x00, 0x00, 0x00, 0x00, 0x00, 0x00, 0x00, 0x00, 0x00, 0x00, 0x00, 0x00, 0x00, 0x00, 0x00, 0x00, 0x00, 0x00, 0x00, 0x00, 0x00, 0x00, 0x00, 0x00,
  0x00, 0x00, 0x00, 0x00, 0x00, 0x00, 0x00, 0x00, 0x00, 0x00, 0x00, 0x00, 0x00, 0x00, 0x00, 0x00, 0x00, 0x00, 0x00, 0x00, 0x00, 0x00, 0x00, 0x00,
  0x00, 0x00, 0x00, 0x00, 0x00, 0x00, 0x00, 0x00, 0x00, 0x00, 0x00, 0x00, 0x00, 0x00, 0x00, 0x00, 0xff, 0xff, 0xff, 0x02, 0x00, 0x00, 0x00, 0x00,
  0x00, 0x00, 0x00, 0x00, 0x00, 0x00, 0x00, 0x00, 0x00, 0x00, 0x00, 0x00, 0x00, 0x00, 0x00, 0x00, 0x00, 0xff, 0x00, 0x01, 0x00, 0x00, 0x00, 0x00,
  0x00, 0x00, 0x00, 0x00, 0x00, 0x00, 0x00, 0x00, 0x00, 0x00, 0x00, 0x00, 0x00, 0x00, 0x00, 0x00, 0x00, 0x00, 0x00, 0x00, 0x00, 0x00, 0x00, 0x00,
  0x00, 0x00, 0x00, 0x00, 0x00, 0x00, 0x00, 0x00, 0x00, 0x00, 0x00, 0x00, 0x00, 0x00, 0x00, 0x00, 0x7f, 0x7f, 0x00, 0x02, 0x00, 0x00, 0x00, 0x00,
  0x00, 0x00, 0x00, 0x00, 0x00, 0x00, 0x00, 0x00, 0xff, 0xff, 0x00, 0x01, 0x00, 0x00, 0x00, 0x00, 0x00, 0x00, 0x00, 0x00, 0x00, 0x00, 0x00, 0x00,
  0x00, 0x00, 0x00, 0x00, 0x00, 0x00, 0x00, 0x00, 0x00, 0x00, 0x00, 0x00, 0x00, 0x00, 0x00, 0x00, 0x00, 0x00, 0x00, 0x00, 0x00, 0x00, 0x00, 0x00,
  0x00, 0x00, 0x00, 0x00, 0x00, 0x00, 0x00, 0x00, 0x00, 0x00, 0x00, 0x00, 0x00, 0x00, 0x00, 0x00, 0x00, 0x00, 0x00, 0x00, 0x00, 0x00, 0x00, 0x00,
  0x00, 0x00, 0x00, 0x00, 0x00, 0x00, 0x00, 0x00, 0x00, 0x00, 0x00, 0x00, 0x00, 0x00, 0x00, 0x00, 0x00, 0x00, 0x00, 0x00, 0x00, 0x00, 0x00, 0x00,
  0x00, 0x00, 0x00, 0x00, 0x00, 0x00, 0x00, 0x01, 0x00, 0x00, 0x00, 0x00, 0x00, 0x00, 0x00, 0x00, 0x00, 0x00, 0x00, 0x00, 0x00, 0x00, 0x00, 0x00,
  0x00, 0x00, 0x00, 0x00, 0x00, 0x00, 0x00, 0x00, 0x00, 0x00, 0x00, 0x00, 0x00, 0x00, 0x00, 0x00, 0x00, 0x00, 0x00, 0x00, 0x00, 0x00, 0x00, 0x00,
  0x00, 0x00, 0x00, 0x00, 0x00, 0x00, 0x00, 0x00, 0x00, 0x00, 0x00, 0x00, 0x00, 0x00, 0x00, 0x00, 0x00, 0x00, 0x00, 0x00, 0x00, 0x00, 0x00, 0x00,
  0x00, 0x00, 0x00, 0x00, 0x00, 0x00, 0x00, 0x00, 0x00, 0x00, 0x00, 0x00, 0x00, 0x00, 0x00, 0x00, 0x00, 0x00, 0x00, 0x00, 0x00, 0x00, 0x00, 0x00,
  0x00, 0x00, 0x00, 0x00, 0x00, 0x00, 0x00, 0x00, 0x00, 0x00, 0x00, 0x00, 0x00, 0x00, 0x00, 0x00, 0x00, 0x00, 0x00, 0x00, 0x00, 0x00, 0x00, 0x00,
  0x00, 0x00, 0x00, 0x00, 0x00, 0x00, 0x00, 0x00, 0x00, 0x00, 0x00, 0x00, 0x00, 0x00, 0x00, 0x00, 0x00, 0x00, 0x00, 0x00, 0x00, 0x00, 0x00, 0x00,
  0x00, 0x00, 0x00, 0x00, 0x00, 0x00, 0x00, 0x00, 0x00, 0x00, 0x00, 0x00, 0x00, 0x00, 0x00, 0x00, 0x00, 0x00, 0x00, 0x00, 0x00, 0x00, 0x00, 0x00,
  0x00, 0x00, 0x00, 0x00, 0x00, 0x00, 0x00, 0x00, 0x00, 0x00, 0x00, 0x00, 0x7f, 0xff, 0x7f, 0x02, 0x00, 0x00, 0x00, 0x00, 0x00, 0x00, 0x00, 0x00,
  0x00, 0x00, 0x00, 0x00, 0x00, 0x00, 0x00, 0x00, 0x00, 0x00, 0x00, 0x00, 0xfa, 0xfa, 0xfa, 0xb4, 0xfc, 0xfc, 0xfc, 0xfc, 0xf5, 0xf5, 0xf5, 0x36,
  0x00, 0x00, 0x00, 0x00, 0x00, 0x00, 0x00, 0x00, 0x00, 0x00, 0x00, 0x00, 0x7e, 0xde, 0x47, 0x95, 0x85, 0xe9, 0x4c, 0xef, 0x7f, 0xde, 0x49, 0xea,
  0x7f, 0xdd, 0x48, 0xee, 0x7f, 0xdd, 0x48, 0xee, 0x7f, 0xdd, 0x48, 0xee, 0x7f, 0xdd, 0x48, 0xee, 0x7f, 0xde, 0x49, 0xea, 0x86, 0xe8, 0x4c, 0xef,
  0x7f, 0xde, 0x47, 0x9c, 0x00, 0x00, 0x00, 0x00, 0x00, 0x00, 0x00, 0x00, 0x00, 0x00, 0x00, 0x00, 0xf9, 0xf9, 0xf9, 0x30, 0xfc, 0xfc, 0xfc, 0xf8,
  0xf9, 0xf9, 0xf9, 0xbe, 0xff, 0xff, 0xff, 0x01, 0xff, 0xff, 0xff, 0x02, 0x00, 0x00, 0x00, 0x00, 0x00, 0x00, 0x00, 0x00, 0x00, 0x00, 0x00, 0x00,
  0x00, 0x00, 0x00, 0x00, 0x00, 0x00, 0x00, 0x00, 0x00, 0x00, 0x00, 0x00, 0x00, 0x00, 0x00, 0x00, 0x00, 0x00, 0x00, 0x00, 0xff, 0xff, 0xff, 0x01,
  0xff, 0xff, 0xff, 0x03, 0xff, 0xff, 0xff, 0x03, 0xff, 0xff, 0xff, 0x01, 0x00, 0x00, 0x00, 0x00, 0x00, 0x00, 0x00, 0x00, 0x00, 0x00, 0x00, 0x00,
  0x00, 0x00, 0x00, 0x00, 0x00, 0x00, 0x00, 0x00, 0x00, 0x00, 0x00, 0x00, 0x00, 0x00, 0x00, 0x00, 0x00, 0x00, 0x00, 0x00, 0x00, 0x00, 0x00, 0x00,
  0x00, 0x00, 0x00, 0x00, 0x00, 0x00, 0x00, 0x00, 0x00, 0x00, 0x00, 0x00, 0xff, 0xff, 0xff, 0x01, 0xff, 0xff, 0xff, 0x03, 0xff, 0xff, 0xff, 0x03,
  0xff, 0xff, 0xff, 0x03, 0xff, 0xff, 0xff, 0x03, 0xff, 0xff, 0xff, 0x03, 0xff, 0xff, 0xff, 0x03, 0xff, 0xff, 0xff, 0x03, 0xff, 0xff, 0xff, 0x03,
  0xff, 0xff, 0xff, 0x03, 0xff, 0xff, 0xff, 0x02, 0x00, 0x00, 0x00, 0x00, 0x00, 0x00, 0x00, 0x00, 0x00, 0x00, 0x00, 0x00, 0x00, 0x00, 0x00, 0x00,
  0x00, 0x00, 0x00, 0x00, 0x00, 0x00, 0x00, 0x00, 0x00, 0x00, 0x00, 0x00, 0xff, 0xff, 0xff, 0x01, 0xff, 0xff, 0xff, 0x03, 0xff, 0xff, 0xff, 0x03,
  0x00, 0x00, 0x00, 0x00, 0x00, 0x00, 0x00, 0x00, 0x00, 0x00, 0x00, 0x00, 0x00, 0x00, 0x00, 0x00, 0x00, 0x00, 0x00, 0x00, 0x00, 0x00, 0x00, 0x00,
  0xff, 0xff, 0xff, 0x02, 0xff, 0xff, 0xff, 0x03, 0xff, 0xff, 0xff, 0x01, 0x00, 0x00, 0x00, 0x00, 0x00, 0x00, 0x00, 0x00, 0x00, 0x00, 0x00, 0x00,
  0x00, 0x00, 0x00, 0x00, 0x00, 0x00, 0x00, 0x00, 0x00, 0x00, 0x00, 0x00, 0xff, 0xff, 0xff, 0x03, 0xff, 0xff, 0xff, 0x03, 0xff, 0xff, 0xff, 0x03,
  0xff, 0xff, 0xff, 0x03, 0xff, 0xff, 0xff, 0x03, 0xff, 0xff, 0xff, 0x03, 0xff, 0xff, 0xff, 0x03, 0xff, 0xff, 0xff, 0x03, 0xff, 0xff, 0xff, 0x03,
  0xff, 0xff, 0xff, 0x03, 0xff, 0xff, 0xff, 0x03, 0xff, 0xff, 0xff, 0x03, 0x00, 0x00, 0x00, 0x00, 0x00, 0x00, 0x00, 0x00, 0xff, 0xff, 0xff, 0x02,
  0xff, 0xff, 0xff, 0x03, 0xff, 0xff, 0xff, 0x02, 0x00, 0x00, 0x00, 0x00, 0x00, 0x00, 0x00, 0x00, 0x00, 0x00, 0x00, 0x00, 0x00, 0x00, 0x00, 0x00,
  0x00, 0x00, 0x00, 0x00, 0x00, 0x00, 0x00, 0x00, 0x00, 0x00, 0x00, 0x00, 0xff, 0xff, 0xff, 0x03, 0xff, 0xff, 0xff, 0x03, 0xff, 0xff, 0xff, 0x03,
  0x00, 0x00, 0x00, 0x00, 0x00, 0x00, 0x00, 0x00, 0x00, 0x00, 0x00, 0x00, 0x00, 0xff, 0x00, 0x01, 0xaa, 0xff, 0x55, 0x03, 0xaa, 0xff, 0x55, 0x03,
  0xaa, 0xff, 0x55, 0x03, 0xaa, 0xff, 0x55, 0x03, 0xaa, 0xff, 0x55, 0x03, 0xaa, 0xff, 0x55, 0x03, 0xaa, 0xff, 0x55, 0x03, 0xaa, 0xff, 0x55, 0x03,
  0xaa, 0xff, 0x55, 0x03, 0x7f, 0xff, 0x7f, 0x02, 0x00, 0x00, 0x00, 0x00, 0x00, 0x00, 0x00, 0x00, 0x00, 0x00, 0x00, 0x00, 0x00, 0x00, 0x00, 0x00,
  0x00, 0x00, 0x00, 0x00, 0x55, 0xaa, 0x55, 0x03, 0xaa, 0xff, 0x55, 0x03, 0xaa, 0xff, 0x55, 0x03, 0xaa, 0xff, 0x55, 0x03, 0xaa, 0xff, 0x55, 0x03,
  0xaa, 0xff, 0x55, 0x03, 0xaa, 0xff, 0x55, 0x03, 0xaa, 0xff, 0x55, 0x03, 0xaa, 0xff, 0x55, 0x03, 0xaa, 0xff, 0x55, 0x03, 0xaa, 0xff, 0x55, 0x03,
  0xff, 0xff, 0x00, 0x01, 0x00, 0x00, 0x00, 0x00, 0x00, 0xff, 0x00, 0x01, 0xaa, 0xff, 0x55, 0x03, 0xaa, 0xff, 0x55, 0x03, 0x00, 0xff, 0x00, 0x01,
  0x00, 0x00, 0x00, 0x00, 0x00, 0x00, 0x00, 0x00, 0x00, 0x00, 0x00, 0x00, 0x00, 0x00, 0x00, 0x00, 0x00, 0x00, 0x00, 0x00, 0x00, 0x00, 0x00, 0x00,
  0x00, 0xff, 0x00, 0x01, 0xaa, 0xff, 0x55, 0x03, 0xaa, 0xff, 0x55, 0x03, 0x7f, 0x7f, 0x00, 0x02, 0x00, 0x00, 0x00, 0x00, 0x00, 0x00, 0x00, 0x00,
  0x55, 0xff, 0x55, 0x03, 0xaa, 0xff, 0x55, 0x03, 0xaa, 0xff, 0x55, 0x03, 0xaa, 0xff, 0x55, 0x03, 0xaa, 0xff, 0x55, 0x03, 0xaa, 0xff, 0x55, 0x03,
  0xaa, 0xff, 0x55, 0x03, 0xaa, 0xff, 0x55, 0x03, 0xaa, 0xff, 0x55, 0x03, 0xaa, 0xff, 0x55, 0x03, 0xaa, 0xff, 0x55, 0x03, 0x7f, 0xff, 0x7f, 0x02,
  0x00, 0x00, 0x00, 0x00, 0x00, 0x00, 0x00, 0x00, 0x7f, 0xff, 0x7f, 0x02, 0xaa, 0xff, 0x55, 0x03, 0xaa, 0xff, 0x55, 0x03, 0xaa, 0xff, 0x55, 0x03,
  0xaa, 0xff, 0x55, 0x03, 0xaa, 0xff, 0x55, 0x03, 0xaa, 0xff, 0x55, 0x03, 0xaa, 0xff, 0x55, 0x03, 0xaa, 0xff, 0x55, 0x03, 0xaa, 0xff, 0x55, 0x03,
  0xaa, 0xff, 0x55, 0x03, 0x55, 0xff, 0x55, 0x03, 0x00, 0x00, 0x00, 0x00, 0x00, 0x00, 0x00, 0x00, 0x7f, 0xff, 0x7f, 0x02, 0xaa, 0xff, 0x55, 0x03,
  0x7f, 0xff, 0x7f, 0x02, 0x00, 0x00, 0x00, 0x00, 0x00, 0x00, 0x00, 0x00, 0x00, 0x00, 0x00, 0x00, 0x00, 0x00, 0x00, 0x00, 0x00, 0x00, 0x00, 0x00,
  0x00, 0x00, 0x00, 0x00, 0x00, 0x00, 0x00, 0x00, 0x7f, 0xff, 0x7f, 0x02, 0xaa, 0xff, 0x55, 0x03, 0xaa, 0xff, 0x55, 0x03, 0x00, 0x00, 0x00, 0x00,
  0xff, 0xff, 0xff, 0x01, 0xf2, 0xf2, 0xf2, 0x15, 0xfb, 0xfb, 0xfb, 0xda, 0xff, 0xff, 0xff, 0xff, 0xfa, 0xfa, 0xfa, 0x77, 0xef, 0xf7, 0xef, 0x20,
  0xff, 0xff, 0xbf, 0x04, 0x7e, 0xde, 0x47, 0x67, 0x85, 0xe8, 0x4b, 0xa8, 0x7d, 0xdc, 0x49, 0xa4, 0x7f, 0xdd, 0x48, 0xa6, 0x7f, 0xdd, 0x48, 0xa6,
  0x7f, 0xdd, 0x48, 0xa6, 0x7f, 0xdd, 0x48, 0xa6, 0x7d, 0xdc, 0x49, 0xa4, 0x85, 0xe8, 0x4b, 0xa8, 0x7f, 0xdd, 0x49, 0x6c, 0xbf, 0xff, 0xbf, 0x04,
  0xf6, 0xff, 0xf6, 0x1e, 0xfa, 0xfa, 0xfa, 0x73, 0xff, 0xff, 0xff, 0xff, 0xfb, 0xfb, 0xfb, 0xdf, 0xff, 0xff, 0xff, 0x19, 0xff, 0xff, 0xff, 0x01,
  0xff, 0xff, 0xff, 0x02, 0x00, 0x00, 0x00, 0x00, 0x00, 0x00, 0x00, 0x00, 0x00, 0x00, 0x00, 0x00, 0x00, 0x00, 0x00, 0x00, 0x00, 0x00, 0x00, 0x00,
  0x00, 0x00, 0x00, 0x00, 0x00, 0x00, 0x00, 0x00, 0x00, 0x00, 0x00, 0x00, 0x00, 0x00, 0x00, 0x00, 0x00, 0x00, 0x00, 0x00, 0x00, 0x00, 0x00, 0x00,
  0x00, 0x00, 0x00, 0x00, 0x00, 0x00, 0x00, 0x00, 0x00, 0x00, 0x00, 0x00, 0x00, 0x00, 0x00, 0x00, 0x00, 0x00, 0x00, 0x00, 0x00, 0x00, 0x00, 0x00,
  0x00, 0x00, 0x00, 0x00, 0x00, 0x00, 0x00, 0x00, 0x00, 0x00, 0x00, 0x00, 0x00, 0x00, 0x00, 0x00, 0x00, 0x00, 0x00, 0x00, 0x00, 0x00, 0x00, 0x00,
  0x00, 0x00, 0x00, 0x00, 0x00, 0x00, 0x00, 0x00, 0x00, 0x00, 0x00, 0x00, 0x00, 0x00, 0x00, 0x00, 0x00, 0x00, 0x00, 0x00, 0x00, 0x00, 0x00, 0x00,
  0x00, 0x00, 0x00, 0x00, 0x00, 0x00, 0x00, 0x00, 0x00, 0x00, 0x00, 0x00, 0x00, 0x00, 0x00, 0x00, 0x00, 0x00, 0x00, 0x00, 0x00, 0x00, 0x00, 0x00,
  0x00, 0x00, 0x00, 0x00, 0x00, 0x00, 0x00, 0x00, 0x00, 0x00, 0x00, 0x00, 0x00, 0x00, 0x00, 0x00, 0x00, 0x00, 0x00, 0x00, 0x00, 0x00, 0x00, 0x00,
  0x00, 0x00, 0x00, 0x00, 0x00, 0x00, 0x00, 0x00, 0x00, 0x00, 0x00, 0x00, 0x00, 0x00, 0x00, 0x00, 0x00, 0x00, 0x00, 0x00, 0x00, 0x00, 0x00, 0x00,
  0x00, 0x00, 0x00, 0x00, 0x00, 0x00, 0x00, 0x00, 0x00, 0x00, 0x00, 0x00, 0x00, 0x00, 0x00, 0x00, 0x00, 0x00, 0x00, 0x00, 0x00, 0x00, 0x00, 0x00,
  0x00, 0x00, 0x00, 0x00, 0x00, 0x00, 0x00, 0x00, 0x00, 0x00, 0x00, 0x00, 0x00, 0x00, 0x00, 0x00, 0x00, 0x00, 0x00, 0x00, 0x00, 0x00, 0x00, 0x00,
  0x00, 0x00, 0x00, 0x00, 0x00, 0x00, 0x00, 0x00, 0x00, 0x00, 0x00, 0x00, 0x00, 0x00, 0x00, 0x00, 0x00, 0x00, 0x00, 0x00, 0x00, 0x00, 0x00, 0x00,
  0x00, 0x00, 0x00, 0x00, 0x00, 0x00, 0x00, 0x00, 0x00, 0x00, 0x00, 0x00, 0x00, 0x00, 0x00, 0x00, 0x00, 0x00, 0x00, 0x00, 0x00, 0x00, 0x00, 0x00,
  0x00, 0x00, 0x00, 0x00, 0x00, 0x00, 0x00, 0x00, 0x00, 0x00, 0x00, 0x00, 0x00, 0x00, 0x00, 0x00, 0x00, 0x00, 0x00, 0x00, 0x00, 0x00, 0x00, 0x00,
  0x00, 0x00, 0x00, 0x00, 0x00, 0x00, 0x00, 0x00, 0x00, 0x00, 0x00, 0x00, 0x00, 0x00, 0x00, 0x00, 0x00, 0x00, 0x00, 0x00, 0x00, 0x00, 0x00, 0x00,
  0x00, 0x00, 0x00, 0x00, 0x00, 0x00, 0x00, 0x00, 0x00, 0x00, 0x00, 0x00, 0x00, 0x00, 0x00, 0x00, 0x00, 0x00, 0x00, 0x00, 0x00, 0x00, 0x00, 0x00,
  0x00, 0x00, 0x00, 0x00, 0x00, 0x00, 0x00, 0x00, 0x00, 0x00, 0x00, 0x00, 0x00, 0x00, 0x00, 0x00, 0x00, 0x00, 0x00, 0x00, 0x00, 0x00, 0x00, 0x00,
  0x00, 0x00, 0x00, 0x00, 0x00, 0x00, 0x00, 0x00, 0x00, 0x00, 0x00, 0x00, 0x00, 0x00, 0x00, 0x00, 0x00, 0x00, 0x00, 0x00, 0x00, 0x00, 0x00, 0x00,
  0x00, 0x00, 0x00, 0x00, 0x00, 0x00, 0x00, 0x00, 0x00, 0x00, 0x00, 0x00, 0x00, 0x00, 0x00, 0x00, 0x00, 0x00, 0x00, 0x00, 0x00, 0x00, 0x00, 0x00,
  0x00, 0x00, 0x00, 0x00, 0x00, 0x00, 0x00, 0x00, 0x00, 0x00, 0x00, 0x00, 0x00, 0x00, 0x00, 0x00, 0x00, 0x00, 0x00, 0x00, 0x00, 0x00, 0x00, 0x00,
  0x00, 0x00, 0x00, 0x00, 0x00, 0x00, 0x00, 0x00, 0x00, 0x00, 0x00, 0x00, 0x00, 0x00, 0x00, 0x00, 0x00, 0x00, 0x00, 0x00, 0x00, 0x00, 0x00, 0x00,
  0x00, 0x00, 0x00, 0x00, 0x00, 0x00, 0x00, 0x00, 0x00, 0x00, 0x00, 0x00, 0x00, 0x00, 0x00, 0x00, 0x00, 0x00, 0x00, 0x00, 0x00, 0x00, 0x00, 0x00,
  0x00, 0x00, 0x00, 0x00, 0x00, 0x00, 0x00, 0x00, 0x00, 0x00, 0x00, 0x00, 0x00, 0x00, 0x00, 0x00, 0x00, 0x00, 0x00, 0x00, 0x00, 0x00, 0x00, 0x00,
  0x00, 0x00, 0x00, 0x00, 0x00, 0x00, 0x00, 0x00, 0x00, 0x00, 0x00, 0x00, 0x00, 0x00, 0x00, 0x00, 0x00, 0x00, 0x00, 0x00, 0x00, 0x00, 0x00, 0x00,
  0x00, 0x00, 0x00, 0x00, 0x00, 0x00, 0x00, 0x00, 0x00, 0x00, 0x00, 0x00, 0x00, 0x00, 0x00, 0x00, 0x00, 0x00, 0x00, 0x00, 0x00, 0x00, 0x00, 0x00,
  0x00, 0x00, 0x00, 0x00, 0x00, 0x00, 0x00, 0x00, 0x00, 0x00, 0x00, 0x00, 0x00, 0x00, 0x00, 0x00, 0x00, 0x00, 0x00, 0x00, 0x00, 0x00, 0x00, 0x00,
  0x00, 0x00, 0x00, 0x00, 0x00, 0x00, 0x00, 0x00, 0x00, 0x00, 0x00, 0x00, 0x00, 0x00, 0x00, 0x00, 0x00, 0x00, 0x00, 0x00, 0x00, 0x00, 0x00, 0x00,
  0x00, 0x00, 0x00, 0x00, 0x00, 0x00, 0x00, 0x00, 0x00, 0x00, 0x00, 0x00, 0x00, 0x00, 0x00, 0x00, 0x00, 0x00, 0x00, 0x00, 0x00, 0x00, 0x00, 0x00,
  0x00, 0x00, 0x00, 0x00, 0x00, 0x00, 0x00, 0x00, 0x00, 0x00, 0x00, 0x00, 0x00, 0x00, 0x00, 0x00, 0x00, 0x00, 0x00, 0x00, 0x00, 0x00, 0x00, 0x00,
  0x00, 0x00, 0x00, 0x00, 0x00, 0x00, 0x00, 0x00, 0x00, 0x00, 0x00, 0x00, 0x00, 0x00, 0x00, 0x00, 0x00, 0x00, 0x00, 0x00, 0x00, 0x00, 0x00, 0x00,
  0x00, 0x00, 0x00, 0x00, 0x00, 0x00, 0x00, 0x00, 0x00, 0x00, 0x00, 0x00, 0x00, 0x00, 0x00, 0x00, 0x7f, 0x7f, 0x7f, 0x02, 0x00, 0x00, 0x00, 0x00,
  0xff, 0xff, 0xff, 0x17, 0xfc, 0xfc, 0xfc, 0xab, 0xff, 0xff, 0xff, 0xff, 0xff, 0xff, 0xff, 0xff, 0xfa, 0xfa, 0xfa, 0xea, 0xff, 0xfb, 0xff, 0xd5,
  0xff, 0xfa, 0xff, 0xd3, 0xff, 0xfc, 0xff, 0xd2, 0xff, 0xfc, 0xff, 0xd2, 0xff, 0xfc, 0xff, 0xd2, 0xff, 0xfc, 0xff, 0xd2, 0xff, 0xfc, 0xff, 0xd2,
  0xff, 0xfc, 0xff, 0xd2, 0xff, 0xfa, 0xff, 0xd3, 0xff, 0xfb, 0xff, 0xd5, 0xf9, 0xf9, 0xf9, 0xea, 0xff, 0xff, 0xff, 0xff, 0xff, 0xff, 0xff, 0xff,
  0xfc, 0xfc, 0xfc, 0xb0, 0xf5, 0xf5, 0xf5, 0x1b, 0x00, 0x00, 0x00, 0x00, 0xff, 0xff, 0xff, 0x01, 0x00, 0x00, 0x00, 0x00, 0x00, 0x00, 0x00, 0x00,
  0x00, 0x00, 0x00, 0x00, 0x00, 0x00, 0x00, 0x00, 0x00, 0x00, 0x00, 0x00, 0x00, 0x00, 0x00, 0x00, 0x00, 0x00, 0x00, 0x00, 0x00, 0x00, 0x00, 0x00,
  0x00, 0x00, 0x00, 0x00, 0x00, 0x00, 0x00, 0x00, 0x00, 0x00, 0x00, 0x00, 0x00, 0x00, 0x00, 0x00, 0x00, 0x00, 0x00, 0x00, 0x00, 0x00, 0x00, 0x00,
  0x00, 0x00, 0x00, 0x00, 0x00, 0x00, 0x00, 0x00, 0x00, 0x00, 0x00, 0x00, 0x00, 0x00, 0x00, 0x00, 0x00, 0x00, 0x00, 0x00, 0x00, 0x00, 0x00, 0x00,
  0x00, 0x00, 0x00, 0x00, 0x00, 0x00, 0x00, 0x00, 0x00, 0x00, 0x00, 0x00, 0x00, 0x00, 0x00, 0x00, 0x00, 0x00, 0x00, 0x00, 0x00, 0x00, 0x00, 0x00,
  0x00, 0x00, 0x00, 0x00, 0x00, 0x00, 0x00, 0x00, 0x00, 0x00, 0x00, 0x00, 0x00, 0x00, 0x00, 0x00, 0x00, 0x00, 0x00, 0x00, 0x00, 0x00, 0x00, 0x00,
  0x00, 0x00, 0x00, 0x00, 0x00, 0x00, 0x00, 0x00, 0x00, 0x00, 0x00, 0x00, 0x00, 0x00, 0x00, 0x00, 0x00, 0x00, 0x00, 0x00, 0x00, 0x00, 0x00, 0x00,
  0x00, 0x00, 0x00, 0x00, 0x00, 0x00, 0x00, 0x00, 0x00, 0x00, 0x00, 0x00, 0x00, 0x00, 0x00, 0x00, 0x00, 0x00, 0x00, 0x00, 0x00, 0x00, 0x00, 0x00,
  0x00, 0x00, 0x00, 0x00, 0x00, 0x00, 0x00, 0x00, 0x00, 0x00, 0x00, 0x00, 0x00, 0x00, 0x00, 0x00, 0x00, 0x00, 0x00, 0x00, 0x00, 0x00, 0x00, 0x00,
  0x00, 0x00, 0x00, 0x00, 0x00, 0x00, 0x00, 0x00, 0x00, 0x00, 0x00, 0x00, 0x00, 0x00, 0x00, 0x00, 0x00, 0x00, 0x00, 0x00, 0x00, 0x00, 0x00, 0x00,
  0x00, 0x00, 0x00, 0x00, 0x00, 0x00, 0x00, 0x00, 0x00, 0x00, 0x00, 0x00, 0x00, 0x00, 0x00, 0x00, 0x00, 0x00, 0x00, 0x00, 0x00, 0x00, 0x00, 0x00,
  0x00, 0x00, 0x00, 0x00, 0x00, 0x00, 0x00, 0x00, 0x00, 0x00, 0x00, 0x00, 0x00, 0x00, 0x00, 0x00, 0x00, 0x00, 0x00, 0x00, 0x00, 0x00, 0x00, 0x00,
  0x00, 0x00, 0x00, 0x00, 0x00, 0x00, 0x00, 0x00, 0x00, 0x00, 0x00, 0x00, 0x00, 0x00, 0x00, 0x00, 0x00, 0x00, 0x00, 0x00, 0x00, 0x00, 0x00, 0x00,
  0x00, 0x00, 0x00, 0x00, 0x00, 0x00, 0x00, 0x00, 0x00, 0x00, 0x00, 0x00, 0x00, 0x00, 0x00, 0x00, 0x00, 0x00, 0x00, 0x00, 0x00, 0x00, 0x00, 0x00,
  0x00, 0x00, 0x00, 0x00, 0x00, 0x00, 0x00, 0x00, 0x00, 0x00, 0x00, 0x00, 0x00, 0x00, 0x00, 0x00, 0x00, 0x00, 0x00, 0x00, 0x00, 0x00, 0x00, 0x00,
  0x00, 0x00, 0x00, 0x00, 0x00, 0x00, 0x00, 0x00, 0x00, 0x00, 0x00, 0x00, 0x00, 0x00, 0x00, 0x00, 0x00, 0x00, 0x00, 0x00, 0x00, 0x00, 0x00, 0x00,
  0x00, 0x00, 0x00, 0x00, 0x00, 0x00, 0x00, 0x00, 0x00, 0x00, 0x00, 0x00, 0x00, 0x00, 0x00, 0x00, 0x00, 0x00, 0x00, 0x00, 0x00, 0x00, 0x00, 0x00,
  0x00, 0x00, 0x00, 0x00, 0x00, 0x00, 0x00, 0x00, 0x00, 0x00, 0x00, 0x00, 0x00, 0x00, 0x00, 0x00, 0x00, 0x00, 0x00, 0x00, 0x00, 0x00, 0x00, 0x00,
  0x00, 0x00, 0x00, 0x00, 0x00, 0x00, 0x00, 0x00, 0x00, 0x00, 0x00, 0x00, 0x00, 0x00, 0x00, 0x00, 0x00, 0x00, 0x00, 0x00, 0x00, 0x00, 0x00, 0x00,
  0x00, 0x00, 0x00, 0x00, 0x00, 0x00, 0x00, 0x00, 0x00, 0x00, 0x00, 0x00, 0x00, 0x00, 0x00, 0x00, 0x00, 0x00, 0x00, 0x00, 0x00, 0x00, 0x00, 0x00,
  0x00, 0x00, 0x00, 0x00, 0x00, 0x00, 0x00, 0x00, 0x00, 0x00, 0x00, 0x00, 0x00, 0x00, 0x00, 0x00, 0x00, 0x00, 0x00, 0x00, 0x00, 0x00, 0x00, 0x00,
  0x00, 0x00, 0x00, 0x00, 0x00, 0x00, 0x00, 0x00, 0x00, 0x00, 0x00, 0x00, 0x00, 0x00, 0x00, 0x00, 0x00, 0x00, 0x00, 0x00, 0x00, 0x00, 0x00, 0x00,
  0x00, 0x00, 0x00, 0x00, 0x00, 0x00, 0x00, 0x00, 0x00, 0x00, 0x00, 0x00, 0x00, 0x00, 0x00, 0x00, 0x00, 0x00, 0x00, 0x00, 0x00, 0x00, 0x00, 0x00,
  0x00, 0x00, 0x00, 0x00, 0x00, 0x00, 0x00, 0x00, 0x00, 0x00, 0x00, 0x00, 0x00, 0x00, 0x00, 0x00, 0x00, 0x00, 0x00, 0x00, 0x00, 0x00, 0x00, 0x00,
  0x00, 0x00, 0x00, 0x00, 0x00, 0x00, 0x00, 0x00, 0x00, 0x00, 0x00, 0x00, 0x00, 0x00, 0x00, 0x00, 0x00, 0x00, 0x00, 0x00, 0x00, 0x00, 0x00, 0x00,
  0x00, 0x00, 0x00, 0x00, 0x00, 0x00, 0x00, 0x00, 0x00, 0x00, 0x00, 0x00, 0x00, 0x00, 0x00, 0x00, 0x00, 0x00, 0x00, 0x00, 0x00, 0x00, 0x00, 0x00,
  0x00, 0x00, 0x00, 0x00, 0x00, 0x00, 0x00, 0x00, 0x00, 0x00, 0x00, 0x00, 0x00, 0x00, 0x00, 0x00, 0x00, 0x00, 0x00, 0x00, 0x00, 0x00, 0x00, 0x00,
  0x00, 0x00, 0x00, 0x00, 0x00, 0x00, 0x00, 0x00, 0x00, 0x00, 0x00, 0x00, 0x00, 0x00, 0x00, 0x00, 0x00, 0x00, 0x00, 0x00, 0x00, 0x00, 0x00, 0x00,
  0x00, 0x00, 0x00, 0x00, 0x00, 0x00, 0x00, 0x00, 0x00, 0x00, 0x00, 0x00, 0x00, 0x00, 0x00, 0x00, 0x00, 0x00, 0x00, 0x00, 0x00, 0x00, 0x00, 0x00,
  0x00, 0x00, 0x00, 0x00, 0x00, 0x00, 0x00, 0x00, 0x00, 0x00, 0x00, 0x00, 0x00, 0x00, 0x00, 0x00, 0x00, 0x00, 0x00, 0x00, 0x00, 0x00, 0x00, 0x00,
  0x00, 0x00, 0x00, 0x00, 0x00, 0x00, 0x00, 0x00, 0x00, 0x00, 0x00, 0x00, 0xff, 0xff, 0xff, 0x02, 0x00, 0x00, 0x00, 0x00, 0x00, 0x00, 0x00, 0x00,
  0xff, 0xff, 0xff, 0x3c, 0xfd, 0xfd, 0xfd, 0x86, 0xfc, 0xfc, 0xfc, 0xaa, 0xf8, 0xf9, 0xf6, 0xb7, 0xf6, 0xf9, 0xf6, 0xb7, 0xf6, 0xf9, 0xf6, 0xb7,
  0xf8, 0xf9, 0xf6, 0xb7, 0xf8, 0xf9, 0xf6, 0xb7, 0xf8, 0xf9, 0xf6, 0xb7, 0xf8, 0xf9, 0xf6, 0xb7, 0xf6, 0xf9, 0xf6, 0xb7, 0xf6, 0xf9, 0xf6, 0xb7,
  0xf8, 0xf9, 0xf6, 0xb7, 0xfc, 0xfc, 0xfc, 0xab, 0xfd, 0xfd, 0xfd, 0x87, 0xfa, 0xfa, 0xfa, 0x3f, 0x00, 0x00, 0x00, 0x00, 0x00, 0x00, 0x00, 0x00,
  0xff, 0xff, 0xff, 0x02, 0x00, 0x00, 0x00, 0x00, 0x00, 0x00, 0x00, 0x00, 0x00, 0x00, 0x00, 0x00, 0x00, 0x00, 0x00, 0x00, 0x00, 0x00, 0x00, 0x00,
  0x00, 0x00, 0x00, 0x00, 0x00, 0x00, 0x00, 0x00, 0x00, 0x00, 0x00, 0x00, 0x00, 0x00, 0x00, 0x00, 0x00, 0x00, 0x00, 0x00, 0x00, 0x00, 0x00, 0x00,
  0x00, 0x00, 0x00, 0x00, 0x00, 0x00, 0x00, 0x00, 0x00, 0x00, 0x00, 0x00, 0x00, 0x00, 0x00, 0x00, 0x00, 0x00, 0x00, 0x00, 0x00, 0x00, 0x00, 0x00,
  0x00, 0x00, 0x00, 0x00, 0x00, 0x00, 0x00, 0x00, 0x00, 0x00, 0x00, 0x00, 0x00, 0x00, 0x00, 0x00, 0x00, 0x00, 0x00, 0x00, 0x00, 0x00, 0x00, 0x00,
  0x00, 0x00, 0x00, 0x00, 0x00, 0x00, 0x00, 0x00, 0x00, 0x00, 0x00, 0x00, 0x00, 0x00, 0x00, 0x00, 0x00, 0x00, 0x00, 0x00, 0x00, 0x00, 0x00, 0x00,
  0x00, 0x00, 0x00, 0x00, 0x00, 0x00, 0x00, 0x00, 0x00, 0x00, 0x00, 0x00, 0x00, 0x00, 0x00, 0x00, 0x00, 0x00, 0x00, 0x00, 0x00, 0x00, 0x00, 0x00,
  0x00, 0x00, 0x00, 0x00, 0x00, 0x00, 0x00, 0x00, 0x00, 0x00, 0x00, 0x00, 0x00, 0x00, 0x00, 0x00, 0x00, 0x00, 0x00, 0x00, 0x00, 0x00, 0x00, 0x00,
  0x00, 0x00, 0x00, 0x00, 0x00, 0x00, 0x00, 0x00, 0x00, 0x00, 0x00, 0x00, 0x00, 0x00, 0x00, 0x00, 0x00, 0x00, 0x00, 0x00, 0x00, 0x00, 0x00, 0x00,
  0x00, 0x00, 0x00, 0x00, 0x00, 0x00, 0x00, 0x00, 0x00, 0x00, 0x00, 0x00, 0x00, 0x00, 0x00, 0x00, 0x00, 0x00, 0x00, 0x00, 0x00, 0x00, 0x00, 0x00,
  0x00, 0x00, 0x00, 0x00, 0x00, 0x00, 0x00, 0x00, 0x00, 0x00, 0x00, 0x00, 0x00, 0x00, 0x00, 0x00, 0x00, 0x00, 0x00, 0x00, 0x00, 0x00, 0x00, 0x00,
  0x00, 0x00, 0x00, 0x00, 0x00, 0x00, 0x00, 0x00, 0x00, 0x00, 0x00, 0x00, 0x00, 0x00, 0x00, 0x00, 0x00, 0x00, 0x00, 0x00, 0x00, 0x00, 0x00, 0x00,
  0x00, 0x00, 0x00, 0x00, 0x00, 0x00, 0x00, 0x00, 0x00, 0x00, 0x00, 0x00, 0x00, 0x00, 0x00, 0x00, 0x00, 0x00, 0x00, 0x00, 0x00, 0x00, 0x00, 0x00,
  0x00, 0x00, 0x00, 0x00, 0x00, 0x00, 0x00, 0x00, 0x00, 0x00, 0x00, 0x00, 0x00, 0x00, 0x00, 0x00, 0x00, 0x00, 0x00, 0x00, 0x00, 0x00, 0x00, 0x00,
  0x00, 0x00, 0x00, 0x00, 0x00, 0x00, 0x00, 0x00, 0x00, 0x00, 0x00, 0x00, 0x00, 0x00, 0x00, 0x00, 0x00, 0x00, 0x00, 0x00, 0x00, 0x00, 0x00, 0x00,
  0x00, 0x00, 0x00, 0x00, 0x00, 0x00, 0x00, 0x00, 0x00, 0x00, 0x00, 0x00, 0x00, 0x00, 0x00, 0x00, 0x00, 0x00, 0x00, 0x00, 0x00, 0x00, 0x00, 0x00,
  0x00, 0x00, 0x00, 0x00, 0x00, 0x00, 0x00, 0x00, 0x00, 0x00, 0x00, 0x00, 0x00, 0x00, 0x00, 0x00, 0x00, 0x00, 0x00, 0x00, 0x00, 0x00, 0x00, 0x00,
  0x00, 0x00, 0x00, 0x00, 0x00, 0x00, 0x00, 0x00, 0x00, 0x00, 0x00, 0x00, 0x00, 0x00, 0x00, 0x00, 0x00, 0x00, 0x00, 0x00, 0x00, 0x00, 0x00, 0x00,
  0x00, 0x00, 0x00, 0x00, 0x00, 0x00, 0x00, 0x00, 0x00, 0x00, 0x00, 0x00, 0x00, 0x00, 0x00, 0x00, 0x00, 0x00, 0x00, 0x00, 0x00, 0x00, 0x00, 0x00,
  0x00, 0x00, 0x00, 0x00, 0x00, 0x00, 0x00, 0x00, 0x00, 0x00, 0x00, 0x00, 0x00, 0x00, 0x00, 0x00, 0x00, 0x00, 0x00, 0x00, 0x00, 0x00, 0x00, 0x00,
  0x00, 0x00, 0x00, 0x00, 0x00, 0x00, 0x00, 0x00, 0x00, 0x00, 0x00, 0x00, 0x00, 0x00, 0x00, 0x00, 0x00, 0x00, 0x00, 0x00, 0x00, 0x00, 0x00, 0x00,
  0x00, 0x00, 0x00, 0x00, 0x00, 0x00, 0x00, 0x00, 0x00, 0x00, 0x00, 0x00, 0x00, 0x00, 0x00, 0x00, 0x00, 0x00, 0x00, 0x00, 0x00, 0x00, 0x00, 0x00,
  0x00, 0x00, 0x00, 0x00, 0x00, 0x00, 0x00, 0x00, 0x00, 0x00, 0x00, 0x00, 0x00, 0x00, 0x00, 0x00, 0x00, 0x00, 0x00, 0x00, 0x00, 0x00, 0x00, 0x00,
  0x00, 0x00, 0x00, 0x00, 0x00, 0x00, 0x00, 0x00, 0x00, 0x00, 0x00, 0x00, 0x00, 0x00, 0x00, 0x00, 0x00, 0x00, 0x00, 0x00, 0x00, 0x00, 0x00, 0x00,
  0x00, 0x00, 0x00, 0x00, 0x00, 0x00, 0x00, 0x00, 0x00, 0x00, 0x00, 0x00, 0x00, 0x00, 0x00, 0x00, 0x00, 0x00, 0x00, 0x00, 0x00, 0x00, 0x00, 0x00,
  0x00, 0x00, 0x00, 0x00, 0x00, 0x00, 0x00, 0x00, 0x00, 0x00, 0x00, 0x00, 0x00, 0x00, 0x00, 0x00, 0x00, 0x00, 0x00, 0x00, 0x00, 0x00, 0x00, 0x00,
  0x00, 0x00, 0x00, 0x00, 0x00, 0x00, 0x00, 0x00, 0x00, 0x00, 0x00, 0x00, 0x00, 0x00, 0x00, 0x00, 0x00, 0x00, 0x00, 0x00, 0x00, 0x00, 0x00, 0x00,
  0x00, 0x00, 0x00, 0x00, 0x00, 0x00, 0x00, 0x00, 0x00, 0x00, 0x00, 0x00, 0x00, 0x00, 0x00, 0x00, 0x00, 0x00, 0x00, 0x00, 0x00, 0x00, 0x00, 0x00,
  0x00, 0x00, 0x00, 0x00, 0x00, 0x00, 0x00, 0x00, 0x00, 0x00, 0x00, 0x00, 0x00, 0x00, 0x00, 0x00, 0x00, 0x00, 0x00, 0x00, 0x00, 0x00, 0x00, 0x00,
  0x00, 0x00, 0x00, 0x00, 0x00, 0x00, 0x00, 0x00, 0x00, 0x00, 0x00, 0x00, 0x00, 0x00, 0x00, 0x00, 0x00, 0x00, 0x00, 0x00, 0x00, 0x00, 0x00, 0x00,
  0x00, 0x00, 0x00, 0x00, 0x00, 0x00, 0x00, 0x00, 0x00, 0x00, 0x00, 0x00, 0x00, 0x00, 0x00, 0x00, 0x00, 0x00, 0x00, 0x00, 0x00, 0x00, 0x00, 0x00,
};

const lv_img_dsc_t ui_logo = {
  .header.cf = LV_IMG_CF_TRUE_COLOR_ALPHA,
  .header.always_zero = 0,
  .header.reserved = 0,
  .header.w = 202,
  .header.h = 24,
  .data_size = 4848 * LV_IMG_PX_SIZE_ALPHA_BYTE,
  .data = ui_logo_map,
};
